,website_url,query,status,message_pt,attempts,name,dimensions_raw,price_raw,url,length_mm,width_mm,thickness_mm,price_value,currency,quantity,volume_m3,price_per_m3,nm_empresa,cidade,nm_mun,nm_uf,nu_latitude,nu_longitude
0,https://www.adonaiestofados.com.br/,painel pinus,NOT_FOUND,Nao foram encontrados itens de 'painel pinus' (ou equivalentes) com dimensoes no nome neste site.,['painel pinus'],,,,,,,,,,,,,Adonai Estofados,TIMBO,TIMBO,Santa Catarina,-26.82290257,-49.27771229
7,https://clagil.com.br/,painel pinus,NOT_FOUND,Nao foram encontrados itens de 'painel pinus' (ou equivalentes) com dimensoes no nome neste site.,['painel pinus'],,,,,,,,,,,,,Clagil Agro Pecuaria E Representacoes,MATOS COSTA,MATOS COSTA,Santa Catarina,-26.47411544,-51.15745144
9,https://aquabrasil.com.br/,painel pinus,NOT_FOUND,Nao foram encontrados itens de 'painel pinus' (ou equivalentes) com dimensoes no nome neste site.,['painel pinus'],,,,,,,,,,,,,Acqua Brasil Ltda,ITAJAI,ITAJAI,Santa Catarina,-26.90742624,-48.65702321
16,https://www.decoros.com.br,painel pinus,NOT_FOUND,Nao foram encontrados itens de 'painel pinus' (ou equivalentes) com dimensoes no nome neste site.,['painel pinus'],,,,,,,,,,,,,Decoros,SAO BENTO DO SUL,SAO BENTO DO SUL,Santa Catarina,-26.24948542,-49.3869789
23,https://www.moveisalvin.com.br/,painel pinus,NOT_FOUND,Nao foram encontrados itens de 'painel pinus' (ou equivalentes) com dimensoes no nome neste site.,['painel pinus'],,,,,,,,,,,,,Moveis Alvin,SAO BENTO DO SUL,SAO BENTO DO SUL,Santa Catarina,-26.24948542,-49.3869789
30,https://www.acimel.com.br,painel pinus,NOT_FOUND,Nao foram encontrados itens de 'painel pinus' (ou equivalentes) com dimensoes no nome neste site.,['painel pinus'],,,,,,,,,,,,,Acimel Comercio De Revestimentos E Construcoes Ltda,BLUMENAU,BLUMENAU,Santa Catarina,-26.91610771,-49.05763088
37,https://www.alianda.com.br,painel pinus,NOT_FOUND,Nao foram encontrados itens de 'painel pinus' (ou equivalentes) com dimensoes no nome neste site.,['painel pinus'],,,,,,,,,,,,,Alianda Pisos E Azulejos Ltda,CRICIUMA,CRICIUMA,Santa Catarina,-28.67357225,-49.36593956
43,https://acasel.com.br/,painel pinus,NOT_FOUND,Nao foram encontrados itens de 'painel pinus' (ou equivalentes) com dimensoes no nome neste site.,['painel pinus'],,,,,,,,,,,,,Acasel Acabamento E Seguranca Ltda,CHAPECO,CHAPECO,Santa Catarina,-27.10683702,-52.61703111
49,https://www.balaroti.com.br/,painel pinus,NOT_FOUND,Nao foram encontrados itens de 'painel pinus' (ou equivalentes) com dimensoes no nome neste site.,['painel pinus'],,,,,,,,,,,,,Balaroti Balneario Camboriu,BALNEARIO CAMBORIU,BALNEARIO CAMBORIU,Santa Catarina,-26.99181861,-48.63461748
56,https://asterdistribuidora.com.br/,painel pinus,NOT_FOUND,Nao foram encontrados itens de 'painel pinus' (ou equivalentes) com dimensoes no nome neste site.,['painel pinus'],,,,,,,,,,,,,Aster Distribuicao,SAO JOSE,SAO JOSE,Santa Catarina,-27.59031208,-48.61602272
64,https://www.bonatoprime.com.br/,painel pinus,NOT_FOUND,Nao foram encontrados itens de 'painel pinus' (ou equivalentes) com dimensoes no nome neste site.,['painel pinus'],,,,,,,,,,,,,Bonato Prime Ltda,JOACABA,JOACABA,Santa Catarina,-27.17394453,-51.50668973
69,https://www.agroter.com.br/,painel pinus,NOT_FOUND,Nao foram encontrados itens de 'painel pinus' (ou equivalentes) com dimensoes no nome neste site.,['painel pinus'],,,,,,,,,,,,,Agroter Materiais De Construcao E Ferragens Ltda,CHAPECO,CHAPECO,Santa Catarina,-27.10683702,-52.61703111
75,https://www.behling.ind.br,painel pinus,NOT_FOUND,Nao foram encontrados itens de 'painel pinus' (ou equivalentes) com dimensoes no nome neste site.,['painel pinus'],,,,,,,,,,,,,Behling Lumber Importacao E Exportacao De Madeiras Ltda,ITAJAI,ITAJAI,Santa Catarina,-26.90742624,-48.65702321
82,https://brudine.com.br,painel pinus,NOT_FOUND,Nao foram encontrados itens de 'painel pinus' (ou equivalentes) com dimensoes no nome neste site.,['painel pinus'],,,,,,,,,,,,,Brudine,PALHOCA,PALHOCA,Santa Catarina,-27.64704368,-48.67028792
90,https://bortolato.com.br/,painel pinus,NOT_FOUND,Nao foram encontrados itens de 'painel pinus' (ou equivalentes) com dimensoes no nome neste site.,['painel pinus'],,,,,,,,,,,,,Bortolato Material Para Construcao Ltda,NAVEGANTES,NAVEGANTES,Santa Catarina,-26.89743912,-48.6491829
96,https://www.casadomdf.com.br/,painel pinus,NOT_FOUND,Nao foram encontrados itens de 'painel pinus' (ou equivalentes) com dimensoes no nome neste site.,['painel pinus'],,,,,,,,,,,,,Casa Do Mdf E Ferragens Comercial Ltda,JOINVILLE,JOINVILLE,Santa Catarina,-26.30451765,-48.84940914
103,https://www.casasdocano.com.br/,painel pinus,NOT_FOUND,Nao foram encontrados itens de 'painel pinus' (ou equivalentes) com dimensoes no nome neste site.,['painel pinus'],,,,,,,,,,,,,Casas Do Cano Ltda,FLORIANOPOLIS,FLORIANOPOLIS,Santa Catarina,-27.58779555,-48.54763738
111,https://www.bonato.com.br/,painel pinus,NOT_FOUND,Nao foram encontrados itens de 'painel pinus' (ou equivalentes) com dimensoes no nome neste site.,['painel pinus'],,,,,,,,,,,,,Bonato Materiais De Construcao Ltda,JOACABA,JOACABA,Santa Catarina,-27.17394453,-51.50668973
116,https://www.casavee.com.br/,painel pinus,NOT_FOUND,Nao foram encontrados itens de 'painel pinus' (ou equivalentes) com dimensoes no nome neste site.,['painel pinus'],,,,,,,,,,,,,Casavee Home Decor,RIO NEGRINHO,RIO NEGRINHO,Santa Catarina,-26.25532503,-49.51729508
122,https://www.lojacavilha.com.br/,painel pinus,NOT_FOUND,Nao foram encontrados itens de 'painel pinus' (ou equivalentes) com dimensoes no nome neste site.,['painel pinus'],,,,,,,,,,,,,Cavilha,RIO DO SUL,RIO DO SUL,Santa Catarina,-27.21790323,-49.64323753
129,https://www.cassol.com.br/,painel pinus,NOT_FOUND,Nao foram encontrados itens de 'painel pinus' (ou equivalentes) com dimensoes no nome neste site.,['painel pinus'],,,,,,,,,,,,,Cassol Centerlar,ITAJAI,ITAJAI,Santa Catarina,-26.90742624,-48.65702321
136,https://www.ciadoestofado.ind.br,painel pinus,NOT_FOUND,Nao foram encontrados itens de 'painel pinus' (ou equivalentes) com dimensoes no nome neste site.,[],,,,,,,,,,,,,Cia Do Estofado,MONDAI,MONDAI,Santa Catarina,-27.10361169,-53.39868403
139,https://casapedroso.com.br/,painel pinus,NOT_FOUND,Nao foram encontrados itens de 'painel pinus' (ou equivalentes) com dimensoes no nome neste site.,['painel pinus'],,,,,,,,,,,,,Casa Pedroso Materiais Para Construcao Ltda,NAVEGANTES,NAVEGANTES,Santa Catarina,-26.89743912,-48.6491829
145,https://www.comercialcarlessi.com.br,painel pinus,NOT_FOUND,Nao foram encontrados itens de 'painel pinus' (ou equivalentes) com dimensoes no nome neste site.,['painel pinus'],,,,,,,,,,,,,Comercial Carlessi Ltda,TURVO,TURVO,Paraná,-25.0401268,-51.53276433
150,https://www.comercialcarlessi.com.br,painel pinus,NOT_FOUND,Nao foram encontrados itens de 'painel pinus' (ou equivalentes) com dimensoes no nome neste site.,['painel pinus'],,,,,,,,,,,,,Comercial Carlessi Ltda,TURVO,TURVO,Santa Catarina,-28.92474922,-49.68086575
152,https://www.casasdaagua.com.br/,painel pinus,NOT_FOUND,Nao foram encontrados itens de 'painel pinus' (ou equivalentes) com dimensoes no nome neste site.,['painel pinus'],,,,,,,,,,,,,Casas Da Agua,ITAJAI,ITAJAI,Santa Catarina,-26.90742624,-48.65702321
159,https://ativamoveis.com.br,painel pinus,NOT_FOUND,Nao foram encontrados itens de 'painel pinus' (ou equivalentes) com dimensoes no nome neste site.,['painel pinus'],,,,,,,,,,,,,Ativa,SAO BENTO DO SUL,SAO BENTO DO SUL,Santa Catarina,-26.24948542,-49.3869789
166,https://www.girardionline.com.br,painel pinus,NOT_FOUND,Nao foram encontrados itens de 'painel pinus' (ou equivalentes) com dimensoes no nome neste site.,['painel pinus'],,,,,,,,,,,,,Comercial Girardi,CHAPECO,CHAPECO,Santa Catarina,-27.10683702,-52.61703111
172,https://www.joli.com.br/,painel pinus,FOUND,Itens encontrados.,['painel pinus'],Painel Pinus 1200x200x18mm Massol,1200x200x18mm,"R$ 25,99",https://www.joli.com.br/painel-pinus-1200x200x18mm-massol/p,1200.0,200.0,18.0,25.99,BRL,1.0,0.00432,6016.203703703704,Comercio De Materiais Para Construcao Joli Ltda,ITAJAI,ITAJAI,Santa Catarina,-26.90742624,-48.65702321
179,https://www.joli.com.br/,painel pinus,FOUND,Itens encontrados.,['painel pinus'],Painel Pinus 900x300x18mm Massol,900x300x18mm,"R$ 35,99",https://www.joli.com.br/painel-pinus-900x300x18mm-massol/p,900.0,300.0,18.0,35.99,BRL,1.0,0.00486,7405.349794238684,Comercio De Materiais Para Construcao Joli Ltda,ITAJAI,ITAJAI,Santa Catarina,-26.90742624,-48.65702321
186,https://www.comach.com.br/,painel pinus,NOT_FOUND,Nao foram encontrados itens de 'painel pinus' (ou equivalentes) com dimensoes no nome neste site.,['painel pinus'],,,,,,,,,,,,,Comach Compensados,GRAVATAL,GRAVATAL,Santa Catarina,-28.32913072,-49.03947026
190,https://www.compensadosfernandes.com.br/,painel pinus,FOUND,Itens encontrados.,['painel pinus'],PAINEL MODULARE MADEIRA PINUS COM ACABAMENTO NATURAL - TRAMONTINA,1000x300x18mm,"R$ 109,36",https://www.compensadosfernandes.com.br/painel-modulare-madeira-pinus-com-acabamento-natural---tramontina/p,1000.0,300.0,18.0,109.36,BRL,1.0,0.0054,20251.85185185185,Compensados Fernandes,BLUMENAU,BLUMENAU,Santa Catarina,-26.91610771,-49.05763088
197,https://www.compensadosfernandes.com.br/,painel pinus,FOUND,Itens encontrados.,['painel pinus'],PAINEL MODULARE EM MADEIRA PINUS COM ACABAMENTO NATURAL - TRAMONTINA,1000x200x18mm,"R$ 40,07",https://www.compensadosfernandes.com.br/painel-modulare-em-madeira-pinus-com-acabamento-natural---tramontina/p,1000.0,200.0,18.0,40.07,BRL,1.0,0.0036,11130.555555555557,Compensados Fernandes,BLUMENAU,BLUMENAU,Santa Catarina,-26.91610771,-49.05763088
204,https://www.micarconstrucao.com.br/,painel pinus,NOT_FOUND,Nao foram encontrados itens de 'painel pinus' (ou equivalentes) com dimensoes no nome neste site.,['painel pinus'],,,,,,,,,,,,,Comercio De Material De Construcao Micar Ltda,MASSARANDUBA,MASSARANDUBA,Paraíba,-7.180199471,-35.73751521
205,https://www.micarconstrucao.com.br/,painel pinus,NOT_FOUND,Nao foram encontrados itens de 'painel pinus' (ou equivalentes) com dimensoes no nome neste site.,['painel pinus'],,,,,,,,,,,,,Comercio De Material De Construcao Micar Ltda,MASSARANDUBA,MASSARANDUBA,Santa Catarina,-26.59545801,-48.98874466
210,https://www.mundodaconstrucao.com.br/,painel pinus,NOT_FOUND,Nao foram encontrados itens de 'painel pinus' (ou equivalentes) com dimensoes no nome neste site.,['painel pinus'],,,,,,,,,,,,,Mundo Da Construcao,SIDEROPOLIS,SIDEROPOLIS,Santa Catarina,-28.59510242,-49.42054093
214,https://www.covattiacabamentos.com.br/,painel pinus,NOT_FOUND,Nao foram encontrados itens de 'painel pinus' (ou equivalentes) com dimensoes no nome neste site.,['painel pinus'],,,,,,,,,,,,,Covatti Acabamentos,XANXERE,XANXERE,Santa Catarina,-26.8745845,-52.40466714
220,https://www.cristalvel.com.br,painel pinus,NOT_FOUND,Nao foram encontrados itens de 'painel pinus' (ou equivalentes) com dimensoes no nome neste site.,['painel pinus'],,,,,,,,,,,,,Cristalvel Industria E Comercio De Utilidades Domesticas Ltda,LAGES,LAGES,Santa Catarina,-27.81725946,-50.33022242
229,https://www.copalux.com.br,painel pinus,NOT_FOUND,Nao foram encontrados itens de 'painel pinus' (ou equivalentes) com dimensoes no nome neste site.,['painel pinus'],,,,,,,,,,,,,Copalux,ITUPORANGA,ITUPORANGA,Santa Catarina,-27.41485849,-49.6034147
233,https://www.beijaflormadeiras.com.br/,painel pinus,FOUND,Itens encontrados.,['painel pinus'],"Painel Pinus Sarrafeado 20mm x 1,20mts x 3,00mts","20mm x 1,20mts x 3,00mts","R$ 615,00",https://www.beijaflormadeiras.com.br/painel-pinus-sarrafeado-20mm-x-1-20mts-x-3-00mts/,1200,3000,20.0,615.0,BRL,1.0,,,Madereira Beija Flor,LAGES,LAGES,Santa Catarina,-27.81725946,-50.33022242
242,https://www.beijaflormadeiras.com.br/,painel pinus,FOUND,Itens encontrados.,['painel pinus'],Painel Pinus Sarrafeado 30mm,"3,0 metros x 1,20 metros x 30 milímetros","R$ 915,00",https://www.beijaflormadeiras.com.br/painel-pinus-sarrafeado-30mm/,3000,1200,30,915.0,BRL,1.0,,,Madereira Beija Flor,LAGES,LAGES,Santa Catarina,-27.81725946,-50.33022242
251,https://www.beijaflormadeiras.com.br/,painel pinus,FOUND,Itens encontrados.,['painel pinus'],Painel Sarrafeado de Pinus 35mm,"3,0 metros x 1,20 metros x 35 milímetros","R$ 1.066,00",https://www.beijaflormadeiras.com.br/painel-sarrafeado-de-pinus-35mm/,3000,1200,35,1066.0,BRL,1.0,,,Madereira Beija Flor,LAGES,LAGES,Santa Catarina,-27.81725946,-50.33022242
260,https://www.beijaflormadeiras.com.br/,painel pinus,FOUND,Itens encontrados.,['painel pinus'],Painel Sarrafeado Pinus 25mm,"3,0 metros x 1,20 metros x 25 milímetros","R$ 766,50",https://www.beijaflormadeiras.com.br/painel-sarrafeado-pinus-25mm/,3000,1200,25,766.5,BRL,1.0,,,Madereira Beija Flor,LAGES,LAGES,Santa Catarina,-27.81725946,-50.33022242
269,https://www.beijaflormadeiras.com.br/,painel pinus,FOUND,Itens encontrados.,['painel pinus'],Painel Sarrafeado Pinus 18mm,"3,0 metros x 1,20 metros x 18 milímetros","R$ 584,50",https://www.beijaflormadeiras.com.br/painel-sarrafeado-pinus-18mm/,3000,1200,18,584.5,BRL,1.0,,,Madereira Beija Flor,LAGES,LAGES,Santa Catarina,-27.81725946,-50.33022242
278,https://www.beijaflormadeiras.com.br/,painel pinus,FOUND,Itens encontrados.,['painel pinus'],Painel Pinus Sarrafeado 15mm,"3,0 metros x 1,20 metros x 15 milímetros","R$ 491,90",https://www.beijaflormadeiras.com.br/painel-pinus-sarrafeado-15mm/,3000,1200,15,491.9,BRL,1.0,,,Madereira Beija Flor,LAGES,LAGES,Santa Catarina,-27.81725946,-50.33022242
287,https://dietrichmc.com.br/,painel pinus,NOT_FOUND,Nao foram encontrados itens de 'painel pinus' (ou equivalentes) com dimensoes no nome neste site.,['painel pinus'],,,,,,,,,,,,,Dietrich Material De Construcao Ltda,GASPAR,GASPAR,Santa Catarina,-26.91836851,-48.96770657
292,https://dacla.com.br/,painel pinus,NOT_FOUND,Nao foram encontrados itens de 'painel pinus' (ou equivalentes) com dimensoes no nome neste site.,['painel pinus'],,,,,,,,,,,,,Dacla Comercio De Materiais De Construcao Ltda,SAO JOSE,SAO JOSE,Santa Catarina,-27.59031208,-48.61602272
300,https://www.cmarceneiro.com.br,painel pinus,NOT_FOUND,Nao foram encontrados itens de 'painel pinus' (ou equivalentes) com dimensoes no nome neste site.,['painel pinus'],,,,,,,,,,,,,Compensados Lages Ltda,LAGES,LAGES,Santa Catarina,-27.81725946,-50.33022242
309,https://ebert.com.br/,painel pinus,NOT_FOUND,Nao foram encontrados itens de 'painel pinus' (ou equivalentes) com dimensoes no nome neste site.,['painel pinus'],,,,,,,,,,,,,Ebert Comercio De Materiais De Construcao Ltda,INDAIAL,INDAIAL,Santa Catarina,-26.906256,-49.24014046
316,http://dismaff.com.br,painel pinus,NOT_FOUND,Nao foram encontrados itens de 'painel pinus' (ou equivalentes) com dimensoes no nome neste site.,['painel pinus'],,,,,,,,,,,,,Dismaff Atacadista,CHAPECO,CHAPECO,Santa Catarina,-27.10683702,-52.61703111
322,https://figueredoconstrular.com.br/,painel pinus,NOT_FOUND,Nao foram encontrados itens de 'painel pinus' (ou equivalentes) com dimensoes no nome neste site.,['painel pinus'],,,,,,,,,,,,,Figueredo Constrular,GAROPABA,GAROPABA,Santa Catarina,-28.02089593,-48.61255668
326,https://www.elevato.com.br,painel pinus,NOT_FOUND,Nao foram encontrados itens de 'painel pinus' (ou equivalentes) com dimensoes no nome neste site.,['painel pinus'],,,,,,,,,,,,,Elevato Materiais De Construcao E Decoracao Ltda,PALHOCA,PALHOCA,Santa Catarina,-27.64704368,-48.67028792
334,https://construcon.com.br/,painel pinus,NOT_FOUND,Nao foram encontrados itens de 'painel pinus' (ou equivalentes) com dimensoes no nome neste site.,['painel pinus'],,,,,,,,,,,,,Construcon Materiais De Construcao Ltda,BLUMENAU,BLUMENAU,Santa Catarina,-26.91610771,-49.05763088
341,https://estofama.com.br/,painel pinus,NOT_FOUND,Nao foram encontrados itens de 'painel pinus' (ou equivalentes) com dimensoes no nome neste site.,['painel pinus'],,,,,,,,,,,,,Estofama Estofados E Colchoes,ARROIO TRINTA,ARROIO TRINTA,Santa Catarina,-26.93256486,-51.33412392
345,https://estiloartefatos.com.br/,painel pinus,NOT_FOUND,Nao foram encontrados itens de 'painel pinus' (ou equivalentes) com dimensoes no nome neste site.,['painel pinus'],,,,,,,,,,,,,Estilo Artefatos De Madeiras Ltda,SAO CRISTOVAO DO SUL,SAO CRISTOVAO DO SUL,Santa Catarina,-27.28294667,-50.43462893
350,https://lojasenele.com.br/,painel pinus,NOT_FOUND,Nao foram encontrados itens de 'painel pinus' (ou equivalentes) com dimensoes no nome neste site.,['painel pinus'],,,,,,,,,,,,,Lojas Enele Sofas E Planejados,SAO LOURENCO DO OESTE,SAO LOURENCO DO OESTE,Santa Catarina,-26.35519016,-52.85133367
355,https://ergomobili.com.br/,painel pinus,NOT_FOUND,Nao foram encontrados itens de 'painel pinus' (ou equivalentes) com dimensoes no nome neste site.,['painel pinus'],,,,,,,,,,,,,Ergo-Mobili Industria E Comercio De Moveis Ltda,BIGUACU,BIGUACU,Santa Catarina,-27.49432274,-48.65448893
361,https://www.gmad.com.br/,painel pinus,NOT_FOUND,Nao foram encontrados itens de 'painel pinus' (ou equivalentes) com dimensoes no nome neste site.,['painel pinus'],,,,,,,,,,,,,Gmad Madville Madeiras E Ferragens Ltda,JOINVILLE,JOINVILLE,Santa Catarina,-26.30451765,-48.84940914
368,https://www.irmaoshinke.com.br/,painel pinus,NOT_FOUND,Nao foram encontrados itens de 'painel pinus' (ou equivalentes) com dimensoes no nome neste site.,['painel pinus'],,,,,,,,,,,,,Hinke Fabricacao De Moveis Ltda,SAO BENTO DO SUL,SAO BENTO DO SUL,Santa Catarina,-26.24948542,-49.3869789
375,http://uniaoguarezi.com.br/,painel pinus,NOT_FOUND,Nao foram encontrados itens de 'painel pinus' (ou equivalentes) com dimensoes no nome neste site.,['painel pinus'],,,,,,,,,,,,,Uniao Guarezi Materiais De Construcao,SAO JOSE,SAO JOSE,Santa Catarina,-27.59031208,-48.61602272
383,www.herbertmateriais.com.br,painel pinus,NOT_FOUND,Nao foram encontrados itens de 'painel pinus' (ou equivalentes) com dimensoes no nome neste site.,['painel pinus'],,,,,,,,,,,,,Herbert Materiais Para Construcao Ltda,PORTO UNIAO,PORTO UNIAO,Santa Catarina,-26.2300049,-51.08160463
391,https://www.atacadaodastelhas.com.br,painel pinus,NOT_FOUND,Nao foram encontrados itens de 'painel pinus' (ou equivalentes) com dimensoes no nome neste site.,['painel pinus'],,,,,,,,,,,,,Atacado Da Construcao E Telhas Litoral,GARUVA,GARUVA,Santa Catarina,-26.02207551,-48.84984186
396,https://www.idimex.com.br/,painel pinus,NOT_FOUND,Nao foram encontrados itens de 'painel pinus' (ou equivalentes) com dimensoes no nome neste site.,['painel pinus'],,,,,,,,,,,,,Idimex Do Brasil Industria E Comercio De Moveis Ltda,MAFRA,MAFRA,Santa Catarina,-26.11522849,-49.80103753
402,https://www.greenrevestimentos.com.br/,painel pinus,NOT_FOUND,Nao foram encontrados itens de 'painel pinus' (ou equivalentes) com dimensoes no nome neste site.,['painel pinus'],,,,,,,,,,,,,Green Revestimentos Ltda,SAO LOURENCO DO OESTE,SAO LOURENCO DO OESTE,Santa Catarina,-26.35519016,-52.85133367
407,https://www.fischer.com.br,painel pinus,NOT_FOUND,Nao foram encontrados itens de 'painel pinus' (ou equivalentes) com dimensoes no nome neste site.,['painel pinus'],,,,,,,,,,,,,Fischer Empreendimentos E Incorporadora Ltda.,BRUSQUE,BRUSQUE,Santa Catarina,-27.09831023,-48.91516301
414,https://rottamoveis.com.br,painel pinus,NOT_FOUND,Nao foram encontrados itens de 'painel pinus' (ou equivalentes) com dimensoes no nome neste site.,['painel pinus'],,,,,,,,,,,,,Rotta Moveis,CACADOR,CACADOR,Santa Catarina,-26.77534767,-51.01903476
421,https://henn.com.br/pt,painel pinus,NOT_FOUND,Nao foram encontrados itens de 'painel pinus' (ou equivalentes) com dimensoes no nome neste site.,['painel pinus'],,,,,,,,,,,,,Industria E Comercio De Moveis Henn Ltda,MONDAI,MONDAI,Santa Catarina,-27.10361169,-53.39868403
424,https://www.moveisparpinelli.com.br/,painel pinus,NOT_FOUND,Nao foram encontrados itens de 'painel pinus' (ou equivalentes) com dimensoes no nome neste site.,['painel pinus'],,,,,,,,,,,,,Industria E Comercio De Moveis Parpinelli Ltda,ANCHIETA,ANCHIETA,Espírito Santo,-20.80561322,-40.64765894
426,https://www.moveisparpinelli.com.br/,painel pinus,NOT_FOUND,Nao foram encontrados itens de 'painel pinus' (ou equivalentes) com dimensoes no nome neste site.,['painel pinus'],,,,,,,,,,,,,Industria E Comercio De Moveis Parpinelli Ltda,ANCHIETA,ANCHIETA,Santa Catarina,-26.53568086,-53.33327018
429,https://jjcferramentas.com.br/,painel pinus,NOT_FOUND,Nao foram encontrados itens de 'painel pinus' (ou equivalentes) com dimensoes no nome neste site.,['painel pinus'],,,,,,,,,,,,,Jjc E-Commerce,ITAJAI,ITAJAI,Santa Catarina,-26.90742624,-48.65702321
436,https://www.jzago.com.br,painel pinus,NOT_FOUND,Nao foram encontrados itens de 'painel pinus' (ou equivalentes) com dimensoes no nome neste site.,['painel pinus'],,,,,,,,,,,,,Jzago Materiais De Construcao,LAGES,LAGES,Santa Catarina,-27.81725946,-50.33022242
445,https://www.casajhs.com.br/,painel pinus,NOT_FOUND,Nao foram encontrados itens de 'painel pinus' (ou equivalentes) com dimensoes no nome neste site.,['painel pinus'],,,,,,,,,,,,,Jhs Materiais De Construcao Ltda.,POUSO REDONDO,POUSO REDONDO,Santa Catarina,-27.25108628,-49.95565214
452,http://www.exclusivapiscinas.com.br/,painel pinus,NOT_FOUND,Nao foram encontrados itens de 'painel pinus' (ou equivalentes) com dimensoes no nome neste site.,['painel pinus'],,,,,,,,,,,,,Exclusiva Piscinas Chapeco,CHAPECO,CHAPECO,Santa Catarina,-27.10683702,-52.61703111
458,https://www.gmad.com.br,painel pinus,NOT_FOUND,Nao foram encontrados itens de 'painel pinus' (ou equivalentes) com dimensoes no nome neste site.,['painel pinus'],,,,,,,,,,,,,Gmad Chapecomp Suprimentos Para Moveis Ltda,CHAPECO,CHAPECO,Santa Catarina,-27.10683702,-52.61703111
464,https://www.loja.fricke.com.br/,painel pinus,NOT_FOUND,Nao foram encontrados itens de 'painel pinus' (ou equivalentes) com dimensoes no nome neste site.,['painel pinus'],,,,,,,,,,,,,Lojas Fricke Ltda.,ITAJAI,ITAJAI,Santa Catarina,-26.90742624,-48.65702321
471,https://www.kleiner.com.br/,painel pinus,NOT_FOUND,Nao foram encontrados itens de 'painel pinus' (ou equivalentes) com dimensoes no nome neste site.,['painel pinus'],,,,,,,,,,,,,Kleiner Schein Industria De Moveis E Decoracoes Ltda,TUBARAO,TUBARAO,Santa Catarina,-28.48003395,-49.00526808
479,https://www.julycasa.com.br,painel pinus,NOT_FOUND,Nao foram encontrados itens de 'painel pinus' (ou equivalentes) com dimensoes no nome neste site.,['painel pinus'],,,,,,,,,,,,,Julycasa Materiais De Construcao Ltda,INDAIAL,INDAIAL,Santa Catarina,-26.906256,-49.24014046
486,https://luhrs.com.br/,painel pinus,NOT_FOUND,Nao foram encontrados itens de 'painel pinus' (ou equivalentes) com dimensoes no nome neste site.,['painel pinus'],,,,,,,,,,,,,Luhrs Industria E Comercio De Produtos Metalurgicos Ltda,CACADOR,CACADOR,Santa Catarina,-26.77534767,-51.01903476
493,https://www.milium.com.br/,painel pinus,NOT_FOUND,Nao foram encontrados itens de 'painel pinus' (ou equivalentes) com dimensoes no nome neste site.,['painel pinus'],,,,,,,,,,,,,Milium Tem De Tudo,BALNEARIO CAMBORIU,BALNEARIO CAMBORIU,Santa Catarina,-26.99181861,-48.63461748
500,https://comercialms.com.br/,painel pinus,NOT_FOUND,Nao foram encontrados itens de 'painel pinus' (ou equivalentes) com dimensoes no nome neste site.,['painel pinus'],,,,,,,,,,,,,Matecall Comercio E Representacao Ltda,SAO JOSE,SAO JOSE,Santa Catarina,-27.59031208,-48.61602272
508,https://www.mrdistribuidora.log.br/,painel pinus,NOT_FOUND,Nao foram encontrados itens de 'painel pinus' (ou equivalentes) com dimensoes no nome neste site.,['painel pinus'],,,,,,,,,,,,,Marfim Industria E Comercio De Ferramentas Ltda,JARAGUA DO SUL,JARAGUA DO SUL,Santa Catarina,-26.49048435,-49.07629882
515,https://www.madel.com.br/,painel pinus,NOT_FOUND,Nao foram encontrados itens de 'painel pinus' (ou equivalentes) com dimensoes no nome neste site.,['painel pinus'],,,,,,,,,,,,,Madel Comercio De Madeiras E Ferragens Ltda,ITAJAI,ITAJAI,Santa Catarina,-26.90742624,-48.65702321
522,https://www.americadosolmateriais.com.br/,painel pinus,NOT_FOUND,Nao foram encontrados itens de 'painel pinus' (ou equivalentes) com dimensoes no nome neste site.,['painel pinus'],,,,,,,,,,,,,Materiais De Construcao America Do Sol Ltda,BLUMENAU,BLUMENAU,Santa Catarina,-26.91610771,-49.05763088
529,https://www.mvcenterlar.com.br/,painel pinus,NOT_FOUND,Nao foram encontrados itens de 'painel pinus' (ou equivalentes) com dimensoes no nome neste site.,['painel pinus'],,,,,,,,,,,,,Mv Centerlar,SANTO AMARO DA IMPERATRIZ,SANTO AMARO DA IMPERATRIZ,Santa Catarina,-27.68974776,-48.78023992
536,https://lucianolaminasloja.com.br/,painel pinus,NOT_FOUND,Nao foram encontrados itens de 'painel pinus' (ou equivalentes) com dimensoes no nome neste site.,['painel pinus'],,,,,,,,,,,,,Luciano Laminas,SAO JOSE,SAO JOSE,Santa Catarina,-27.59031208,-48.61602272
544,https://www.leroymerlin.com.br/,painel pinus,FOUND,Itens encontrados.,['painel pinus'],Painel de Madeira Pinus 17mm Mel 30x200cm Settis,17mm 30x200cm,"R$ 139,90 cada à vista",https://www.leroymerlin.com.br/painel-de-madeira-pinus-17mm-mel-30x200cm-settis_92407910?referrer=category-page,300.0,2000.0,17.0,139.9,BRL,1.0,0.000102,1371568.6274509805,Leroy Merlin Companhia Brasileira De Bricolagem,FLORIANOPOLIS,FLORIANOPOLIS,Santa Catarina,-27.58779555,-48.54763738
552,https://www.leroymerlin.com.br/,painel pinus,FOUND,Itens encontrados.,['painel pinus'],Painel Sarrafeado Pinus 18mm,18mm,"R$ 707,25 cada",https://www.leroymerlin.com.br/painel-sarrafeado-pinus-18mm_1570817378?referrer=category-page,,,18.0,707.25,BRL,1.0,,,Leroy Merlin Companhia Brasileira De Bricolagem,FLORIANOPOLIS,FLORIANOPOLIS,Santa Catarina,-27.58779555,-48.54763738
560,https://www.leroymerlin.com.br/,painel pinus,FOUND,Itens encontrados.,['painel pinus'],Painel Chapa Madeira Natural Tramontina 1m x 30cm com 18mm de espessura,1m x 30cm com 18mm de espessura,"R$ 71,90",https://www.leroymerlin.com.br/painel-chapa-madeira-natural-tramontina-1m-x-30cm-com-18mm-de-espessura_1566925979?referrer=category-page,1000,300,18.0,71.9,BRL,1.0,,,Leroy Merlin Companhia Brasileira De Bricolagem,FLORIANOPOLIS,FLORIANOPOLIS,Santa Catarina,-27.58779555,-48.54763738
568,https://www.edevan.com.br/,painel pinus,NOT_FOUND,Nao foram encontrados itens de 'painel pinus' (ou equivalentes) com dimensoes no nome neste site.,['painel pinus'],,,,,,,,,,,,,Materiais De Construcao Edevan Ltda,GASPAR,GASPAR,Santa Catarina,-26.91836851,-48.96770657
573,https://www.meurodape.com/,painel pinus,NOT_FOUND,Nao foram encontrados itens de 'painel pinus' (ou equivalentes) com dimensoes no nome neste site.,['painel pinus'],,,,,,,,,,,,,Meu Rodape,ITAJAI,ITAJAI,Santa Catarina,-26.90742624,-48.65702321
580,https://www.moveiscaftor.com.br/,painel pinus,NOT_FOUND,Nao foram encontrados itens de 'painel pinus' (ou equivalentes) com dimensoes no nome neste site.,['painel pinus'],,,,,,,,,,,,,Moveis Caftor Ltda,RIO NEGRINHO,RIO NEGRINHO,Santa Catarina,-26.25532503,-49.51729508
586,https://www.moveisripke.com.br,painel pinus,NOT_FOUND,Nao foram encontrados itens de 'painel pinus' (ou equivalentes) com dimensoes no nome neste site.,['painel pinus'],,,,,,,,,,,,,Moveis Ripke,PINHALZINHO,PINHALZINHO,São Paulo,-22.78079607,-46.59057732
590,https://www.moveisripke.com.br,painel pinus,NOT_FOUND,Nao foram encontrados itens de 'painel pinus' (ou equivalentes) com dimensoes no nome neste site.,['painel pinus'],,,,,,,,,,,,,Moveis Ripke,PINHALZINHO,PINHALZINHO,Santa Catarina,-26.84881433,-52.98225325
596,https://www.madeiromdf.com.br/,painel pinus,NOT_FOUND,Nao foram encontrados itens de 'painel pinus' (ou equivalentes) com dimensoes no nome neste site.,['painel pinus'],,,,,,,,,,,,,Maxima Mdf,BALNEARIO CAMBORIU,BALNEARIO CAMBORIU,Santa Catarina,-26.99181861,-48.63461748
603,https://ourodistribuidora.com.br/,painel pinus,NOT_FOUND,Nao foram encontrados itens de 'painel pinus' (ou equivalentes) com dimensoes no nome neste site.,['painel pinus'],,,,,,,,,,,,,Oro Distribuidora Ltda,NAVEGANTES,NAVEGANTES,Santa Catarina,-26.89743912,-48.6491829
609,https://www.mxmoveis.com.br,painel pinus,NOT_FOUND,Nao foram encontrados itens de 'painel pinus' (ou equivalentes) com dimensoes no nome neste site.,['painel pinus'],,,,,,,,,,,,,Mx Moveis,BANDEIRANTE,BANDEIRANTE,Santa Catarina,-26.7689379,-53.64104959
610,https://rudnick.com.br/,painel pinus,NOT_FOUND,Nao foram encontrados itens de 'painel pinus' (ou equivalentes) com dimensoes no nome neste site.,['painel pinus'],,,,,,,,,,,,,Moveis Rudnick S/A - Fabrica V,SAO BENTO DO SUL,SAO BENTO DO SUL,Santa Catarina,-26.24948542,-49.3869789
617,https://www.pehnkmateriais.com.br/,painel pinus,NOT_FOUND,Nao foram encontrados itens de 'painel pinus' (ou equivalentes) com dimensoes no nome neste site.,['painel pinus'],,,,,,,,,,,,,Pehnk Materiais Para Construcao Ltda.,SAO JOAO BATISTA,SAO JOAO BATISTA,Santa Catarina,-27.29588056,-48.85700428
621,https://www.poligress.com.br/,painel pinus,NOT_FOUND,Nao foram encontrados itens de 'painel pinus' (ou equivalentes) com dimensoes no nome neste site.,['painel pinus'],,,,,,,,,,,,,Poligress Shop,CRICIUMA,CRICIUMA,Santa Catarina,-28.67357225,-49.36593956
627,https://www.lojaschulz.com.br,painel pinus,NOT_FOUND,Nao foram encontrados itens de 'painel pinus' (ou equivalentes) com dimensoes no nome neste site.,['painel pinus'],,,,,,,,,,,,,Schulz Store,JOINVILLE,JOINVILLE,Santa Catarina,-26.30451765,-48.84940914
634,http://www.plagesso.com.br,painel pinus,NOT_FOUND,Nao foram encontrados itens de 'painel pinus' (ou equivalentes) com dimensoes no nome neste site.,['painel pinus'],,,,,,,,,,,,,Plagesso Ind. E Com. Ltda.,CHAPECO,CHAPECO,Santa Catarina,-27.10683702,-52.61703111
640,https://salabella.com.br/,painel pinus,NOT_FOUND,Nao foram encontrados itens de 'painel pinus' (ou equivalentes) com dimensoes no nome neste site.,['painel pinus'],,,,,,,,,,,,,Salabella Estofados,SAO BERNARDINO,SAO BERNARDINO,Santa Catarina,-26.47327825,-52.96553874
641,https://www.bembanheiro.com.br/,painel pinus,NOT_FOUND,Nao foram encontrados itens de 'painel pinus' (ou equivalentes) com dimensoes no nome neste site.,['painel pinus'],,,,,,,,,,,,,Mazzu Moveis,URUSSANGA,URUSSANGA,Santa Catarina,-28.5199662,-49.31910792
645,https://realcenterconcordia.com.br/,painel pinus,NOT_FOUND,Nao foram encontrados itens de 'painel pinus' (ou equivalentes) com dimensoes no nome neste site.,['painel pinus'],,,,,,,,,,,,,Rmc Comercio De Materiais De Construcao Ltda,CONCORDIA,CONCORDIA,Santa Catarina,-27.23365878,-52.02397107
651,https://www.queroquero.com.br/,painel pinus,FOUND,Itens encontrados.,['painel pinus'],Painel Tramontina Modulare Madeira Pinus Acabamento Mel 1000x200x18mm Tramontina,1000x200x18mm,"R$ 65,47",https://www.queroquero.com.br/painel-tramontina-modulare-madeira-pinus-acabamento-mel-1000x200x18mm-tramontina-147814/p,1000.0,200.0,18.0,65.47,BRL,1.0,0.0036,18186.11111111111,Lojas Quero-Quero,GUARAMIRIM,GUARAMIRIM,Santa Catarina,-26.47444513,-48.99210427
655,https://www.queroquero.com.br/,painel pinus,FOUND,Itens encontrados.,['painel pinus'],Painel Modulare em Madeira Pinus 2000X200X18 Mm,2000X200X18 Mm,"R$ 132,79",https://www.queroquero.com.br/painel-modulare-em-madeira-pinus-2000x200x18-mm-147820/p,2000.0,200.0,18.0,132.79,BRL,1.0,0.0072,18443.055555555555,Lojas Quero-Quero,GUARAMIRIM,GUARAMIRIM,Santa Catarina,-26.47444513,-48.99210427
659,https://www.queroquero.com.br/,painel pinus,FOUND,Itens encontrados.,['painel pinus'],"Painel De Madeira De Pinus 1,8x40x150 Cubomob Natural","1,8x40x150","R$ 104,00",https://www.queroquero.com.br/painel-de-madeira-de-pinus-1-8x40x150-cubomob-natural-237495/p,18.0,40.0,,104.0,BRL,1.0,,,Lojas Quero-Quero,GUARAMIRIM,GUARAMIRIM,Santa Catarina,-26.47444513,-48.99210427
663,https://www.queroquero.com.br/,painel pinus,FOUND,Itens encontrados.,['painel pinus'],Painel Tramontina Modulare Em Madeira Pinus Com Acabamento Tabaco 1000x200x18 Mm Tramontina,1000x200x18 Mm,"R$ 65,05",https://www.queroquero.com.br/painel-tramontina-modulare-em-madeira-pinus-com-acabamento-tabaco-1000x200x18-mm-tramontina-147815/p,1000.0,200.0,18.0,65.05,BRL,1.0,0.0036,18069.444444444445,Lojas Quero-Quero,GUARAMIRIM,GUARAMIRIM,Santa Catarina,-26.47444513,-48.99210427
667,https://www.queroquero.com.br/,painel pinus,FOUND,Itens encontrados.,['painel pinus'],Painel Modulare em Madeira Pinus 600X300X18 Mm,600X300X18 Mm,"R$ 59,76",https://www.queroquero.com.br/painel-modulare-em-madeira-pinus-600x300x18-mm-147817/p,600.0,300.0,18.0,59.76,BRL,1.0,0.00324,18444.444444444445,Lojas Quero-Quero,GUARAMIRIM,GUARAMIRIM,Santa Catarina,-26.47444513,-48.99210427
671,https://www.queroquero.com.br/,painel pinus,FOUND,Itens encontrados.,['painel pinus'],Painel Modulare em Madeira Pinus 1500X400X18 Mm,1500X400X18 Mm,"R$ 180,92",https://www.queroquero.com.br/painel-modulare-em-madeira-pinus-1500x400x18-mm-147822/p,1500.0,400.0,18.0,180.92,BRL,1.0,0.0108,16751.85185185185,Lojas Quero-Quero,GUARAMIRIM,GUARAMIRIM,Santa Catarina,-26.47444513,-48.99210427
675,https://www.queroquero.com.br/,painel pinus,FOUND,Itens encontrados.,['painel pinus'],Painel Modulare em Madeira Pinus 1000X300X18 Mm,1000X300X18 Mm,"R$ 99,80",https://www.queroquero.com.br/painel-modulare-em-madeira-pinus-1000x300x18-mm-147818/p,1000.0,300.0,18.0,99.8,BRL,1.0,0.0054,18481.48148148148,Lojas Quero-Quero,GUARAMIRIM,GUARAMIRIM,Santa Catarina,-26.47444513,-48.99210427
679,https://www.queroquero.com.br/,painel pinus,FOUND,Itens encontrados.,['painel pinus'],Painel Sarrafeado Pinus 18mm,18mm,"R$ 707,25",https://www.queroquero.com.br/painel-sarrafeado-pinus-18mm-184517/p,,,18.0,707.25,BRL,1.0,,,Lojas Quero-Quero,GUARAMIRIM,GUARAMIRIM,Santa Catarina,-26.47444513,-48.99210427
683,https://www.queroquero.com.br/,painel pinus,FOUND,Itens encontrados.,['painel pinus'],Painel Pinus Sarrafeado 15mm,15mm,"R$ 595,20",https://www.queroquero.com.br/painel-pinus-sarrafeado-15mm-184516/p,,,15.0,595.2,BRL,1.0,,,Lojas Quero-Quero,GUARAMIRIM,GUARAMIRIM,Santa Catarina,-26.47444513,-48.99210427
687,https://www.queroquero.com.br/,painel pinus,FOUND,Itens encontrados.,['painel pinus'],Painel Tramontina Modulare Madeira Pinus Acabamento Mel 1200x200x18mm Tramontina,1200x200x18mm,"R$ 87,32",https://www.queroquero.com.br/painel-tramontina-modulare-madeira-pinus-acabamento-mel-1200x200x18mm-tramontina-147816/p,1200.0,200.0,18.0,87.32,BRL,1.0,0.00432,20212.96296296296,Lojas Quero-Quero,GUARAMIRIM,GUARAMIRIM,Santa Catarina,-26.47444513,-48.99210427
691,https://www.queroquero.com.br/,painel pinus,FOUND,Itens encontrados.,['painel pinus'],Painel Tramontina Modulare Madeira Pinus Acabamento Natural Cc 1200x800x25mm Tramontina,1200x800x25mm,"R$ 436,88",https://www.queroquero.com.br/painel-tramontina-modulare-madeira-pinus-acabamento-natural-cc-1200x800x25mm-tramontina-147824/p,1200.0,800.0,25.0,436.88,BRL,1.0,0.024,18203.33333333333,Lojas Quero-Quero,GUARAMIRIM,GUARAMIRIM,Santa Catarina,-26.47444513,-48.99210427
695,https://www.queroquero.com.br/,painel pinus,FOUND,Itens encontrados.,['painel pinus'],Painel Tramontina Modulare Em Madeira Pinus Com Acabamento Castanho Escuro 1200x200x12 Mm Tramontina,1200x200x12 Mm,"R$ 75,05",https://www.queroquero.com.br/painel-tramontina-modulare-em-madeira-pinus-com-acabamento-castanho-escuro-1200x200x12-mm-tramontina-147823/p,1200.0,200.0,12.0,75.05,BRL,1.0,0.00288,26059.027777777774,Lojas Quero-Quero,GUARAMIRIM,GUARAMIRIM,Santa Catarina,-26.47444513,-48.99210427
699,https://www.queroquero.com.br/,painel pinus,FOUND,Itens encontrados.,['painel pinus'],Painel Modulare em Madeira Pinus 1000X400X18 Mm,1000X400X18 Mm,"R$ 102,55",https://www.queroquero.com.br/painel-modulare-em-madeira-pinus-1000x400x18-mm-147821/p,1000.0,400.0,18.0,102.55,BRL,1.0,0.0072,14243.055555555557,Lojas Quero-Quero,GUARAMIRIM,GUARAMIRIM,Santa Catarina,-26.47444513,-48.99210427
703,https://www.queroquero.com.br/,painel pinus,FOUND,Itens encontrados.,['painel pinus'],Painel Tramontina Modulare Madeira Pinus Com Acabamento Bran,,"R$ 360,62",https://www.queroquero.com.br/painel-tramontina-modulare-madeira-pinus-com-acabamento-bran-147825/p,,,,360.62,BRL,1.0,,,Lojas Quero-Quero,GUARAMIRIM,GUARAMIRIM,Santa Catarina,-26.47444513,-48.99210427
707,https://www.queroquero.com.br/,painel pinus,FOUND,Itens encontrados.,['painel pinus'],Painel Modulare em Madeira Pinus 800X300X18 Mm,800X300X18 Mm,"R$ 79,82",https://www.queroquero.com.br/painel-modulare-em-madeira-pinus-800x300x18-mm-147819/p,800.0,300.0,18.0,79.82,BRL,1.0,0.00432,18476.85185185185,Lojas Quero-Quero,GUARAMIRIM,GUARAMIRIM,Santa Catarina,-26.47444513,-48.99210427
711,https://www.queroquero.com.br/,painel pinus,FOUND,Itens encontrados.,['painel pinus'],Painel Tramontina Modulare Em Madeira Pinus Com Acabamento Natural 600x200x18 Mm,600x200x18 Mm,"R$ 40,09",https://www.queroquero.com.br/painel-tramontina-modulare-em-madeira-pinus-com-acabamento-natural-600x200x18-mm-147813/p,600.0,200.0,18.0,40.09,BRL,1.0,0.00216,18560.185185185182,Lojas Quero-Quero,GUARAMIRIM,GUARAMIRIM,Santa Catarina,-26.47444513,-48.99210427
715,https://www.queroquero.com.br/,painel pinus,FOUND,Itens encontrados.,['painel pinus'],Painel Tramontina Modulare Em Madeira Pinus Com Acabamento Branco E Borda Em Pvc 1500x300x18 Mm,1500x300x18 Mm,"R$ 225,21",https://www.queroquero.com.br/painel-tramontina-modulare-em-madeira-pinus-com-acabamento-branco-e-borda-em-pvc-1500x300x18-mm-147826/p,1500.0,300.0,18.0,225.21,BRL,1.0,0.0081,27803.703703703704,Lojas Quero-Quero,GUARAMIRIM,GUARAMIRIM,Santa Catarina,-26.47444513,-48.99210427
719,https://www.queroquero.com.br/,painel pinus,FOUND,Itens encontrados.,['painel pinus'],Painel Tramontina Modulare Madeira Pinus Acabamento Mel 1200x300x18mm Tramontina,1200x300x18mm,"R$ 130,94",https://www.queroquero.com.br/painel-tramontina-modulare-madeira-pinus-acabamento-mel-1200x300x18mm-tramontina-147827/p,1200.0,300.0,18.0,130.94,BRL,1.0,0.00648,20206.79012345679,Lojas Quero-Quero,GUARAMIRIM,GUARAMIRIM,Santa Catarina,-26.47444513,-48.99210427
723,https://www.queroquero.com.br/,painel pinus,FOUND,Itens encontrados.,['painel pinus'],Painel Horizontal Pinus Casa UD Com Stein 30x50cm,30x50cm,,https://www.queroquero.com.br/painel-horizontal-pinus-casa-ud-com-stein-30x50cm-230971/p,30.0,50.0,,,,1.0,,,Lojas Quero-Quero,GUARAMIRIM,GUARAMIRIM,Santa Catarina,-26.47444513,-48.99210427
727,https://www.queroquero.com.br/,painel pinus,FOUND,Itens encontrados.,['painel pinus'],Painel Horizontal Pinus Casa UD Com Stein 50x100cm,50x100cm,,https://www.queroquero.com.br/painel-horizontal-pinus-casa-ud-com-stein-50x100cm-230972/p,50.0,100.0,,,,1.0,,,Lojas Quero-Quero,GUARAMIRIM,GUARAMIRIM,Santa Catarina,-26.47444513,-48.99210427
731,https://moveisruiz.com.br,painel pinus,NOT_FOUND,Nao foram encontrados itens de 'painel pinus' (ou equivalentes) com dimensoes no nome neste site.,['painel pinus'],,,,,,,,,,,,,Moveis Ruiz,SAO JOSE DO CEDRO,SAO JOSE DO CEDRO,Santa Catarina,-26.4560603,-53.50012411
734,https://www.rsmmolduras.com.br,painel pinus,NOT_FOUND,Nao foram encontrados itens de 'painel pinus' (ou equivalentes) com dimensoes no nome neste site.,['painel pinus'],,,,,,,,,,,,,Rs Industria De Molduras,RIO DO SUL,RIO DO SUL,Santa Catarina,-27.21790323,-49.64323753
741,pedraboa.com.br,painel pinus,NOT_FOUND,Nao foram encontrados itens de 'painel pinus' (ou equivalentes) com dimensoes no nome neste site.,['painel pinus'],,,,,,,,,,,,,Pedra Boa Com.De Ferragens E Material Eletrico Ltda,JOINVILLE,JOINVILLE,Santa Catarina,-26.30451765,-48.84940914
748,https://www.unicompen.com.br/,painel pinus,NOT_FOUND,Nao foram encontrados itens de 'painel pinus' (ou equivalentes) com dimensoes no nome neste site.,['painel pinus'],,,,,,,,,,,,,Unicompen Ltda,PORTO UNIAO,PORTO UNIAO,Santa Catarina,-26.2300049,-51.08160463
756,https://www.sobercos.com.br/,painel pinus,NOT_FOUND,Nao foram encontrados itens de 'painel pinus' (ou equivalentes) com dimensoes no nome neste site.,['painel pinus'],,,,,,,,,,,,,So Bercos,RIO NEGRINHO,RIO NEGRINHO,Santa Catarina,-26.25532503,-49.51729508
762,https://www.sulmoveis.com.br/,painel pinus,NOT_FOUND,Nao foram encontrados itens de 'painel pinus' (ou equivalentes) com dimensoes no nome neste site.,['painel pinus'],,,,,,,,,,,,,Sul Design Moveis,SAO BENTO DO SUL,SAO BENTO DO SUL,Santa Catarina,-26.24948542,-49.3869789
769,https://www.espacosmart.com.br/,painel pinus,NOT_FOUND,Nao foram encontrados itens de 'painel pinus' (ou equivalentes) com dimensoes no nome neste site.,['painel pinus'],,,,,,,,,,,,,Espaco Smart,JOINVILLE,JOINVILLE,Santa Catarina,-26.30451765,-48.84940914
776,https://diprotec.com.br/,painel pinus,NOT_FOUND,Nao foram encontrados itens de 'painel pinus' (ou equivalentes) com dimensoes no nome neste site.,['painel pinus'],,,,,,,,,,,,,Diprotec,BALNEARIO CAMBORIU,BALNEARIO CAMBORIU,Santa Catarina,-26.99181861,-48.63461748
783,https://zzago.com.br/,painel pinus,NOT_FOUND,Nao foram encontrados itens de 'painel pinus' (ou equivalentes) com dimensoes no nome neste site.,['painel pinus'],,,,,,,,,,,,,Zago Ferragens E Materiais De Construcao Ltda,LAGES,LAGES,Santa Catarina,-27.81725946,-50.33022242
792,https://www.settis.com.br/,painel pinus,FOUND,Itens encontrados.,['painel pinus'],PAINEL DE PINUS NATURAL 400X200X17MM,400X200X17MM,"R$16,04",https://www.settis.com.br/produtos/painel-de-pinus-natural-400x200x17mm/,400.0,200.0,17.0,16.04,BRL,1.0,0.00136,11794.117647058822,Settis Industria E Comercio,RIO NEGRINHO,RIO NEGRINHO,Santa Catarina,-26.25532503,-49.51729508
798,https://www.settis.com.br/,painel pinus,FOUND,Itens encontrados.,['painel pinus'],PAINEL DE PINUS NATURAL 600X200X17MM,600X200X17MM,"R$21,67",https://www.settis.com.br/produtos/painel-de-pinus-natural-600x200x17mm/,600.0,200.0,17.0,21.67,BRL,1.0,0.00204,10622.549019607844,Settis Industria E Comercio,RIO NEGRINHO,RIO NEGRINHO,Santa Catarina,-26.25532503,-49.51729508
804,https://www.settis.com.br/,painel pinus,FOUND,Itens encontrados.,['painel pinus'],PAINEL DE PINUS NATURAL 800X200X17MM,800X200X17MM,"R$28,25",https://www.settis.com.br/produtos/painel-de-pinus-natural-800x200x17mm/,800.0,200.0,17.0,28.25,BRL,1.0,0.00272,10386.029411764704,Settis Industria E Comercio,RIO NEGRINHO,RIO NEGRINHO,Santa Catarina,-26.25532503,-49.51729508
810,https://www.settis.com.br/,painel pinus,FOUND,Itens encontrados.,['painel pinus'],PAINEL DE PINUS NATURAL 1200X200X17MM,1200X200X17MM,"R$39,51",https://www.settis.com.br/produtos/painel-de-pinus-natural-1200x200x17mm/,1200.0,200.0,17.0,39.51,BRL,1.0,0.00408,9683.823529411764,Settis Industria E Comercio,RIO NEGRINHO,RIO NEGRINHO,Santa Catarina,-26.25532503,-49.51729508
816,https://www.settis.com.br/,painel pinus,FOUND,Itens encontrados.,['painel pinus'],PAINEL DE PINUS BOLEADO TINGIDO 1200X200X17MM,1200X200X17MM,"R$50,77",https://www.settis.com.br/produtos/painel-de-pinus-boleado-tingido-1200x200x17mm/,1200.0,200.0,17.0,50.77,BRL,1.0,0.00408,12443.627450980392,Settis Industria E Comercio,RIO NEGRINHO,RIO NEGRINHO,Santa Catarina,-26.25532503,-49.51729508
822,https://www.settis.com.br/,painel pinus,FOUND,Itens encontrados.,['painel pinus'],PAINEL DE PINUS BOLEADO TINGIDO 800X300X17MM,800X300X17MM,"R$48,22",https://www.settis.com.br/produtos/painel-de-pinus-boleado-tingido-800x300x17mm/,800.0,300.0,17.0,48.22,BRL,1.0,0.00408,11818.627450980392,Settis Industria E Comercio,RIO NEGRINHO,RIO NEGRINHO,Santa Catarina,-26.25532503,-49.51729508
828,https://www.settis.com.br/,painel pinus,FOUND,Itens encontrados.,['painel pinus'],PAINEL DE PINUS BOLEADO TINGIDO 1200X300X17MM,1200X300X17MM,"R$73,12",https://www.settis.com.br/produtos/painel-de-pinus-boleado-tingido-1200x300x17mm/,1200.0,300.0,17.0,73.12,BRL,1.0,0.00612,11947.712418300654,Settis Industria E Comercio,RIO NEGRINHO,RIO NEGRINHO,Santa Catarina,-26.25532503,-49.51729508
834,https://www.settis.com.br/,painel pinus,FOUND,Itens encontrados.,['painel pinus'],PAINEL DE PINUS BOLEADO TINGIDO 2000X300X17MM,2000X300X17MM,"R$117,82",https://www.settis.com.br/produtos/painel-de-pinus-boleado-tingido-2000x300x17mm/,2000.0,300.0,17.0,117.82,BRL,1.0,0.0102,11550.980392156862,Settis Industria E Comercio,RIO NEGRINHO,RIO NEGRINHO,Santa Catarina,-26.25532503,-49.51729508
840,https://www.settis.com.br/,painel pinus,FOUND,Itens encontrados.,['painel pinus'],PAINEL DE PINUS SHOU SUGI BAN 1000X150X17MM,1000X150X17MM,"R$47,27",https://www.settis.com.br/produtos/painel-de-pinus-shou-sugi-ban-1000x150x17mm/,1000.0,150.0,17.0,47.27,BRL,1.0,0.00255,18537.254901960783,Settis Industria E Comercio,RIO NEGRINHO,RIO NEGRINHO,Santa Catarina,-26.25532503,-49.51729508
846,https://www.studioambientes.com.br,painel pinus,NOT_FOUND,Nao foram encontrados itens de 'painel pinus' (ou equivalentes) com dimensoes no nome neste site.,['painel pinus'],,,,,,,,,,,,,Studio Ambientes,FLORIANOPOLIS,FLORIANOPOLIS,Santa Catarina,-27.58779555,-48.54763738
854,https://www.lojaspresidente.com.br/,painel pinus,ERROR,"Não foi possível acessar o site devido ao bloqueio persistente do Cloudflare (verificação de bot), impedindo a realização da pesquisa e extração de dados.",['painel pinus'],,,,,,,,,,,,,Lojas Presidente Ltda Epp,PRESIDENTE GETULIO,PRESIDENTE GETULIO,Santa Catarina,-27.04140824,-49.62208617
859,https://zzago.com.br,painel pinus,NOT_FOUND,Nao foram encontrados itens de 'painel pinus' (ou equivalentes) com dimensoes no nome neste site.,['painel pinus'],,,,,,,,,,,,,Zzago,LAGES,LAGES,Santa Catarina,-27.81725946,-50.33022242
868,https://www.banhoecasa.com.br/,painel pinus,NOT_FOUND,Nao foram encontrados itens de 'painel pinus' (ou equivalentes) com dimensoes no nome neste site.,['painel pinus'],,,,,,,,,,,,,Banhoecasa.Com.Br,PALHOCA,PALHOCA,Santa Catarina,-27.64704368,-48.67028792
876,https://www.portobello.com.br,painel pinus,NOT_FOUND,Nao foram encontrados itens de 'painel pinus' (ou equivalentes) com dimensoes no nome neste site.,['painel pinus'],,,,,,,,,,,,,Portobello Shop,CRICIUMA,CRICIUMA,Santa Catarina,-28.67357225,-49.36593956
882,https://cimentoemmaringa.com.br/,painel pinus,NOT_FOUND,Nao foram encontrados itens de 'painel pinus' (ou equivalentes) com dimensoes no nome neste site.,['painel pinus'],,,,,,,,,,,,,Casa Do Cimento,MARINGA,MARINGA,Paraná,-23.42228,-51.93988187
890,https://www.adonaiestofofados.com.br/,painel pinus,NOT_FOUND,Nao foram encontrados itens de 'painel pinus' (ou equivalentes) com dimensoes no nome neste site.,['painel pinus'],,,,,,,,,,,,,Adonai Estofados Ltda,ARAPONGAS,ARAPONGAS,Paraná,-23.41351653,-51.43827973
897,https://www.prmoveis.com.br,painel pinus,NOT_FOUND,Nao foram encontrados itens de 'painel pinus' (ou equivalentes) com dimensoes no nome neste site.,['painel pinus'],,,,,,,,,,,,,Aramoveis,ARAPONGAS,ARAPONGAS,Paraná,-23.41351653,-51.43827973
904,https://www.essenciamoveis.com.br,painel pinus,NOT_FOUND,Nao foram encontrados itens de 'painel pinus' (ou equivalentes) com dimensoes no nome neste site.,['painel pinus'],,,,,,,,,,,,,Arte Nova Industria E Comercio De Moveis E Decoracoes Ltda,LONDRINA,LONDRINA,Paraná,-23.312156,-51.16277342
912,http://www.allclick.ind.br,painel pinus,NOT_FOUND,Nao foram encontrados itens de 'painel pinus' (ou equivalentes) com dimensoes no nome neste site.,['painel pinus'],,,,,,,,,,,,,Wallclick,PONTA GROSSA,PONTA GROSSA,Paraná,-25.092547,-50.16144206
920,attuale.com.br,painel pinus,NOT_FOUND,Nao foram encontrados itens de 'painel pinus' (ou equivalentes) com dimensoes no nome neste site.,['painel pinus'],,,,,,,,,,,,,Attuale Revestimentos Ltda,PONTA GROSSA,PONTA GROSSA,Paraná,-25.092547,-50.16144206
928,https://lojaarenito.com.br/,painel pinus,NOT_FOUND,Nao foram encontrados itens de 'painel pinus' (ou equivalentes) com dimensoes no nome neste site.,['painel pinus'],,,,,,,,,,,,,Arenito Acabamentos Ltda,ROLANDIA,ROLANDIA,Paraná,-23.31359249,-51.36278036
934,https://atalaiaatacadista.com.br,painel pinus,NOT_FOUND,Nao foram encontrados itens de 'painel pinus' (ou equivalentes) com dimensoes no nome neste site.,['painel pinus'],,,,,,,,,,,,,Atalaia - Distribuidora De Materiais Eletricos Ltda,LONDRINA,LONDRINA,Paraná,-23.312156,-51.16277342
942,https://www.atenasmateriais.com.br/,painel pinus,NOT_FOUND,Nao foram encontrados itens de 'painel pinus' (ou equivalentes) com dimensoes no nome neste site.,['painel pinus'],,,,,,,,,,,,,Atenas Materiais De Construcao Ltda,CURITIBA,CURITIBA,Paraná,-25.432956,-49.27184789
952,https://www.depositorolandia.com.br,painel pinus,NOT_FOUND,Nao foram encontrados itens de 'painel pinus' (ou equivalentes) com dimensoes no nome neste site.,['painel pinus'],,,,,,,,,,,,,Campsou Material De Construcao Ltda,ROLANDIA,ROLANDIA,Paraná,-23.31359249,-51.36278036
958,https://www.balaroti.com.br,painel pinus,NOT_FOUND,Nao foram encontrados itens de 'painel pinus' (ou equivalentes) com dimensoes no nome neste site.,['painel pinus'],,,,,,,,,,,,,Balaroti Torres,CURITIBA,CURITIBA,Paraná,-25.432956,-49.27184789
968,https://www.camainbox.com.br,painel pinus,NOT_FOUND,Nao foram encontrados itens de 'painel pinus' (ou equivalentes) com dimensoes no nome neste site.,['painel pinus'],,,,,,,,,,,,,Cama Inbox,UMUARAMA,UMUARAMA,Paraná,-23.76395,-53.3084598
973,https://tijolao.com.br/guarapuava,painel pinus,NOT_FOUND,Nao foram encontrados itens de 'painel pinus' (ou equivalentes) com dimensoes no nome neste site.,['painel pinus'],,,,,,,,,,,,,Brasmaco Materiais De Construcao Ltda,GUARAPUAVA,GUARAPUAVA,Paraná,-25.39359198,-51.46343108
980,https://www.casadomdf.com.br/,painel pinus,NOT_FOUND,Nao foram encontrados itens de 'painel pinus' (ou equivalentes) com dimensoes no nome neste site.,['painel pinus'],,,,,,,,,,,,,Casa Do Mdf E Ferragens Comercial Ltda,PATO BRANCO,PATO BRANCO,Paraná,-26.22995852,-52.677362
987,https://www.lojamundialcelsokampa.com.br/,painel pinus,NOT_FOUND,Nao foram encontrados itens de 'painel pinus' (ou equivalentes) com dimensoes no nome neste site.,['painel pinus'],,,,,,,,,,,,,Loja Mundial,ARAUCARIA,ARAUCARIA,Paraná,-25.591645,-49.4019397
993,https://www.colibrimoveis.com.br,painel pinus,NOT_FOUND,Nao foram encontrados itens de 'painel pinus' (ou equivalentes) com dimensoes no nome neste site.,['painel pinus'],,,,,,,,,,,,,Colibri Moveis,ARAPONGAS,ARAPONGAS,Paraná,-23.41351653,-51.43827973
1000,https://www.cassol.com.br,painel pinus,NOT_FOUND,Nao foram encontrados itens de 'painel pinus' (ou equivalentes) com dimensoes no nome neste site.,['painel pinus'],,,,,,,,,,,,,Cassol Centerlar,SAO JOSE DOS PINHAIS,SAO JOSE DOS PINHAIS,Paraná,-25.537702,-49.20008247
1007,https://www.armazemdamarcenaria.com.br,painel pinus,NOT_FOUND,Nao foram encontrados itens de 'painel pinus' (ou equivalentes) com dimensoes no nome neste site.,['painel pinus'],,,,,,,,,,,,,Comercio De Produtos Para Moveis Rr Ltda,LONDRINA,LONDRINA,Paraná,-23.312156,-51.16277342
1015,https://cgsmoveis.com.br,painel pinus,ERROR,Erro ao executar a busca e extracao no site.,['painel pinus'],,,,,,,,,,,,,Cgs Moveis,MEDIANEIRA,MEDIANEIRA,Paraná,-25.2924975,-54.09178213
1021,https://delfinoguaira.com.br/,painel pinus,NOT_FOUND,Nao foram encontrados itens de 'painel pinus' (ou equivalentes) com dimensoes no nome neste site.,['painel pinus'],,,,,,,,,,,,,Delfino Materiais De Construcoes,GUAIRA,GUAIRA,São Paulo,-20.32014434,-48.31447049
1024,https://delfinoguaira.com.br/,painel pinus,NOT_FOUND,Nao foram encontrados itens de 'painel pinus' (ou equivalentes) com dimensoes no nome neste site.,['painel pinus'],,,,,,,,,,,,,Delfino Materiais De Construcoes,GUAIRA,GUAIRA,Paraná,-24.08527548,-54.24675772
1030,https://lojavirtual.cristalvel.com.br/,painel pinus,NOT_FOUND,Nao foram encontrados itens de 'painel pinus' (ou equivalentes) com dimensoes no nome neste site.,['painel pinus'],,,,,,,,,,,,,Cristalvel Industria E Comercio De Utilidades Domesticas Ltda,CASCAVEL,CASCAVEL,Ceará,-4.131433678,-38.23968594
1033,https://lojavirtual.cristalvel.com.br/,painel pinus,NOT_FOUND,Nao foram encontrados itens de 'painel pinus' (ou equivalentes) com dimensoes no nome neste site.,['painel pinus'],,,,,,,,,,,,,Cristalvel Industria E Comercio De Utilidades Domesticas Ltda,CASCAVEL,CASCAVEL,Paraná,-24.9537975,-53.45972218
1042,https://demobile.com.br/,painel pinus,NOT_FOUND,Nao foram encontrados itens de 'painel pinus' (ou equivalentes) com dimensoes no nome neste site.,['painel pinus'],,,,,,,,,,,,,Demobile,ARAPONGAS,ARAPONGAS,Paraná,-23.41351653,-51.43827973
1049,https://comtudoacabamentos.com.br/,painel pinus,NOT_FOUND,Nao foram encontrados itens de 'painel pinus' (ou equivalentes) com dimensoes no nome neste site.,['painel pinus'],,,,,,,,,,,,,Comtudo Acabamentos E Boutique Ltda,LARANJEIRAS DO SUL,LARANJEIRAS DO SUL,Paraná,-25.40168151,-52.40884742
1052,https://casaconexao.com.br/,painel pinus,ERROR,Não foi possível acessar o site casaconexao.com.br devido a erros de acesso (403 Forbidden) e bloqueios de segurança persistentes em múltiplos mecanismos de busca.,['painel pinus'],,,,,,,,,,,,,Casa Conexao De Materiais Hidraulicos Ltda,CURITIBA,CURITIBA,Paraná,-25.432956,-49.27184789
1062,https://www.construcasabordignon.com.br,painel pinus,NOT_FOUND,Nao foram encontrados itens de 'painel pinus' (ou equivalentes) com dimensoes no nome neste site.,['painel pinus'],,,,,,,,,,,,,Construcasa Solucao Em Acabamentos Ltda,SANTO ANTONIO DA PLATINA,SANTO ANTONIO DA PLATINA,Paraná,-23.29704883,-50.0773459
1067,https://www.deltasul.com.br,painel pinus,NOT_FOUND,Nao foram encontrados itens de 'painel pinus' (ou equivalentes) com dimensoes no nome neste site.,['painel pinus'],,,,,,,,,,,,,Delta Sul - Industria E Comercio De Moveis Ltda,UMUARAMA,UMUARAMA,Paraná,-23.76395,-53.3084598
1072,https://districal.net/,painel pinus,NOT_FOUND,Nao foram encontrados itens de 'painel pinus' (ou equivalentes) com dimensoes no nome neste site.,['painel pinus'],,,,,,,,,,,,,"Districal, Comercio De Ferro E Aco",FOZ DO IGUACU,FOZ DO IGUACU,Paraná,-25.54249328,-54.58710249
1078,loja.djmoveis.com.br,painel pinus,NOT_FOUND,Nao foram encontrados itens de 'painel pinus' (ou equivalentes) com dimensoes no nome neste site.,['painel pinus'],,,,,,,,,,,,,Dj Moveis,ARAPONGAS,ARAPONGAS,Paraná,-23.41351653,-51.43827973
1085,https://loja.superdocemaringa.com.br/,painel pinus,NOT_FOUND,Nao foram encontrados itens de 'painel pinus' (ou equivalentes) com dimensoes no nome neste site.,['painel pinus'],,,,,,,,,,,,,Docenenem Ltda,MARINGA,MARINGA,Paraná,-23.42228,-51.93988187
1093,https://www.nichele.com.br/,painel pinus,FOUND,Itens encontrados.,['painel pinus'],Painel de madeira de uso geral 2000x600x17mm,2000x600x17mm,"R$ 196,35",https://www.nichele.com.br/painel-de-madeira-de-uso-geral-2000x600x17mm/p,2000.0,600.0,17.0,196.35,BRL,1.0,0.0204,9624.999999999998,Deposito De Materiais Para Construcao Nichele Ltda,CAMPO LARGO,CAMPO LARGO,Paraná,-25.4594905,-49.52884145
1101,https://www.nichele.com.br/,painel pinus,FOUND,Itens encontrados.,['painel pinus'],Painel de madeira de uso geral 1200x200x17mm,1200x200x17mm,"R$ 39,76",https://www.nichele.com.br/painel-de-madeira-de-uso-geral-1200x200x17mm/p,1200.0,200.0,17.0,39.76,BRL,1.0,0.00408,9745.098039215683,Deposito De Materiais Para Construcao Nichele Ltda,CAMPO LARGO,CAMPO LARGO,Paraná,-25.4594905,-49.52884145
1109,https://www.nichele.com.br/,painel pinus,FOUND,Itens encontrados.,['painel pinus'],Painel de madeira de uso geral 600x200x17mm,600x200x17mm,"R$ 20,49",https://www.nichele.com.br/painel-de-madeira-de-uso-geral-600x200x17mm/p,600.0,200.0,17.0,20.49,BRL,1.0,0.00204,10044.117647058822,Deposito De Materiais Para Construcao Nichele Ltda,CAMPO LARGO,CAMPO LARGO,Paraná,-25.4594905,-49.52884145
1117,https://www.depositosaomarcos.com.br/,painel pinus,NOT_FOUND,Nao foram encontrados itens de 'painel pinus' (ou equivalentes) com dimensoes no nome neste site.,['painel pinus'],,,,,,,,,,,,,Deposito Sao Marcos,LONDRINA,LONDRINA,Paraná,-23.312156,-51.16277342
1125,https://diprotec.com.br/,painel pinus,NOT_FOUND,Nao foram encontrados itens de 'painel pinus' (ou equivalentes) com dimensoes no nome neste site.,['painel pinus'],,,,,,,,,,,,,Diprotec Dist. De Prod. Tec. Para Const. Civil Ltda.,CURITIBA,CURITIBA,Paraná,-25.432956,-49.27184789
1135,https://www.eletrorastro.com.br/,painel pinus,NOT_FOUND,Nao foram encontrados itens de 'painel pinus' (ou equivalentes) com dimensoes no nome neste site.,['painel pinus'],,,,,,,,,,,,,Eletrorastro Comercio De Material Eletrico Ltda,CURITIBA,CURITIBA,Paraná,-25.432956,-49.27184789
1145,https://www.djmoveis.ind.br/pt/,painel pinus,NOT_FOUND,Nao foram encontrados itens de 'painel pinus' (ou equivalentes) com dimensoes no nome neste site.,['painel pinus'],,,,,,,,,,,,,Dj Dormitorios Industria E Comercio De Moveis Ltda,ARAPONGAS,ARAPONGAS,Paraná,-23.41351653,-51.43827973
1152,https://dobue.com.br/,painel pinus,NOT_FOUND,Nao foram encontrados itens de 'painel pinus' (ou equivalentes) com dimensoes no nome neste site.,['painel pinus'],,,,,,,,,,,,,Dobue Movelaria,SABAUDIA,SABAUDIA,Paraná,-23.31839562,-51.55670202
1155,estiloartefatos.com.br,painel pinus,NOT_FOUND,Nao foram encontrados itens de 'painel pinus' (ou equivalentes) com dimensoes no nome neste site.,['painel pinus'],,,,,,,,,,,,,Estilo Artefatos De Madeiras Ltda,GUARAPUAVA,GUARAPUAVA,Paraná,-25.39359198,-51.46343108
1162,https://distribuidoraguarapuava.com.br/,painel pinus,NOT_FOUND,Nao foram encontrados itens de 'painel pinus' (ou equivalentes) com dimensoes no nome neste site.,['painel pinus'],,,,,,,,,,,,,Deposito Guarapuava,GUARAPUAVA,GUARAPUAVA,Paraná,-25.39359198,-51.46343108
1169,https://loja.forsetisolucoes.com.br/,painel pinus,NOT_FOUND,Nao foram encontrados itens de 'painel pinus' (ou equivalentes) com dimensoes no nome neste site.,['painel pinus'],,,,,,,,,,,,,Forseti Usinagem E Automacao Ltda,CURITIBA,CURITIBA,Paraná,-25.432956,-49.27184789
1179,https://www.ferguile.com.br,painel pinus,NOT_FOUND,Nao foram encontrados itens de 'painel pinus' (ou equivalentes) com dimensoes no nome neste site.,[],,,,,,,,,,,,,Ferguile Estofados Ltda,ARAPONGAS,ARAPONGAS,Paraná,-23.41351653,-51.43827973
1186,https://lojasgasparin.com.br,painel pinus,NOT_FOUND,Nao foram encontrados itens de 'painel pinus' (ou equivalentes) com dimensoes no nome neste site.,['painel pinus'],,,,,,,,,,,,,Gasparin -Materiais De Construcao,COLOMBO,COLOMBO,Paraná,-25.29434029,-49.22743798
1194,https://www.gmad.com.br/,painel pinus,NOT_FOUND,Nao foram encontrados itens de 'painel pinus' (ou equivalentes) com dimensoes no nome neste site.,['painel pinus'],,,,,,,,,,,,,Gmad Compmag Madeiras E Ferragens Ltda,MARINGA,MARINGA,Paraná,-23.42228,-51.93988187
1202,https://www.gaam.com.br/,painel pinus,NOT_FOUND,Nao foram encontrados itens de 'painel pinus' (ou equivalentes) com dimensoes no nome neste site.,['painel pinus'],,,,,,,,,,,,,Gaam Gabinetes,AMPERE,AMPERE,Paraná,-25.91706847,-53.47325674
1205,https://greenplac.com.br/,painel pinus,NOT_FOUND,Nao foram encontrados itens de 'painel pinus' (ou equivalentes) com dimensoes no nome neste site.,['painel pinus'],,,,,,,,,,,,,Greenplac Tecnologia Industrial Ltda,ARAPONGAS,ARAPONGAS,Paraná,-23.41351653,-51.43827973
1212,https://www.hopemetais.com.br,painel pinus,NOT_FOUND,Nao foram encontrados itens de 'painel pinus' (ou equivalentes) com dimensoes no nome neste site.,['painel pinus'],,,,,,,,,,,,,Hope Metais,LOANDA,LOANDA,Paraná,-22.93022862,-53.13446896
1216,https://www.abcdaconstrucao.com.br/diretorio-de-lojas/parana/guaratuba/centro,painel pinus,NOT_FOUND,Nao foram encontrados itens de 'painel pinus' (ou equivalentes) com dimensoes no nome neste site.,['painel pinus'],,,,,,,,,,,,,Guaratuba Materiais De Construcao Ltda,GUARATUBA,GUARATUBA,Paraná,-25.87424198,-48.57572596
1220,https://www.gmad.com.br,painel pinus,NOT_FOUND,Nao foram encontrados itens de 'painel pinus' (ou equivalentes) com dimensoes no nome neste site.,['painel pinus'],,,,,,,,,,,,,Gmad Compin Suprimentos Para Moveis Ltda,PINHAIS,PINHAIS,Paraná,-25.44219789,-49.19919742
1227,https://www.herbertmateriais.com.br,painel pinus,NOT_FOUND,Nao foram encontrados itens de 'painel pinus' (ou equivalentes) com dimensoes no nome neste site.,['painel pinus'],,,,,,,,,,,,,Herbert Sa Materiais Eletricos E De Construcoes,UNIAO DA VITORIA,UNIAO DA VITORIA,Paraná,-26.2284345,-51.09060952
1235,https://www.herbertmateriais.com.br/,painel pinus,NOT_FOUND,Nao foram encontrados itens de 'painel pinus' (ou equivalentes) com dimensoes no nome neste site.,['painel pinus'],,,,,,,,,,,,,Herbert Materiais Para Construcao Ltda,UNIAO DA VITORIA,UNIAO DA VITORIA,Paraná,-26.2284345,-51.09060952
1243,https://www.imperiodomarceneiro.com.br/,painel pinus,NOT_FOUND,Nao foram encontrados itens de 'painel pinus' (ou equivalentes) com dimensoes no nome neste site.,['painel pinus'],,,,,,,,,,,,,Imperio Do Marceneiro Ltda,FRANCISCO BELTRAO,FRANCISCO BELTRAO,Paraná,-26.07845,-53.05613572
1249,https://www.moveisarapongas.com.br/,painel pinus,NOT_FOUND,Nao foram encontrados itens de 'painel pinus' (ou equivalentes) com dimensoes no nome neste site.,['painel pinus'],,,,,,,,,,,,,Lumalar Moveis,ARAPONGAS,ARAPONGAS,Paraná,-23.41351653,-51.43827973
1256,https://caciquemateriaisdeconstrucao.corpsuite.com.br/,painel pinus,NOT_FOUND,Nao foram encontrados itens de 'painel pinus' (ou equivalentes) com dimensoes no nome neste site.,['painel pinus'],,,,,,,,,,,,,Cacique Materiais De Construcao,IBAITI,IBAITI,Paraná,-23.84982149,-50.19066627
1260,https://kitsparana.com/,painel pinus,NOT_FOUND,Nao foram encontrados itens de 'painel pinus' (ou equivalentes) com dimensoes no nome neste site.,['painel pinus'],,,,,,,,,,,,,Kit S Parana,ARAPONGAS,ARAPONGAS,Paraná,-23.41351653,-51.43827973
1267,https://mafrei.com.br/,painel pinus,NOT_FOUND,Nao foram encontrados itens de 'painel pinus' (ou equivalentes) com dimensoes no nome neste site.,['painel pinus'],,,,,,,,,,,,,Mafrei Materiais De Construcao Ltda,CURITIBA,CURITIBA,Paraná,-25.432956,-49.27184789
1277,https://www.mempra.com.br,painel pinus,NOT_FOUND,Nao foram encontrados itens de 'painel pinus' (ou equivalentes) com dimensoes no nome neste site.,[],,,,,,,,,,,,,Mempra Industria De Moveis Ltda,ARAPONGAS,ARAPONGAS,Paraná,-23.41351653,-51.43827973
1284,https://www.milium.com.br/,painel pinus,NOT_FOUND,Nao foram encontrados itens de 'painel pinus' (ou equivalentes) com dimensoes no nome neste site.,['painel pinus'],,,,,,,,,,,,,Milium Tem De Tudo Ltda,PARANAGUA,PARANAGUA,Paraná,-25.5068415,-48.52473284
1289,https://depositoreal.com.br/,painel pinus,NOT_FOUND,Nao foram encontrados itens de 'painel pinus' (ou equivalentes) com dimensoes no nome neste site.,['painel pinus'],,,,,,,,,,,,,Deposito De Material Para Construcao Sonho Real,PORTO RICO,PORTO RICO,Paraná,-22.77835156,-53.26796811
1291,https://www.mercantilbeleski.com.br/,painel pinus,NOT_FOUND,Nao foram encontrados itens de 'painel pinus' (ou equivalentes) com dimensoes no nome neste site.,['painel pinus'],,,,,,,,,,,,,Mercantil Beleski,GOIOERE,GOIOERE,Paraná,-24.18918839,-53.02731891
1296,tintasecia.com.br,painel pinus,NOT_FOUND,Nao foram encontrados itens de 'painel pinus' (ou equivalentes) com dimensoes no nome neste site.,['painel pinus'],,,,,,,,,,,,,Tintas & Cia,ASTORGA,ASTORGA,Paraná,-23.23671197,-51.66967926
1300,https://milanimateriais.com.br/,painel pinus,NOT_FOUND,Nao foram encontrados itens de 'painel pinus' (ou equivalentes) com dimensoes no nome neste site.,['painel pinus'],,,,,,,,,,,,,Milani Materiais De Construcao,CURITIBA,CURITIBA,Paraná,-25.432956,-49.27184789
1310,https://www.moveiscampolargo.com.br,painel pinus,NOT_FOUND,Nao foram encontrados itens de 'painel pinus' (ou equivalentes) com dimensoes no nome neste site.,['painel pinus'],,,,,,,,,,,,,Moveis Campo Largo Industria E Comercio Ltda,CAMPO LARGO,CAMPO LARGO,Paraná,-25.4594905,-49.52884145
1318,https://www.pavinpavin.com.br/,painel pinus,NOT_FOUND,Nao foram encontrados itens de 'painel pinus' (ou equivalentes) com dimensoes no nome neste site.,['painel pinus'],,,,,,,,,,,,,Pavin & Pavin,PINHAIS,PINHAIS,Paraná,-25.44219789,-49.19919742
1325,https://www.moveisarapongas.com.br,painel pinus,NOT_FOUND,Nao foram encontrados itens de 'painel pinus' (ou equivalentes) com dimensoes no nome neste site.,['painel pinus'],,,,,,,,,,,,,Movemax Moveis,ARAPONGAS,ARAPONGAS,Paraná,-23.41351653,-51.43827973
1332,https://piumobile.com.br,painel pinus,NOT_FOUND,Nao foram encontrados itens de 'painel pinus' (ou equivalentes) com dimensoes no nome neste site.,['painel pinus'],,,,,,,,,,,,,Piu Mobile Estofados,MARINGA,MARINGA,Paraná,-23.42228,-51.93988187
1340,https://raksa.com.br,painel pinus,NOT_FOUND,Nao foram encontrados itens de 'painel pinus' (ou equivalentes) com dimensoes no nome neste site.,['painel pinus'],,,,,,,,,,,,,Raksa Materiais De Construcao,ARAUCARIA,ARAUCARIA,Paraná,-25.591645,-49.4019397
1346,https://www.revestacabamentos.com.br/,painel pinus,NOT_FOUND,Nao foram encontrados itens de 'painel pinus' (ou equivalentes) com dimensoes no nome neste site.,['painel pinus'],,,,,,,,,,,,,Revest Do Brasil Acabamentos Ltda,MARINGA,MARINGA,Paraná,-23.42228,-51.93988187
1354,https://guiadomarceneiro.net,painel pinus,NOT_FOUND,Nao foram encontrados itens de 'painel pinus' (ou equivalentes) com dimensoes no nome neste site.,[],,,,,,,,,,,,,Guia Do Marceneiro,MARINGA,MARINGA,Paraná,-23.42228,-51.93988187
1362,https://www.compensadoscolombo.com.br/,painel pinus,NOT_FOUND,Nao foram encontrados itens de 'painel pinus' (ou equivalentes) com dimensoes no nome neste site.,['painel pinus'],,,,,,,,,,,,,Compensados Colombo,COLOMBO,COLOMBO,Paraná,-25.29434029,-49.22743798
1370,https://www.rrmoveis.com.br,painel pinus,NOT_FOUND,Nao foram encontrados itens de 'painel pinus' (ou equivalentes) com dimensoes no nome neste site.,['painel pinus'],,,,,,,,,,,,,Rr Industria E Comerio De Moveis Ltda,PINHAIS,PINHAIS,Paraná,-25.44219789,-49.19919742
1377,https://www.telhanorte.com.br/,painel pinus,FOUND,Itens encontrados.,['painel pinus'],"Painel Pinus 600 lixado 1,1x40,6x61cm amarelo Madvei","1,1x40,6x61cm",Indisponivel,https://www.telhanorte.com.br/painel-pinus-600-lixado-1-1x40-6x61cm-amarelo-madvei-1531581/p,610,400,11,,,1.0,,,Telhanorte Bordignon,LONDRINA,LONDRINA,Paraná,-23.312156,-51.16277342
1385,https://www.telhanorte.com.br/,painel pinus,FOUND,Itens encontrados.,['painel pinus'],"Painel Pinus 600 lixado 1,7x30,5x244cm amarelo Madvei","1,7x30,5x244cm",Indisponivel,https://www.telhanorte.com.br/painel-pinus-600-lixado-1-7x30-5x244cm-amarelo-madvei-1530917/p,305,2440,17,,,1.0,,,Telhanorte Bordignon,LONDRINA,LONDRINA,Paraná,-23.312156,-51.16277342
1393,https://www.telhanorte.com.br/,painel pinus,FOUND,Itens encontrados.,['painel pinus'],"Painel Pinus 600 lixado 1,7x40,6x61cm amarelo Madvei","1,7x40,6x61cm",Indisponivel,https://www.telhanorte.com.br/painel-pinus-600-lixado-1-7x40-6x61cm-amarelo-madvei-1531646/p,400,610,17,,,1.0,,,Telhanorte Bordignon,LONDRINA,LONDRINA,Paraná,-23.312156,-51.16277342
1401,https://www.telhanorte.com.br/,painel pinus,FOUND,Itens encontrados.,['painel pinus'],"Painel Pinus 600 lixado 1,7x30,5x122cm amarelo Madvei","1,7x30,5x122cm",Indisponivel,https://www.telhanorte.com.br/painel-pinus-600-lixado-1-7x30-5x122cm-amarelo-madvei-1531638/p,1220,305,,17,,1.0,,,Telhanorte Bordignon,LONDRINA,LONDRINA,Paraná,-23.312156,-51.16277342
1409,https://www.telhanorte.com.br/,painel pinus,FOUND,Itens encontrados.,['painel pinus'],"Painel Pinus 600 lixado 1,1x40,6x91cm amarelo Madvei","1,1x40,6x91cm",Indisponivel,https://www.telhanorte.com.br/painel-pinus-600-lixado-1-1x40-6x91cm-amarelo-madvei-1531590/p,910,406,11,,,1.0,,,Telhanorte Bordignon,LONDRINA,LONDRINA,Paraná,-23.312156,-51.16277342
1417,https://www.rudegon.com.br,painel pinus,NOT_FOUND,Nao foram encontrados itens de 'painel pinus' (ou equivalentes) com dimensoes no nome neste site.,['painel pinus'],,,,,,,,,,,,,Rudegon Representacoes E Comercio De Madeiras Ltda,CURITIBA,CURITIBA,Paraná,-25.432956,-49.27184789
1427,https://www.espacosmart.com.br,painel pinus,NOT_FOUND,Nao foram encontrados itens de 'painel pinus' (ou equivalentes) com dimensoes no nome neste site.,['painel pinus'],,,,,,,,,,,,,Smart Center Comercio De Materiais De Construcao Ltda,CASCAVEL,CASCAVEL,Ceará,-4.131433678,-38.23968594
1430,https://www.espacosmart.com.br,painel pinus,NOT_FOUND,Nao foram encontrados itens de 'painel pinus' (ou equivalentes) com dimensoes no nome neste site.,['painel pinus'],,,,,,,,,,,,,Smart Center Comercio De Materiais De Construcao Ltda,CASCAVEL,CASCAVEL,Paraná,-24.9537975,-53.45972218
1439,https://www.todimo.com.br/,painel pinus,NOT_FOUND,Nao foram encontrados itens de 'painel pinus' (ou equivalentes) com dimensoes no nome neste site.,['painel pinus'],,,,,,,,,,,,,Todimo,LONDRINA,LONDRINA,Paraná,-23.312156,-51.16277342
1447,https://www.leomadeiras.com.br/,painel pinus,FOUND,Itens encontrados.,['painel pinus'],Painel de Pinus sem Nó 18mm x 2500x1220mm,18mm x 2500x1220mm,"R$ 329,90",https://www.leomadeiras.com.br/painel-de-pinus-sem-no-18mm-x-2500x1220mm/p,2500.0,1220.0,18.0,329.9,BRL,1.0,0.0549,6009.1074681238615,R R Leo Comercio De Madeiras Ltda,CURITIBA,CURITIBA,Paraná,-25.432956,-49.27184789
1457,https://www.leomadeiras.com.br/,painel pinus,FOUND,Itens encontrados.,['painel pinus'],Painel de Pinus sem Nó 24mm x 2400x300mm Arte Pinus,24mm x 2400x300mm,"R$ 169,90",https://www.leomadeiras.com.br/painel-de-pinus-sem-no-24mm-x-2400x300mm-arte-pinus/p,2400.0,300.0,24.0,169.9,BRL,1.0,0.01728,9832.175925925929,R R Leo Comercio De Madeiras Ltda,CURITIBA,CURITIBA,Paraná,-25.432956,-49.27184789
1467,https://www.unicompen.com.br/,painel pinus,NOT_FOUND,Nao foram encontrados itens de 'painel pinus' (ou equivalentes) com dimensoes no nome neste site.,['painel pinus'],,,,,,,,,,,,,Unicompen Ltda,CASCAVEL,CASCAVEL,Ceará,-4.131433678,-38.23968594
1470,https://www.unicompen.com.br/,painel pinus,NOT_FOUND,Nao foram encontrados itens de 'painel pinus' (ou equivalentes) com dimensoes no nome neste site.,['painel pinus'],,,,,,,,,,,,,Unicompen Ltda,CASCAVEL,CASCAVEL,Paraná,-24.9537975,-53.45972218
1479,https://www.superproatacado.com.br/,painel pinus,NOT_FOUND,Nao foram encontrados itens de 'painel pinus' (ou equivalentes) com dimensoes no nome neste site.,['painel pinus'],,,,,,,,,,,,,Super Pro Atacado,CASCAVEL,CASCAVEL,Ceará,-4.131433678,-38.23968594
1482,https://www.superproatacado.com.br/,painel pinus,NOT_FOUND,Nao foram encontrados itens de 'painel pinus' (ou equivalentes) com dimensoes no nome neste site.,['painel pinus'],,,,,,,,,,,,,Super Pro Atacado,CASCAVEL,CASCAVEL,Paraná,-24.9537975,-53.45972218
1491,https://www.agrocontinental.com.br/,painel pinus,NOT_FOUND,Nao foram encontrados itens de 'painel pinus' (ou equivalentes) com dimensoes no nome neste site.,['painel pinus'],,,,,,,,,,,,,Agro Pecuaria Continental S A,PORTO ALEGRE,PORTO ALEGRE,Rio Grande do Sul,-30.03003677,-51.22866046
1500,https://www.barcelona.com.br,painel pinus,NOT_FOUND,Nao foram encontrados itens de 'painel pinus' (ou equivalentes) com dimensoes no nome neste site.,['painel pinus'],,,,,,,,,,,,,Barcelona Moveis,CAXIAS DO SUL,CAXIAS DO SUL,Rio Grande do Sul,-29.16689901,-51.17886021
1508,https://www.asmmateriaisdeconstrucao.com.br/,painel pinus,NOT_FOUND,Nao foram encontrados itens de 'painel pinus' (ou equivalentes) com dimensoes no nome neste site.,['painel pinus'],,,,,,,,,,,,,Asm Materiais De Construcao Ltda,BAGE,BAGE,Rio Grande do Sul,-31.33050184,-54.10708329
1511,https://www.adamsredemac.com.br/,painel pinus,NOT_FOUND,Nao foram encontrados itens de 'painel pinus' (ou equivalentes) com dimensoes no nome neste site.,['painel pinus'],,,,,,,,,,,,,Adams Materiais De Construcao Ltda,VENANCIO AIRES,VENANCIO AIRES,Rio Grande do Sul,-29.61165289,-52.19188024
1517,https://nabcdtem.com.br/,painel pinus,NOT_FOUND,Nao foram encontrados itens de 'painel pinus' (ou equivalentes) com dimensoes no nome neste site.,['painel pinus'],,,,,,,,,,,,,Bcd Casa E Construcao,ROSARIO DO SUL,ROSARIO DO SUL,Rio Grande do Sul,-30.24403324,-54.94576086
1521,https://belizzemoveis.com.br,painel pinus,NOT_FOUND,Nao foram encontrados itens de 'painel pinus' (ou equivalentes) com dimensoes no nome neste site.,['painel pinus'],,,,,,,,,,,,,Belizze Industria De Moveis Ltda,LAGOA VERMELHA,LAGOA VERMELHA,Rio Grande do Sul,-28.20887025,-51.52722853
1526,https://brv.com.br/,painel pinus,NOT_FOUND,Nao foram encontrados itens de 'painel pinus' (ou equivalentes) com dimensoes no nome neste site.,['painel pinus'],,,,,,,,,,,,,Brv - Moveis Ltda.,BENTO GONCALVES,BENTO GONCALVES,Rio Grande do Sul,-29.16740193,-51.51556031
1533,https://www.atacadosaojorge.com.br/,painel pinus,NOT_FOUND,Nao foram encontrados itens de 'painel pinus' (ou equivalentes) com dimensoes no nome neste site.,['painel pinus'],,,,,,,,,,,,,Madeireira Sao Jorge,PORTAO,PORTAO,Rio Grande do Sul,-29.6962586,-51.23014964
1537,https://www.calviredemac.com.br/,painel pinus,NOT_FOUND,Nao foram encontrados itens de 'painel pinus' (ou equivalentes) com dimensoes no nome neste site.,['painel pinus'],,,,,,,,,,,,,Calvi,VIAMAO,VIAMAO,Rio Grande do Sul,-30.08189684,-51.02482049
1543,https://www.caculacentermat.com.br/,painel pinus,NOT_FOUND,Nao foram encontrados itens de 'painel pinus' (ou equivalentes) com dimensoes no nome neste site.,['painel pinus'],,,,,,,,,,,,,Cacula Materiais Para Construcoes Ltda,PORTO ALEGRE,PORTO ALEGRE,Rio Grande do Sul,-30.03003677,-51.22866046
1552,https://www.briancini.com.br/,painel pinus,NOT_FOUND,Nao foram encontrados itens de 'painel pinus' (ou equivalentes) com dimensoes no nome neste site.,['painel pinus'],,,,,,,,,,,,,"Briancini, Briancini & Cia Ltda",PASSO FUNDO,PASSO FUNDO,Rio Grande do Sul,-28.26176713,-52.40709509
1559,https://www.bigolinmateriais.com.br/,painel pinus,NOT_FOUND,Nao foram encontrados itens de 'painel pinus' (ou equivalentes) com dimensoes no nome neste site.,['painel pinus'],,,,,,,,,,,,,Bigolin Materiais Constru,ERECHIM,ERECHIM,Rio Grande do Sul,-27.63340581,-52.2758769
1566,https://www.casaserra.com.br/,painel pinus,NOT_FOUND,Nao foram encontrados itens de 'painel pinus' (ou equivalentes) com dimensoes no nome neste site.,['painel pinus'],,,,,,,,,,,,,Casa Serra Comercio De Materiais Para Construcao Ltda.,GRAMADO,GRAMADO,Rio Grande do Sul,-29.37973752,-50.8719457
1572,https://moveiscasamia.com.br/,painel pinus,NOT_FOUND,Nao foram encontrados itens de 'painel pinus' (ou equivalentes) com dimensoes no nome neste site.,['painel pinus'],,,,,,,,,,,,,Casamia,BENTO GONCALVES,BENTO GONCALVES,Rio Grande do Sul,-29.16740193,-51.51556031
1579,https://www.construmar.com.br/,painel pinus,NOT_FOUND,Nao foram encontrados itens de 'painel pinus' (ou equivalentes) com dimensoes no nome neste site.,['painel pinus'],,,,,,,,,,,,,Consttrumar,TRAMANDAI,TRAMANDAI,Rio Grande do Sul,-29.98730195,-50.1303765
1582,https://www.cemear.com.br/,painel pinus,NOT_FOUND,Nao foram encontrados itens de 'painel pinus' (ou equivalentes) com dimensoes no nome neste site.,['painel pinus'],,,,,,,,,,,,,Cemear Comercio E Representacao Ltda,PORTO ALEGRE,PORTO ALEGRE,Rio Grande do Sul,-30.03003677,-51.22866046
1591,https://brazilcontemporaneo.com.br,painel pinus,NOT_FOUND,Nao foram encontrados itens de 'painel pinus' (ou equivalentes) com dimensoes no nome neste site.,['painel pinus'],,,,,,,,,,,,,Casa Urbana Moveis Ltda,GRAMADO,GRAMADO,Rio Grande do Sul,-29.37973752,-50.8719457
1597,https://www.ofertasredeconstruir.com.br/mc-da-rosa,painel pinus,NOT_FOUND,Nao foram encontrados itens de 'painel pinus' (ou equivalentes) com dimensoes no nome neste site.,['painel pinus'],,,,,,,,,,,,,Mc Da Rosa Materiais De Construcao E Acabamentos - Xangri,LA,,,,
1598,https://dema.com.br/,painel pinus,NOT_FOUND,Nao foram encontrados itens de 'painel pinus' (ou equivalentes) com dimensoes no nome neste site.,['painel pinus'],,,,,,,,,,,,,Dema - Revestimentos E Acabamentos Ltda - Xangri,LA,,,,
1599,https://www.cimafer.com.br/,painel pinus,NOT_FOUND,Nao foram encontrados itens de 'painel pinus' (ou equivalentes) com dimensoes no nome neste site.,['painel pinus'],,,,,,,,,,,,,Cimafer Comercio De Material Construcao Ltda,PORTO ALEGRE,PORTO ALEGRE,Rio Grande do Sul,-30.03003677,-51.22866046
1608,www.costaneira.com.br,painel pinus,NOT_FOUND,Nao foram encontrados itens de 'painel pinus' (ou equivalentes) com dimensoes no nome neste site.,['painel pinus'],,,,,,,,,,,,,Costaneira - Arno Johann S.A. Comercio De Materiais De Construcao,BENTO GONCALVES,BENTO GONCALVES,Rio Grande do Sul,-29.16740193,-51.51556031
1615,https://www.delaminas.com.br/,painel pinus,NOT_FOUND,Nao foram encontrados itens de 'painel pinus' (ou equivalentes) com dimensoes no nome neste site.,['painel pinus'],,,,,,,,,,,,,Delaminas Industria E Comercio De Moveis Ltda Em Recuperacao Judicial,PORTO ALEGRE,PORTO ALEGRE,Rio Grande do Sul,-30.03003677,-51.22866046
1624,https://www.cassol.com.br,painel pinus,NOT_FOUND,Nao foram encontrados itens de 'painel pinus' (ou equivalentes) com dimensoes no nome neste site.,['painel pinus'],,,,,,,,,,,,,Cassol Center Lar,CANOAS,CANOAS,Rio Grande do Sul,-29.91869671,-51.18102978
1631,https://dinamicareal.com.br,painel pinus,NOT_FOUND,Nao foram encontrados itens de 'painel pinus' (ou equivalentes) com dimensoes no nome neste site.,['painel pinus'],,,,,,,,,,,,,Dinamica Importacao & Exportacao,ARROIO GRANDE,ARROIO GRANDE,Rio Grande do Sul,-32.23634413,-53.08224835
1634,https://www.cotrisal.com.br/,painel pinus,NOT_FOUND,Nao foram encontrados itens de 'painel pinus' (ou equivalentes) com dimensoes no nome neste site.,['painel pinus'],,,,,,,,,,,,,Cotrisal,SARANDI,SARANDI,Paraná,-23.44317201,-51.87368204
1639,https://www.cotrisal.com.br/,painel pinus,NOT_FOUND,Nao foram encontrados itens de 'painel pinus' (ou equivalentes) com dimensoes no nome neste site.,['painel pinus'],,,,,,,,,,,,,Cotrisal,SARANDI,SARANDI,Rio Grande do Sul,-27.94359518,-52.92546106
1642,https://www.divicarmoveis.com.br/,painel pinus,FOUND,Itens encontrados.,['painel pinus'],Painel Árvore com Cabideiros Coleção Hora de Brincar,Alt.202 Larg.135 Prof.2 cm,"R$ 399,00",https://www.divicarmoveis.com.br/painel-arvore-com-cabideiros-colecao-hora-de-brincar,2020,1350,20,399.0,BRL,1.0,,,Divicar Moveis Ltda,LAGOA VERMELHA,LAGOA VERMELHA,Rio Grande do Sul,-28.20887025,-51.52722853
1647,https://www.lojadienstmann.com.br/,painel pinus,NOT_FOUND,Nao foram encontrados itens de 'painel pinus' (ou equivalentes) com dimensoes no nome neste site.,['painel pinus'],,,,,,,,,,,,,Loja Dienstmann - Centro Tecnico Profissional,PORTO ALEGRE,PORTO ALEGRE,Rio Grande do Sul,-30.03003677,-51.22866046
1656,https://www.essenzamoveis.com.br,painel pinus,NOT_FOUND,Nao foram encontrados itens de 'painel pinus' (ou equivalentes) com dimensoes no nome neste site.,['painel pinus'],,,,,,,,,,,,,Ezzenza Design,ANTONIO PRADO,ANTONIO PRADO,Rio Grande do Sul,-28.85543762,-51.28357692
1659,https://www.fabicompensados.com.br/,painel pinus,FOUND,Itens encontrados.,['painel pinus'],PAINEL DE PINUS TAB INT COLADAS LAT 200X100X18MM D3 A,200X100X18MM,"R$ 0,00",https://www.fabicompensados.com.br/produto/00003504/PAINELDEPINUSTABINTCOLADASLAT200X100X18MMD3A,200.0,100.0,18.0,0.0,BRL,1.0,0.00036,0.0,Fabi Comercio De Compensados Ltda,CRUZEIRO DO SUL,CRUZEIRO DO SUL,Acre,-7.630690005,-72.67253132
1663,https://www.fabicompensados.com.br/,painel pinus,FOUND,Itens encontrados.,['painel pinus'],PAINEL DE PINUS TAB INT COLADAS LAT 200X100X18MM D3 A,200X100X18MM,"R$ 0,00",https://www.fabicompensados.com.br/produto/00003504/PAINELDEPINUSTABINTCOLADASLAT200X100X18MMD3A,200.0,100.0,18.0,0.0,BRL,1.0,0.00036,0.0,Fabi Comercio De Compensados Ltda,CRUZEIRO DO SUL,CRUZEIRO DO SUL,Rio Grande do Sul,-29.50829097,-51.99157589
1667,https://esteio.redemac.com.br/,painel pinus,NOT_FOUND,Nao foram encontrados itens de 'painel pinus' (ou equivalentes) com dimensoes no nome neste site.,['painel pinus'],,,,,,,,,,,,,Redemac Esteio,ESTEIO,ESTEIO,Rio Grande do Sul,-29.8521863,-51.14383734
1672,https://www.homelydesign.com.br/,painel pinus,NOT_FOUND,Nao foram encontrados itens de 'painel pinus' (ou equivalentes) com dimensoes no nome neste site.,['painel pinus'],,,,,,,,,,,,,Homely,CAXIAS DO SUL,CAXIAS DO SUL,Rio Grande do Sul,-29.16689901,-51.17886021
1680,https://www.elevato.com.br,painel pinus,NOT_FOUND,Nao foram encontrados itens de 'painel pinus' (ou equivalentes) com dimensoes no nome neste site.,['painel pinus'],,,,,,,,,,,,,Elevato Materiais De Construcao E Decoracao Ltda,NOVO HAMBURGO,NOVO HAMBURGO,Rio Grande do Sul,-29.68632603,-51.12860528
1688,https://www.lorenzet.com.br,painel pinus,NOT_FOUND,Nao foram encontrados itens de 'painel pinus' (ou equivalentes) com dimensoes no nome neste site.,['painel pinus'],,,,,,,,,,,,,Pracasa - Lorenzet,PELOTAS,PELOTAS,Rio Grande do Sul,-31.71959788,-52.34432006
1695,https://www.moveisherval.com.br/,painel pinus,NOT_FOUND,Nao foram encontrados itens de 'painel pinus' (ou equivalentes) com dimensoes no nome neste site.,['painel pinus'],,,,,,,,,,,,,"Herval Industria De Moveis, Colchoes E Espumas Ltda.",DOIS IRMAOS,DOIS IRMAOS,Rio Grande do Sul,-29.58415878,-51.08761931
1700,https://store.originbrazil.com,painel pinus,NOT_FOUND,Nao foram encontrados itens de 'painel pinus' (ou equivalentes) com dimensoes no nome neste site.,['painel pinus'],,,,,,,,,,,,,Go Green Industria De Utilidades Ltda,CAXIAS DO SUL,CAXIAS DO SUL,Rio Grande do Sul,-29.16689901,-51.17886021
1708,https://gmcasaeconstrucao.com.br/,painel pinus,NOT_FOUND,Nao foram encontrados itens de 'painel pinus' (ou equivalentes) com dimensoes no nome neste site.,['painel pinus'],,,,,,,,,,,,,Gm Materiais De Construcao,PASSO FUNDO,PASSO FUNDO,Rio Grande do Sul,-28.26176713,-52.40709509
1715,https://www.geracaomateriais.com.br,painel pinus,NOT_FOUND,Nao foram encontrados itens de 'painel pinus' (ou equivalentes) com dimensoes no nome neste site.,['painel pinus'],,,,,,,,,,,,,Geracao Materiais Para Moveis Ltda,CAXIAS DO SUL,CAXIAS DO SUL,Rio Grande do Sul,-29.16689901,-51.17886021
1723,https://albacete.com.br,painel pinus,NOT_FOUND,Nao foram encontrados itens de 'painel pinus' (ou equivalentes) com dimensoes no nome neste site.,['painel pinus'],,,,,,,,,,,,,Central De Distribuicao Albacete Sul,PORTO ALEGRE,PORTO ALEGRE,Rio Grande do Sul,-30.03003677,-51.22866046
1732,https://bebmoveis.com.br/,painel pinus,NOT_FOUND,Nao foram encontrados itens de 'painel pinus' (ou equivalentes) com dimensoes no nome neste site.,['painel pinus'],,,,,,,,,,,,,B & B Moveis,VERANOPOLIS,VERANOPOLIS,Rio Grande do Sul,-28.93395734,-51.5522869
1737,https://lajesul.com.br/,painel pinus,NOT_FOUND,Nao foram encontrados itens de 'painel pinus' (ou equivalentes) com dimensoes no nome neste site.,['painel pinus'],,,,,,,,,,,,,Lajesul Comercio De Materiais De Construcao Ltda,FAZENDA VILANOVA,FAZENDA VILANOVA,Rio Grande do Sul,-29.58857453,-51.82118304
1739,https://www.jaelimoveis.com.br/,painel pinus,NOT_FOUND,Nao foram encontrados itens de 'painel pinus' (ou equivalentes) com dimensoes no nome neste site.,['painel pinus'],,,,,,,,,,,,,Jaeli Moveis,NOVA CANDELARIA,NOVA CANDELARIA,Rio Grande do Sul,-27.61209816,-54.10411424
1741,https://www.josane.com.br/,painel pinus,NOT_FOUND,Nao foram encontrados itens de 'painel pinus' (ou equivalentes) com dimensoes no nome neste site.,['painel pinus'],,,,,,,,,,,,,Joseange Materiais De Construcao E Obras De Engenharia Ltda,GUAIBA,GUAIBA,Rio Grande do Sul,-30.10860192,-51.31468366
1745,https://madeireirakf.com/,painel pinus,NOT_FOUND,Nao foram encontrados itens de 'painel pinus' (ou equivalentes) com dimensoes no nome neste site.,['painel pinus'],,,,,,,,,,,,,Kellermann & Freitas Ltda,VIAMAO,VIAMAO,Rio Grande do Sul,-30.08189684,-51.02482049
1751,https://www.lojasbecker.com,painel pinus,NOT_FOUND,Nao foram encontrados itens de 'painel pinus' (ou equivalentes) com dimensoes no nome neste site.,['painel pinus'],,,,,,,,,,,,,Lojas Becker,TAQUARI,TAQUARI,Rio Grande do Sul,-29.80280085,-51.86277648
1754,http://jjmachadors.com.br,painel pinus,NOT_FOUND,Nao foram encontrados itens de 'painel pinus' (ou equivalentes) com dimensoes no nome neste site.,['painel pinus'],,,,,,,,,,,,,Jj Machado - Xangri,LA,,,,
1755,https://www.loja.fricke.com.br/,painel pinus,NOT_FOUND,Nao foram encontrados itens de 'painel pinus' (ou equivalentes) com dimensoes no nome neste site.,['painel pinus'],,,,,,,,,,,,,Lojas Fricke Ltda.,IJUI,IJUI,Rio Grande do Sul,-28.38853654,-53.91806684
1760,https://www.jrcimento.com.br,painel pinus,NOT_FOUND,Nao foram encontrados itens de 'painel pinus' (ou equivalentes) com dimensoes no nome neste site.,['painel pinus'],,,,,,,,,,,,,Jr Comercio De Cimento E Concreto Ltda,PASSO FUNDO,PASSO FUNDO,Rio Grande do Sul,-28.26176713,-52.40709509
1767,https://www.madehar.com.br/,painel pinus,NOT_FOUND,Nao foram encontrados itens de 'painel pinus' (ou equivalentes) com dimensoes no nome neste site.,['painel pinus'],,,,,,,,,,,,,Madehar Comercio De Materiais De Construcao Ltda,SAO LOURENCO DO SUL,SAO LOURENCO DO SUL,Rio Grande do Sul,-31.36402372,-51.97691524
1770,https://www.castilhosrc.com.br/,painel pinus,NOT_FOUND,Nao foram encontrados itens de 'painel pinus' (ou equivalentes) com dimensoes no nome neste site.,['painel pinus'],,,,,,,,,,,,,Madeireira Castilhos,TRAMANDAI,TRAMANDAI,Rio Grande do Sul,-29.98730195,-50.1303765
1773,https://www.madesa.com/,painel pinus,NOT_FOUND,Nao foram encontrados itens de 'painel pinus' (ou equivalentes) com dimensoes no nome neste site.,['painel pinus'],,,,,,,,,,,,,M D Moveis Ltda,BOM PRINCIPIO,BOM PRINCIPIO,Rio Grande do Sul,-29.49448511,-51.3555191
1777,https://macromadeiras.com.br/,painel pinus,NOT_FOUND,Nao foram encontrados itens de 'painel pinus' (ou equivalentes) com dimensoes no nome neste site.,['painel pinus'],,,,,,,,,,,,,Macro Madeiras Ltda,CAXIAS DO SUL,CAXIAS DO SUL,Rio Grande do Sul,-29.16689901,-51.17886021
1785,https://www.leroymerlin.com.br/,painel pinus,FOUND,Itens encontrados.,['painel pinus'],Painel de madeira pinus 17mm mel 30x200cm settis,"17mm, 30x200cm","R$ 139,90 cada",https://www.leroymerlin.com.br/painel-de-madeira-pinus-17mm-mel-30x200cm-settis_92407910?referrer=category-page,300.0,2000.0,17.0,139.9,BRL,1.0,0.000102,1371568.6274509805,Leroy Merlin Companhia Brasileira De Bricolagem,CACHOEIRINHA,CACHOEIRINHA,Rio Grande do Sul,-29.95062944,-51.09367695
1792,https://www.leroymerlin.com.br/,painel pinus,FOUND,Itens encontrados.,['painel pinus'],Painel sarrafeado pinus 18mm,18mm,"R$ 707,25 cada",https://www.leroymerlin.com.br/painel-sarrafeado-pinus-18mm_1570817378?referrer=category-page,,,18.0,707.25,BRL,1.0,,,Leroy Merlin Companhia Brasileira De Bricolagem,CACHOEIRINHA,CACHOEIRINHA,Rio Grande do Sul,-29.95062944,-51.09367695
1799,https://www.leroymerlin.com.br/,painel pinus,FOUND,Itens encontrados.,['painel pinus'],Painel Chapa Madeira Natural Tramontina - 1m X 30cm Com 18mm,1m x 30cm com 18mm de espessura,"R$ 71,90 cada",https://www.leroymerlin.com.br/painel-chapa-madeira-natural-tramontina-1m-x-30cm-com-18mm-de-espessura_1566925979?referrer=category-page,1000,300,18.0,71.9,BRL,1.0,,,Leroy Merlin Companhia Brasileira De Bricolagem,CACHOEIRINHA,CACHOEIRINHA,Rio Grande do Sul,-29.95062944,-51.09367695
1806,https://redemac.com.br/,painel pinus,NOT_FOUND,Nao foram encontrados itens de 'painel pinus' (ou equivalentes) com dimensoes no nome neste site.,['painel pinus'],,,,,,,,,,,,,Materiais De Construcao Elem,LAVRAS DO SUL,LAVRAS DO SUL,Rio Grande do Sul,-30.81200999,-53.89847666
1807,http://www.madeleinet.com.br,painel pinus,NOT_FOUND,Nao foram encontrados itens de 'painel pinus' (ou equivalentes) com dimensoes no nome neste site.,['painel pinus'],,,,,,,,,,,,,Madelei Produtos Para Moveis E Decoracao Ltda,PORTO ALEGRE,PORTO ALEGRE,Rio Grande do Sul,-30.03003677,-51.22866046
1816,https://www.queroquero.com.br/,painel pinus,FOUND,Itens encontrados.,['painel pinus'],"Painel de Madeira Pinus Fingada Santa Luzia 1,7x30x90","1,7x30x90","R$ 28,49",https://www.queroquero.com.br/painel-de-madeira-pinus-fingada-santa-luzia-1-7x30x90/p,17.0,300,900,28.49,BRL,1.0,,,Lojas Quero-Quero,TRAMANDAI,TRAMANDAI,Rio Grande do Sul,-29.98730195,-50.1303765
1819,https://www.queroquero.com.br/,painel pinus,FOUND,Itens encontrados.,['painel pinus'],"Painel de Madeira Pinus Fingada Santa Luzia 1,7x30x60","1,7x30x60","R$ 18,99",https://www.queroquero.com.br/painel-de-madeira-pinus-fingada-santa-luzia-1-7x30x60/p,17.0,300,600,18.99,BRL,1.0,,,Lojas Quero-Quero,TRAMANDAI,TRAMANDAI,Rio Grande do Sul,-29.98730195,-50.1303765
1822,https://www.queroquero.com.br/,painel pinus,FOUND,Itens encontrados.,['painel pinus'],"Painel de Madeira Pinus Fingada Santa Luzia 1,7x30x120","1,7x30x120","R$ 37,99",https://www.queroquero.com.br/painel-de-madeira-pinus-fingada-santa-luzia-1-7x30x120/p,17.0,300,1200,37.99,BRL,1.0,,,Lojas Quero-Quero,TRAMANDAI,TRAMANDAI,Rio Grande do Sul,-29.98730195,-50.1303765
1825,https://www.queroquero.com.br/,painel pinus,FOUND,Itens encontrados.,['painel pinus'],Painel Sarrafeado Pinus 18mm,18mm,"R$ 707,25",https://www.queroquero.com.br/painel-sarrafeado-pinus-18mm-609429/p,,,18.0,707.25,BRL,1.0,,,Lojas Quero-Quero,TRAMANDAI,TRAMANDAI,Rio Grande do Sul,-29.98730195,-50.1303765
1828,https://www.queroquero.com.br/,painel pinus,FOUND,Itens encontrados.,['painel pinus'],Painel Chapa Madeira Modulare Em Madeira Pinus 2000x300x18 Mm,2000x300x18 Mm,"R$ 69,20",https://www.queroquero.com.br/painel-chapa-madeira-modulare-em-madeira-pinus-2000x300x18-mm-----2m-x-30cm-co-466217/p,2000.0,300.0,18.0,69.2,BRL,1.0,0.0108,6407.407407407407,Lojas Quero-Quero,TRAMANDAI,TRAMANDAI,Rio Grande do Sul,-29.98730195,-50.1303765
1831,https://www.queroquero.com.br/,painel pinus,FOUND,Itens encontrados.,['painel pinus'],Painel Tramontina Modulare Madeira Pinus Acabamento Mel 1000x200x18mm,1000x200x18mm,"R$ 65,47",https://www.queroquero.com.br/painel-tramontina-modulare-madeira-pinus-acabamento-mel-1000x200x18mm-tramontina-478355/p,1000.0,200.0,18.0,65.47,BRL,1.0,0.0036,18186.11111111111,Lojas Quero-Quero,TRAMANDAI,TRAMANDAI,Rio Grande do Sul,-29.98730195,-50.1303765
1834,https://www.queroquero.com.br/,painel pinus,FOUND,Itens encontrados.,['painel pinus'],Painel Modulare em Madeira Pinus 2000X200X18 Mm,2000X200X18 Mm,"R$ 132,79",https://www.queroquero.com.br/painel-modulare-em-madeira-pinus-2000x200x18-mm-266118/p,2000.0,200.0,18.0,132.79,BRL,1.0,0.0072,18443.055555555555,Lojas Quero-Quero,TRAMANDAI,TRAMANDAI,Rio Grande do Sul,-29.98730195,-50.1303765
1837,https://www.queroquero.com.br/,painel pinus,FOUND,Itens encontrados.,['painel pinus'],"Painel De Madeira De Pinus 1,8x40x150 Cubomob Natural","1,8x40x150","R$ 104,00",https://www.queroquero.com.br/painel-de-madeira-de-pinus-18x40x150-cubomob-natural-442717/p,18.0,400,1500,104.0,BRL,1.0,,,Lojas Quero-Quero,TRAMANDAI,TRAMANDAI,Rio Grande do Sul,-29.98730195,-50.1303765
1840,https://www.queroquero.com.br/,painel pinus,FOUND,Itens encontrados.,['painel pinus'],Painel Modulare em Madeira Pinus 1500X400X18 Mm,1500X400X18 Mm,"R$ 180,92",https://www.queroquero.com.br/painel-modulare-em-madeira-pinus-1500x400x18-mm-266111/p,1500.0,400.0,18.0,180.92,BRL,1.0,0.0108,16751.85185185185,Lojas Quero-Quero,TRAMANDAI,TRAMANDAI,Rio Grande do Sul,-29.98730195,-50.1303765
1843,https://www.queroquero.com.br/,painel pinus,FOUND,Itens encontrados.,['painel pinus'],Painel Modulare em Madeira Pinus 1000X300X18 Mm,1000X300X18 Mm,"R$ 99,80",https://www.queroquero.com.br/painel-modulare-em-madeira-pinus-1000x300x18-mm-266099/p,1000.0,300.0,18.0,99.8,BRL,1.0,0.0054,18481.48148148148,Lojas Quero-Quero,TRAMANDAI,TRAMANDAI,Rio Grande do Sul,-29.98730195,-50.1303765
1846,https://www.queroquero.com.br/,painel pinus,FOUND,Itens encontrados.,['painel pinus'],Painel Modulare em Madeira Pinus 600X300X18 Mm,600X300X18 Mm,"R$ 59,76",https://www.queroquero.com.br/painel-modulare-em-madeira-pinus-600x300x18-mm-266106/p,600.0,300.0,18.0,59.76,BRL,1.0,0.00324,18444.444444444445,Lojas Quero-Quero,TRAMANDAI,TRAMANDAI,Rio Grande do Sul,-29.98730195,-50.1303765
1849,https://www.queroquero.com.br/,painel pinus,FOUND,Itens encontrados.,['painel pinus'],Painel Tramontina Modulare Madeira Pinus Acabamento Mel 1200x200x18mm,1200x200x18mm,"R$ 87,32",https://www.queroquero.com.br/painel-tramontina-modulare-madeira-pinus-acabamento-mel-1200x200x18mm-tramontina-541309/p,1200.0,200.0,18.0,87.32,BRL,1.0,0.00432,20212.96296296296,Lojas Quero-Quero,TRAMANDAI,TRAMANDAI,Rio Grande do Sul,-29.98730195,-50.1303765
1852,https://www.queroquero.com.br/,painel pinus,FOUND,Itens encontrados.,['painel pinus'],Painel Tramontina Modulare Em Madeira Pinus Com Acabamento Castanho Escuro 1200x200x12 Mm,1200x200x12 Mm,"R$ 75,05",https://www.queroquero.com.br/painel-tramontina-modulare-em-madeira-pinus-com-acabamento-castanho-escuro-1200x200x12-mm-tramontina-252645/p,1200.0,200.0,12.0,75.05,BRL,1.0,0.00288,26059.027777777774,Lojas Quero-Quero,TRAMANDAI,TRAMANDAI,Rio Grande do Sul,-29.98730195,-50.1303765
1855,https://www.queroquero.com.br/,painel pinus,FOUND,Itens encontrados.,['painel pinus'],Painel Modulare em Madeira Pinus 1000X400X18 Mm,1000X400X18 Mm,"R$ 102,55",https://www.queroquero.com.br/painel-modulare-em-madeira-pinus-1000x400x18-mm-266108/p,1000.0,400.0,18.0,102.55,BRL,1.0,0.0072,14243.055555555557,Lojas Quero-Quero,TRAMANDAI,TRAMANDAI,Rio Grande do Sul,-29.98730195,-50.1303765
1858,https://www.queroquero.com.br/,painel pinus,FOUND,Itens encontrados.,['painel pinus'],Painel Modulare em Madeira Pinus 800X300X18 Mm,800X300X18 Mm,"R$ 79,82",https://www.queroquero.com.br/painel-modulare-em-madeira-pinus-800x300x18-mm-266102/p,800.0,300.0,18.0,79.82,BRL,1.0,0.00432,18476.85185185185,Lojas Quero-Quero,TRAMANDAI,TRAMANDAI,Rio Grande do Sul,-29.98730195,-50.1303765
1861,https://www.queroquero.com.br/,painel pinus,FOUND,Itens encontrados.,['painel pinus'],Painel Tramontina Modulare Em Madeira Pinus Com Acabamento Natural 600x200x18 Mm,600x200x18 Mm,"R$ 40,09",https://www.queroquero.com.br/painel-tramontina-modulare-em-madeira-pinus-com-acabamento-natural-600x200x18-mm-258876/p,600.0,200.0,18.0,40.09,BRL,1.0,0.00216,18560.185185185182,Lojas Quero-Quero,TRAMANDAI,TRAMANDAI,Rio Grande do Sul,-29.98730195,-50.1303765
1864,https://www.queroquero.com.br/,painel pinus,FOUND,Itens encontrados.,['painel pinus'],Painel Tramontina Modulare Em Madeira Pinus Com Acabamento Branco E Borda Em Pvc 1500x300x18 Mm,1500x300x18 Mm,"R$ 225,21",https://www.queroquero.com.br/painel-tramontina-modulare-em-madeira-pinus-com-acabamento-branco-e-borda-em-pvc-1500x300x18-mm-252646/p,1500.0,300.0,18.0,225.21,BRL,1.0,0.0081,27803.703703703704,Lojas Quero-Quero,TRAMANDAI,TRAMANDAI,Rio Grande do Sul,-29.98730195,-50.1303765
1867,https://www.queroquero.com.br/,painel pinus,FOUND,Itens encontrados.,['painel pinus'],Painel Horizontal Pinus Casa UD Com Stein 50x100cm,50x100cm,Indisponível,https://www.queroquero.com.br/painel-horizontal-pinus-casa-ud-com-stein-50x100cm/p,50.0,100.0,,,,1.0,,,Lojas Quero-Quero,TRAMANDAI,TRAMANDAI,Rio Grande do Sul,-29.98730195,-50.1303765
1870,https://www.queroquero.com.br/,painel pinus,FOUND,Itens encontrados.,['painel pinus'],Painel Horizontal Pinus Casa UD Com Stein 30x50cm,30x50cm,Indisponível,https://www.queroquero.com.br/painel-horizontal-pinus-casa-ud-com-stein-30x50cm/p,30.0,50.0,,,,1.0,,,Lojas Quero-Quero,TRAMANDAI,TRAMANDAI,Rio Grande do Sul,-29.98730195,-50.1303765
1873,https://www.rossicar.com.br,painel pinus,NOT_FOUND,Nao foram encontrados itens de 'painel pinus' (ou equivalentes) com dimensoes no nome neste site.,['painel pinus'],,,,,,,,,,,,,Rossi,FARROUPILHA,FARROUPILHA,Rio Grande do Sul,-29.22367919,-51.34834957
1879,https://dauge.com.br/,painel pinus,NOT_FOUND,Nao foram encontrados itens de 'painel pinus' (ou equivalentes) com dimensoes no nome neste site.,['painel pinus'],,,,,,,,,,,,,Dauge,PORTO ALEGRE,PORTO ALEGRE,Rio Grande do Sul,-30.03003677,-51.22866046
1888,https://www.loja.marelli.com.br/,painel pinus,NOT_FOUND,Nao foram encontrados itens de 'painel pinus' (ou equivalentes) com dimensoes no nome neste site.,['painel pinus'],,,,,,,,,,,,,Marelli Moveis Para Escritorio S/A,CAXIAS DO SUL,CAXIAS DO SUL,Rio Grande do Sul,-29.16689901,-51.17886021
1896,https://www.moveiscastro.com.br,painel pinus,NOT_FOUND,Nao foram encontrados itens de 'painel pinus' (ou equivalentes) com dimensoes no nome neste site.,['painel pinus'],,,,,,,,,,,,,Moveis Castro,TAQUARI,TAQUARI,Rio Grande do Sul,-29.80280085,-51.86277648
1899,https://morelli.redemac.com.br/,painel pinus,NOT_FOUND,Nao foram encontrados itens de 'painel pinus' (ou equivalentes) com dimensoes no nome neste site.,['painel pinus'],,,,,,,,,,,,,Morelli Comercio De Materiais De Construcao Ltda,ESTRELA,ESTRELA,Rio Grande do Sul,-29.50347188,-51.97026029
1903,https://loja.carraro.com.br/,painel pinus,NOT_FOUND,Nao foram encontrados itens de 'painel pinus' (ou equivalentes) com dimensoes no nome neste site.,['painel pinus'],,,,,,,,,,,,,Moveis Carraro Ltda,BENTO GONCALVES,BENTO GONCALVES,Rio Grande do Sul,-29.16740193,-51.51556031
1910,https://www.dallacosta.com.br,painel pinus,NOT_FOUND,Nao foram encontrados itens de 'painel pinus' (ou equivalentes) com dimensoes no nome neste site.,['painel pinus'],,,,,,,,,,,,,Moveis Dalla Costa Ltda,BENTO GONCALVES,BENTO GONCALVES,Rio Grande do Sul,-29.16740193,-51.51556031
1917,https://www.moveisprimavera.com.br/,painel pinus,NOT_FOUND,Nao foram encontrados itens de 'painel pinus' (ou equivalentes) com dimensoes no nome neste site.,['painel pinus'],,,,,,,,,,,,,Moveis Primavera Ltda,NOVO HAMBURGO,NOVO HAMBURGO,Rio Grande do Sul,-29.68632603,-51.12860528
1925,https://rohde.com.br,painel pinus,NOT_FOUND,Nao foram encontrados itens de 'painel pinus' (ou equivalentes) com dimensoes no nome neste site.,['painel pinus'],,,,,,,,,,,,,Moveis Rohde Ltda,RESTINGA SECA,RESTINGA SECA,Rio Grande do Sul,-29.81394854,-53.37056858
1929,https://www.moveissul.com.br/,painel pinus,NOT_FOUND,Nao foram encontrados itens de 'painel pinus' (ou equivalentes) com dimensoes no nome neste site.,['painel pinus'],,,,,,,,,,,,,Moveis Sul Industria E Comercio Ltda,LAGOA VERMELHA,LAGOA VERMELHA,Rio Grande do Sul,-28.20887025,-51.52722853
1934,https://www.multimoveis.com/,painel pinus,NOT_FOUND,Nao foram encontrados itens de 'painel pinus' (ou equivalentes) com dimensoes no nome neste site.,['painel pinus'],,,,,,,,,,,,,Multicenter Industria De Moveis Ltda,BENTO GONCALVES,BENTO GONCALVES,Rio Grande do Sul,-29.16740193,-51.51556031
1941,https://fachi.com.br/,painel pinus,NOT_FOUND,Nao foram encontrados itens de 'painel pinus' (ou equivalentes) com dimensoes no nome neste site.,['painel pinus'],,,,,,,,,,,,,Materiais De Construcao Fachi Ltda,CANOAS,CANOAS,Rio Grande do Sul,-29.91869671,-51.18102978
1948,https://www.multimoveis.com,painel pinus,NOT_FOUND,Nao foram encontrados itens de 'painel pinus' (ou equivalentes) com dimensoes no nome neste site.,['painel pinus'],,,,,,,,,,,,,Multimoveis Industria De Moveis Ltda,BENTO GONCALVES,BENTO GONCALVES,Rio Grande do Sul,-29.16740193,-51.51556031
1955,https://www.nhmateriais.com.br/,painel pinus,NOT_FOUND,Nao foram encontrados itens de 'painel pinus' (ou equivalentes) com dimensoes no nome neste site.,['painel pinus'],,,,,,,,,,,,,Novo Hamburgo Materiais De Construcao Ltda,ESTANCIA VELHA,ESTANCIA VELHA,Rio Grande do Sul,-29.65014797,-51.17429392
1960,https://www.multichapas.com.br/,painel pinus,NOT_FOUND,Nao foram encontrados itens de 'painel pinus' (ou equivalentes) com dimensoes no nome neste site.,['painel pinus'],,,,,,,,,,,,,Multichapas Produtos Para Moveis Ltda,PORTO ALEGRE,PORTO ALEGRE,Rio Grande do Sul,-30.03003677,-51.22866046
1969,https://www.plamacol.com.br/,painel pinus,NOT_FOUND,Nao foram encontrados itens de 'painel pinus' (ou equivalentes) com dimensoes no nome neste site.,['painel pinus'],,,,,,,,,,,,,Plamacol,IVOTI,IVOTI,Rio Grande do Sul,-29.59415652,-51.15957419
1973,https://www.palmasola.com.br,painel pinus,NOT_FOUND,Nao foram encontrados itens de 'painel pinus' (ou equivalentes) com dimensoes no nome neste site.,['painel pinus'],,,,,,,,,,,,,Palmasola S A Madeiras E Agricultura,PORTO ALEGRE,PORTO ALEGRE,Rio Grande do Sul,-30.03003677,-51.22866046
1982,https://novomillenium.com.br/,painel pinus,FOUND,Itens encontrados.,['painel pinus'],Painel Maciço Qualidade CC,2500 x 1250 x 100,,https://novomillenium.com.br/produtos/painel-macico-qualidade-cc,2500.0,1250.0,,,,1.0,,,Novo Millenium Moveis Ltda.,FLORES DA CUNHA,FLORES DA CUNHA,Rio Grande do Sul,-29.03114214,-51.18222058
1988,https://novomillenium.com.br/,painel pinus,FOUND,Itens encontrados.,['painel pinus'],Painel Finger Face Qualidade AA,2500 x 1250 x 100,,https://novomillenium.com.br/produtos/painel-finger-face-qualidade-aa,2500.0,1250.0,,,,1.0,,,Novo Millenium Moveis Ltda.,FLORES DA CUNHA,FLORES DA CUNHA,Rio Grande do Sul,-29.03114214,-51.18222058
1994,https://novomillenium.com.br/,painel pinus,FOUND,Itens encontrados.,['painel pinus'],Painel Finger Lateral Qualidade AA,2500 x 1250 x 100,,https://novomillenium.com.br/produtos/painel-finger-lateral-qualidade-aa,2500.0,1250.0,,,,1.0,,,Novo Millenium Moveis Ltda.,FLORES DA CUNHA,FLORES DA CUNHA,Rio Grande do Sul,-29.03114214,-51.18222058
2000,https://novomillenium.com.br/,painel pinus,FOUND,Itens encontrados.,['painel pinus'],Painel Finger Lateral Qualidade BC,2500 x 1250 x 100,,https://novomillenium.com.br/produtos/painel-finger-lateral-qualidade-bc,2500.0,1250.0,,,,1.0,,,Novo Millenium Moveis Ltda.,FLORES DA CUNHA,FLORES DA CUNHA,Rio Grande do Sul,-29.03114214,-51.18222058
2006,https://novomillenium.com.br/,painel pinus,FOUND,Itens encontrados.,['painel pinus'],Painel Base para Revestimento Qualidade B,3300 x 1250 x 100,,https://novomillenium.com.br/produtos/painel-base-para-revestimento-qualidade-b,3300.0,1250.0,,,,1.0,,,Novo Millenium Moveis Ltda.,FLORES DA CUNHA,FLORES DA CUNHA,Rio Grande do Sul,-29.03114214,-51.18222058
2012,https://novomillenium.com.br/,painel pinus,FOUND,Itens encontrados.,['painel pinus'],Painel Base para Revestimento Qualidade C,3300 x 1250 x 100,,https://novomillenium.com.br/produtos/painel-base-para-revestimento-qualidade-c,3300.0,1250.0,,,,1.0,,,Novo Millenium Moveis Ltda.,FLORES DA CUNHA,FLORES DA CUNHA,Rio Grande do Sul,-29.03114214,-51.18222058
2018,https://www.portobello.com.br,painel pinus,NOT_FOUND,Nao foram encontrados itens de 'painel pinus' (ou equivalentes) com dimensoes no nome neste site.,['painel pinus'],,,,,,,,,,,,,Portobello Shop,PORTO ALEGRE,PORTO ALEGRE,Rio Grande do Sul,-30.03003677,-51.22866046
2027,https://www.madeireiravirtual.com.br/,painel pinus,NOT_FOUND,Nao foram encontrados itens de 'painel pinus' (ou equivalentes) com dimensoes no nome neste site.,['painel pinus'],,,,,,,,,,,,,Virtual Materiais De Construcao,ALVORADA,ALVORADA,Rio Grande do Sul,-29.99749306,-51.07772945
2031,https://www.promovel.com.br,painel pinus,NOT_FOUND,Nao foram encontrados itens de 'painel pinus' (ou equivalentes) com dimensoes no nome neste site.,['painel pinus'],,,,,,,,,,,,,Pro-Movel,CAXIAS DO SUL,CAXIAS DO SUL,Rio Grande do Sul,-29.16689901,-51.17886021
2039,https://www.schoolcentershop.com.br/,painel pinus,NOT_FOUND,Nao foram encontrados itens de 'painel pinus' (ou equivalentes) com dimensoes no nome neste site.,['painel pinus'],,,,,,,,,,,,,School Center Industria De Moveis Escolares Ltda.,GARIBALDI,GARIBALDI,Rio Grande do Sul,-29.25454911,-51.52954846
2048,www.carvalhomateriais.com.br,painel pinus,NOT_FOUND,Nao foram encontrados itens de 'painel pinus' (ou equivalentes) com dimensoes no nome neste site.,['painel pinus'],,,,,,,,,,,,,Carvalho Materiais De Construcao,ERECHIM,ERECHIM,Rio Grande do Sul,-27.63340581,-52.2758769
2055,https://madesandri.com.br/,painel pinus,NOT_FOUND,Nao foram encontrados itens de 'painel pinus' (ou equivalentes) com dimensoes no nome neste site.,['painel pinus'],,,,,,,,,,,,,Sandri Groehs & Cia Ltda,SAO LEOPOLDO,SAO LEOPOLDO,Rio Grande do Sul,-29.76586654,-51.14623456
2062,https://www.schirmann.com.br,painel pinus,NOT_FOUND,Nao foram encontrados itens de 'painel pinus' (ou equivalentes) com dimensoes no nome neste site.,['painel pinus'],,,,,,,,,,,,,Schirmann Materiais E Solucoes Para A Contrucao Ltda,IJUI,IJUI,Rio Grande do Sul,-28.38853654,-53.91806684
2067,https://www.kottwitzcenter.com.br/,painel pinus,NOT_FOUND,Nao foram encontrados itens de 'painel pinus' (ou equivalentes) com dimensoes no nome neste site.,['painel pinus'],,,,,,,,,,,,,Kottwitz - Materiais De Construcao,CANDELARIA,CANDELARIA,Rio Grande do Sul,-29.67128542,-52.78966844
2069,https://www.espacosmart.com.br,painel pinus,NOT_FOUND,Nao foram encontrados itens de 'painel pinus' (ou equivalentes) com dimensoes no nome neste site.,['painel pinus'],,,,,,,,,,,,,Smart Center Comercio De Materiais De Construcao Ltda,GRAMADO,GRAMADO,Rio Grande do Sul,-29.37973752,-50.8719457
2075,https://www.sierra.com.br,painel pinus,NOT_FOUND,Nao foram encontrados itens de 'painel pinus' (ou equivalentes) com dimensoes no nome neste site.,['painel pinus'],,,,,,,,,,,,,Sierra Moveis Ltda,GRAMADO,GRAMADO,Rio Grande do Sul,-29.37973752,-50.8719457
2081,https://www.signor.com.br,painel pinus,NOT_FOUND,Nao foram encontrados itens de 'painel pinus' (ou equivalentes) com dimensoes no nome neste site.,['painel pinus'],,,,,,,,,,,,,Signor Erechim Ltda,ERECHIM,ERECHIM,Rio Grande do Sul,-27.63340581,-52.2758769
2088,https://www.lojasolar.com.br,painel pinus,NOT_FOUND,Nao foram encontrados itens de 'painel pinus' (ou equivalentes) com dimensoes no nome neste site.,['painel pinus'],,,,,,,,,,,,,Lojas Solar,VALE REAL,VALE REAL,Rio Grande do Sul,-29.39228062,-51.25119656
2091,http://www.pisorei.com.br/,painel pinus,NOT_FOUND,Nao foram encontrados itens de 'painel pinus' (ou equivalentes) com dimensoes no nome neste site.,['painel pinus'],,,,,,,,,,,,,Piso Rei,GRAVATAI,GRAVATAI,Rio Grande do Sul,-29.94551891,-50.99079297
2099,https://www.casatotalmoveis.com.br/,painel pinus,NOT_FOUND,Nao foram encontrados itens de 'painel pinus' (ou equivalentes) com dimensoes no nome neste site.,['painel pinus'],,,,,,,,,,,,,Total Comercio De Moveis E Materiais De Construcao Ltda,PORTO ALEGRE,PORTO ALEGRE,Rio Grande do Sul,-30.03003677,-51.22866046
2108,https://thony.com.br/,painel pinus,NOT_FOUND,Nao foram encontrados itens de 'painel pinus' (ou equivalentes) com dimensoes no nome neste site.,['painel pinus'],,,,,,,,,,,,,Thony Ferragem Ltda,PORTO ALEGRE,PORTO ALEGRE,Rio Grande do Sul,-30.03003677,-51.22866046
2117,http://www.tissot.com.br,painel pinus,NOT_FOUND,Nao foram encontrados itens de 'painel pinus' (ou equivalentes) com dimensoes no nome neste site.,['painel pinus'],,,,,,,,,,,,,Tissot Moveis Ltda,GRAMADO,GRAMADO,Rio Grande do Sul,-29.37973752,-50.8719457
2123,https://www.superproatacado.com.br/,painel pinus,NOT_FOUND,Nao foram encontrados itens de 'painel pinus' (ou equivalentes) com dimensoes no nome neste site.,['painel pinus'],,,,,,,,,,,,,Super Pro Atacado,ESTEIO,ESTEIO,Rio Grande do Sul,-29.8521863,-51.14383734
2128,https://tuacasaferragem.com.br/,painel pinus,NOT_FOUND,Nao foram encontrados itens de 'painel pinus' (ou equivalentes) com dimensoes no nome neste site.,['painel pinus'],,,,,,,,,,,,,Tua Casa Ferragem,PORTO ALEGRE,PORTO ALEGRE,Rio Grande do Sul,-30.03003677,-51.22866046
2137,https://www.tramontina.com.br/,painel pinus,FOUND,Itens encontrados.,['painel pinus'],Painel Tramontina Modulare em Madeira Pinus com Acabamento Mel 1200x300x18 mm,1200x300x18 mm,"R$ 53,67",https://www.tramontina.com.br/painel-tramontina-modulare-em-madeira-pinus-com-acabamento-mel-1200x300x18-mm/91131123.html,1200.0,300.0,18.0,53.67,BRL,1.0,0.00648,8282.407407407409,Tramontina Garibaldi Sa Industria Metalurgica,GARIBALDI,GARIBALDI,Rio Grande do Sul,-29.25454911,-51.52954846
2146,https://www.tramontina.com.br/,painel pinus,FOUND,Itens encontrados.,['painel pinus'],Painel Tramontina Modulare em Madeira Pinus com Acabamento Branco e Borda 600x300x18 mm,600x300x18 mm,"R$ 27,03",https://www.tramontina.com.br/painel-tramontina-modulare-em-madeira-pinus-com-acabamento-branco-e-borda-600x300x18-mm/91154063.html,600.0,300.0,18.0,27.03,BRL,1.0,0.00324,8342.592592592593,Tramontina Garibaldi Sa Industria Metalurgica,GARIBALDI,GARIBALDI,Rio Grande do Sul,-29.25454911,-51.52954846
2155,https://www.tramontina.com.br/,painel pinus,FOUND,Itens encontrados.,['painel pinus'],Painel Tramontina Modulare em Madeira Pinus com Acabamento Branco e Borda 1000x300x18 mm,1000x300x18 mm,"R$ 45,08",https://www.tramontina.com.br/painel-tramontina-modulare-em-madeira-pinus-com-acabamento-branco-e-borda-1000x300x18-mm/91154103.html,1000.0,300.0,18.0,45.08,BRL,1.0,0.0054,8348.148148148148,Tramontina Garibaldi Sa Industria Metalurgica,GARIBALDI,GARIBALDI,Rio Grande do Sul,-29.25454911,-51.52954846
2164,https://www.tramontina.com.br/,painel pinus,FOUND,Itens encontrados.,['painel pinus'],Painel Tramontina Modulare em Madeira Pinus com Acabamento Branco e Borda 1500x400x18 mm,1500x400x18 mm,"R$ 89,30",https://www.tramontina.com.br/painel-tramontina-modulare-em-madeira-pinus-com-acabamento-branco-e-borda-1500x400x18-mm/91154154.html,1500.0,400.0,18.0,89.3,BRL,1.0,0.0108,8268.518518518518,Tramontina Garibaldi Sa Industria Metalurgica,GARIBALDI,GARIBALDI,Rio Grande do Sul,-29.25454911,-51.52954846
2173,https://www.tramontina.com.br/,painel pinus,FOUND,Itens encontrados.,['painel pinus'],Painel Tramontina Modulare em Madeira Pinus com Acabamento Branco e Borda 2000x300x18 mm,2000x300x18 mm,"R$ 89,30",https://www.tramontina.com.br/painel-tramontina-modulare-em-madeira-pinus-com-acabamento-branco-e-borda-2000x300x18-mm/91154203.html,2000.0,300.0,18.0,89.3,BRL,1.0,0.0108,8268.518518518518,Tramontina Garibaldi Sa Industria Metalurgica,GARIBALDI,GARIBALDI,Rio Grande do Sul,-29.25454911,-51.52954846
2182,https://www.tramontina.com.br/,painel pinus,FOUND,Itens encontrados.,['painel pinus'],Painel Tramontina Modulare em Madeira Pinus com Acabamento Branco e Borda 800x400x18 mm,800x400x18 mm,"R$ 45,55",https://www.tramontina.com.br/painel-tramontina-modulare-em-madeira-pinus-com-acabamento-branco-e-borda-800x400x18-mm/91154084.html,800.0,400.0,18.0,45.55,BRL,1.0,0.00576,7907.98611111111,Tramontina Garibaldi Sa Industria Metalurgica,GARIBALDI,GARIBALDI,Rio Grande do Sul,-29.25454911,-51.52954846
2191,https://www.tramontina.com.br/,painel pinus,FOUND,Itens encontrados.,['painel pinus'],Painel Tramontina Modulare em Madeira Pinus com Acabamento Branco e Borda 1200x200x18 mm,1200x200x18 mm,"R$ 36,05",https://www.tramontina.com.br/painel-tramontina-modulare-em-madeira-pinus-com-acabamento-branco-e-borda-1200x200x18-mm/91154122.html,1200.0,200.0,18.0,36.05,BRL,1.0,0.00432,8344.907407407407,Tramontina Garibaldi Sa Industria Metalurgica,GARIBALDI,GARIBALDI,Rio Grande do Sul,-29.25454911,-51.52954846
2200,https://www.tramontina.com.br/,painel pinus,FOUND,Itens encontrados.,['painel pinus'],Painel Tramontina Modulare em Madeira Pinus com Acabamento Branco e Borda 600x400x18 mm,600x400x18 mm,"R$ 36,05",https://www.tramontina.com.br/painel-tramontina-modulare-em-madeira-pinus-com-acabamento-branco-e-borda-600x400x18-mm/91154064.html,600.0,400.0,18.0,36.05,BRL,1.0,0.00432,8344.907407407407,Tramontina Garibaldi Sa Industria Metalurgica,GARIBALDI,GARIBALDI,Rio Grande do Sul,-29.25454911,-51.52954846
2209,https://www.tramontina.com.br/,painel pinus,FOUND,Itens encontrados.,['painel pinus'],Painel Tramontina Modulare em Madeira Pinus com Acabamento Branco e Borda 1200x400x18 mm,1200x400x18 mm,"R$ 58,00",https://www.tramontina.com.br/painel-tramontina-modulare-em-madeira-pinus-com-acabamento-branco-e-borda-1200x400x18-mm/91154124.html,1200.0,400.0,18.0,58.0,BRL,1.0,0.00864,6712.962962962963,Tramontina Garibaldi Sa Industria Metalurgica,GARIBALDI,GARIBALDI,Rio Grande do Sul,-29.25454911,-51.52954846
2218,https://www.tramontina.com.br/,painel pinus,FOUND,Itens encontrados.,['painel pinus'],Painel Tramontina Modulare em Madeira Pinus com Acabamento Branco e Borda 1200x600x18 mm,1200x600x18 mm,"R$ 56,50",https://www.tramontina.com.br/painel-tramontina-modulare-em-madeira-pinus-com-acabamento-branco-e-borda-1200x600x18-mm/91154126.html,1200.0,600.0,18.0,56.5,BRL,1.0,0.01296,4359.567901234568,Tramontina Garibaldi Sa Industria Metalurgica,GARIBALDI,GARIBALDI,Rio Grande do Sul,-29.25454911,-51.52954846
2227,https://www.tramontina.com.br/,painel pinus,FOUND,Itens encontrados.,['painel pinus'],Painel Tramontina Modulare em Madeira Pinus com Acabamento Mel 1000x200x18 mm,1000x200x18 mm,"R$ 29,88",https://www.tramontina.com.br/painel-tramontina-modulare-em-madeira-pinus-com-acabamento-mel-1000x200x18-mm/91131102.html,1000.0,200.0,18.0,29.88,BRL,1.0,0.0036,8300.0,Tramontina Garibaldi Sa Industria Metalurgica,GARIBALDI,GARIBALDI,Rio Grande do Sul,-29.25454911,-51.52954846
2236,https://www.tramontina.com.br/,painel pinus,FOUND,Itens encontrados.,['painel pinus'],Painel Tramontina Modulare em Madeira Pinus com Acabamento Branco e Borda 1500x300x18 mm,1500x300x18 mm,"R$ 66,97",https://www.tramontina.com.br/painel-tramontina-modulare-em-madeira-pinus-com-acabamento-branco-e-borda-1500x300x18-mm/91154153.html,1500.0,300.0,18.0,66.97,BRL,1.0,0.0081,8267.901234567902,Tramontina Garibaldi Sa Industria Metalurgica,GARIBALDI,GARIBALDI,Rio Grande do Sul,-29.25454911,-51.52954846
2245,https://www.tramontina.com.br/,painel pinus,FOUND,Itens encontrados.,['painel pinus'],Painel Tramontina Modulare em Madeira Pinus com Acabamento Mel 800x200x18 mm,800x200x18 mm,"R$ 24,18",https://www.tramontina.com.br/painel-tramontina-modulare-em-madeira-pinus-com-acabamento-mel-800x200x18-mm/91131082.html,800.0,200.0,18.0,24.18,BRL,1.0,0.00288,8395.833333333332,Tramontina Garibaldi Sa Industria Metalurgica,GARIBALDI,GARIBALDI,Rio Grande do Sul,-29.25454911,-51.52954846
2254,https://www.tramontina.com.br/,painel pinus,FOUND,Itens encontrados.,['painel pinus'],Painel Tramontina Modulare em Madeira Pinus com Acabamento Mel 600x200x18 mm,600x200x18 mm,"R$ 18,00",https://www.tramontina.com.br/painel-tramontina-modulare-em-madeira-pinus-com-acabamento-mel-600x200x18-mm/91131062.html,600.0,200.0,18.0,18.0,BRL,1.0,0.00216,8333.333333333334,Tramontina Garibaldi Sa Industria Metalurgica,GARIBALDI,GARIBALDI,Rio Grande do Sul,-29.25454911,-51.52954846
2263,https://www.tramontina.com.br/,painel pinus,FOUND,Itens encontrados.,['painel pinus'],Painel Tramontina Modulare em Madeira Pinus com Acabamento Mel 600x300x18 mm,600x300x18 mm,"R$ 27,03",https://www.tramontina.com.br/painel-tramontina-modulare-em-madeira-pinus-com-acabamento-mel-600x300x18-mm/91131063.html,600.0,300.0,18.0,27.03,BRL,1.0,0.00324,8342.592592592593,Tramontina Garibaldi Sa Industria Metalurgica,GARIBALDI,GARIBALDI,Rio Grande do Sul,-29.25454911,-51.52954846
2272,https://www.tramontina.com.br/,painel pinus,FOUND,Itens encontrados.,['painel pinus'],Painel Tramontina Modulare em Madeira Pinus com Acabamento Mel 1200x200x18 mm,1200x200x18 mm,"R$ 36,05",https://www.tramontina.com.br/painel-tramontina-modulare-em-madeira-pinus-com-acabamento-mel-1200x200x18-mm/91131122.html,1200.0,200.0,18.0,36.05,BRL,1.0,0.00432,8344.907407407407,Tramontina Garibaldi Sa Industria Metalurgica,GARIBALDI,GARIBALDI,Rio Grande do Sul,-29.25454911,-51.52954846
2281,https://www.tramontina.com.br/,painel pinus,FOUND,Itens encontrados.,['painel pinus'],Painel Tramontina Modulare em Madeira Pinus com Acabamento Branco e Borda 600x200x18 mm,600x200x18 mm,"R$ 18,00",https://www.tramontina.com.br/painel-tramontina-modulare-em-madeira-pinus-com-acabamento-branco-e-borda-600x200x18-mm/91154062.html,600.0,200.0,18.0,18.0,BRL,1.0,0.00216,8333.333333333334,Tramontina Garibaldi Sa Industria Metalurgica,GARIBALDI,GARIBALDI,Rio Grande do Sul,-29.25454911,-51.52954846
2290,https://www.tramontina.com.br/,painel pinus,FOUND,Itens encontrados.,['painel pinus'],Painel Tramontina Modulare em Madeira Pinus com Acabamento Branco e Borda 1000x200x18 mm,1000x200x18 mm,"R$ 29,88",https://www.tramontina.com.br/painel-tramontina-modulare-em-madeira-pinus-com-acabamento-branco-e-borda-1000x200x18-mm/91154102.html,1000.0,200.0,18.0,29.88,BRL,1.0,0.0036,8300.0,Tramontina Garibaldi Sa Industria Metalurgica,GARIBALDI,GARIBALDI,Rio Grande do Sul,-29.25454911,-51.52954846
2299,https://www.tramontina.com.br/,painel pinus,FOUND,Itens encontrados.,['painel pinus'],Painel Tramontina Modulare em Madeira Pinus com Acabamento Branco e Borda 800x200x18 mm,800x200x18 mm,"R$ 24,18",https://www.tramontina.com.br/painel-tramontina-modulare-em-madeira-pinus-com-acabamento-branco-e-borda-800x200x18-mm/91154082.html,800.0,200.0,18.0,24.18,BRL,1.0,0.00288,8395.833333333332,Tramontina Garibaldi Sa Industria Metalurgica,GARIBALDI,GARIBALDI,Rio Grande do Sul,-29.25454911,-51.52954846
2308,https://www.tramontina.com.br/,painel pinus,FOUND,Itens encontrados.,['painel pinus'],Painel Tramontina Modulare em Madeira Pinus com Acabamento Branco 800x200x18 mm,800x200x18 mm,"R$ 24,18",https://www.tramontina.com.br/painel-tramontina-modulare-em-madeira-pinus-com-acabamento-branco-800x200x18-mm/91133082.html,800.0,200.0,18.0,24.18,BRL,1.0,0.00288,8395.833333333332,Tramontina Garibaldi Sa Industria Metalurgica,GARIBALDI,GARIBALDI,Rio Grande do Sul,-29.25454911,-51.52954846
2317,https://www.tramontina.com.br/,painel pinus,FOUND,Itens encontrados.,['painel pinus'],Painel Tramontina Modulare em Madeira Pinus com Acabamento Castanho Escuro 1000x200x18 mm,1000x200x18 mm,"R$ 29,88",https://www.tramontina.com.br/painel-tramontina-modulare-em-madeira-pinus-com-acabamento-castanho-escuro-1000x200x18-mm/91136102.html,1000.0,200.0,18.0,29.88,BRL,1.0,0.0036,8300.0,Tramontina Garibaldi Sa Industria Metalurgica,GARIBALDI,GARIBALDI,Rio Grande do Sul,-29.25454911,-51.52954846
2326,https://www.tramontina.com.br/,painel pinus,FOUND,Itens encontrados.,['painel pinus'],Painel Tramontina Modulare em Madeira Pinus com Acabamento Mel 800x300x18 mm,800x300x18 mm,"R$ 36,05",https://www.tramontina.com.br/painel-tramontina-modulare-em-madeira-pinus-com-acabamento-mel-800x300x18-mm/91131083.html,800.0,300.0,18.0,36.05,BRL,1.0,0.00432,8344.907407407407,Tramontina Garibaldi Sa Industria Metalurgica,GARIBALDI,GARIBALDI,Rio Grande do Sul,-29.25454911,-51.52954846
2335,https://www.tramontina.com.br/,painel pinus,FOUND,Itens encontrados.,['painel pinus'],Painel Tramontina Modulare em Madeira Pinus com Acabamento Castanho Escuro 800x200x18 mm,800x200x18 mm,"R$ 24,18",https://www.tramontina.com.br/painel-tramontina-modulare-em-madeira-pinus-com-acabamento-castanho-escuro-800x200x18-mm/91136082.html,800.0,200.0,18.0,24.18,BRL,1.0,0.00288,8395.833333333332,Tramontina Garibaldi Sa Industria Metalurgica,GARIBALDI,GARIBALDI,Rio Grande do Sul,-29.25454911,-51.52954846
2344,https://www.tramontina.com.br/,painel pinus,FOUND,Itens encontrados.,['painel pinus'],Painel Tramontina Modulare em Madeira Pinus com Acabamento Natural CC 1200x800x25 mm,1200x800x25 mm,"R$ 65,50",https://www.tramontina.com.br/painel-tramontina-modulare-em-madeira-pinus-com-acabamento-natural-cc-1200x800x25-mm/91155128.html,1200.0,800.0,25.0,65.5,BRL,1.0,0.024,2729.1666666666665,Tramontina Garibaldi Sa Industria Metalurgica,GARIBALDI,GARIBALDI,Rio Grande do Sul,-29.25454911,-51.52954846
2353,https://www.tramontina.com.br/,painel pinus,FOUND,Itens encontrados.,['painel pinus'],Painel Tramontina Modulare em Madeira Pinus com Acabamento Castanho Escuro 1200x200x18 mm,1200x200x18 mm,"R$ 36,05",https://www.tramontina.com.br/painel-tramontina-modulare-em-madeira-pinus-com-acabamento-castanho-escuro-1200x200x18-mm/91136122.html,1200.0,200.0,18.0,36.05,BRL,1.0,0.00432,8344.907407407407,Tramontina Garibaldi Sa Industria Metalurgica,GARIBALDI,GARIBALDI,Rio Grande do Sul,-29.25454911,-51.52954846
2362,https://www.tramontina.com.br/,painel pinus,FOUND,Itens encontrados.,['painel pinus'],Painel Tramontina Modulare em Madeira Pinus com Acabamento Mel 1000x300x18 mm,1000x300x18 mm,"R$ 56,50",https://www.tramontina.com.br/painel-tramontina-modulare-em-madeira-pinus-com-acabamento-mel-1000x300x18-mm/91131103.html,1000.0,300.0,18.0,56.5,BRL,1.0,0.0054,10462.962962962962,Tramontina Garibaldi Sa Industria Metalurgica,GARIBALDI,GARIBALDI,Rio Grande do Sul,-29.25454911,-51.52954846
2371,https://www.tumelero.com.br/,painel pinus,NOT_FOUND,Nao foram encontrados itens de 'painel pinus' (ou equivalentes) com dimensoes no nome neste site.,['painel pinus'],,,,,,,,,,,,,Tumelero,URUGUAIANA,URUGUAIANA,Rio Grande do Sul,-29.75982317,-57.08182491
2374,https://vemiler.com.br/,painel pinus,NOT_FOUND,Nao foram encontrados itens de 'painel pinus' (ou equivalentes) com dimensoes no nome neste site.,['painel pinus'],,,,,,,,,,,,,Vemiler,QUINZE DE NOVEMBRO,QUINZE DE NOVEMBRO,Rio Grande do Sul,-28.74236135,-53.09672206
2375,https://www.viveredesign.com.br/,painel pinus,NOT_FOUND,Nao foram encontrados itens de 'painel pinus' (ou equivalentes) com dimensoes no nome neste site.,['painel pinus'],,,,,,,,,,,,,Vivere Moveis Ltda,BENTO GONCALVES,BENTO GONCALVES,Rio Grande do Sul,-29.16740193,-51.51556031
2382,https://galeriawalter.com.br/,painel pinus,NOT_FOUND,Nao foram encontrados itens de 'painel pinus' (ou equivalentes) com dimensoes no nome neste site.,['painel pinus'],,,,,,,,,,,,,Galeria Walter,PALMEIRA DAS MISSOES,PALMEIRA DAS MISSOES,Rio Grande do Sul,-27.90062088,-53.31495391
2385,https://www.zcmateriais.com,painel pinus,NOT_FOUND,Nao foram encontrados itens de 'painel pinus' (ou equivalentes) com dimensoes no nome neste site.,['painel pinus'],,,,,,,,,,,,,Z C Materiais De Construcao Ltda,VACARIA,VACARIA,Rio Grande do Sul,-28.5023544,-50.93659916
2391,https://www.viviancentermat.com.br/,painel pinus,NOT_FOUND,Nao foram encontrados itens de 'painel pinus' (ou equivalentes) com dimensoes no nome neste site.,['painel pinus'],,,,,,,,,,,,,Vivian Materiais De Construcao Ltda,PORTO ALEGRE,PORTO ALEGRE,Rio Grande do Sul,-30.03003677,-51.22866046
