,website_url,query,status,message_pt,attempts,name,dimensions_raw,price_raw,url,length_mm,width_mm,thickness_mm,price_value,currency,quantity,volume_m3,price_per_m3,nm_empresa,cidade,nm_mun,nm_uf,nu_latitude,nu_longitude
0,https://cimentoemmaringa.com.br/,painel pinus,NOT_FOUND,Nao foram encontrados itens de 'painel pinus' (ou equivalentes) com dimensoes no nome neste site.,['painel pinus'],,,,,,,,,,,,,Casa Do Cimento,MARINGA,MARINGA,Paraná,-23.42228,-51.93988187
1,https://cimentoemmaringa.com.br/,painel pinus,NOT_FOUND,Nao foram encontrados itens de 'painel pinus' (ou equivalentes) com dimensoes no nome neste site.,['painel pinus'],,,,,,,,,,,,,Casa Do Cimento,MARINGA,MARINGA,Paraná,-23.42228,-51.93988187
2,https://cimentoemmaringa.com.br/,painel pinus,NOT_FOUND,Nao foram encontrados itens de 'painel pinus' (ou equivalentes) com dimensoes no nome neste site.,['painel pinus'],,,,,,,,,,,,,Casa Do Cimento,MARINGA,MARINGA,Paraná,-23.42228,-51.93988187
3,https://cimentoemmaringa.com.br/,painel pinus,NOT_FOUND,Nao foram encontrados itens de 'painel pinus' (ou equivalentes) com dimensoes no nome neste site.,['painel pinus'],,,,,,,,,,,,,Casa Do Cimento,MARINGA,MARINGA,Paraná,-23.42228,-51.93988187
4,https://cimentoemmaringa.com.br/,painel pinus,NOT_FOUND,Nao foram encontrados itens de 'painel pinus' (ou equivalentes) com dimensoes no nome neste site.,['painel pinus'],,,,,,,,,,,,,Casa Do Cimento,MARINGA,MARINGA,Paraná,-23.42228,-51.93988187
5,https://cimentoemmaringa.com.br/,painel pinus,NOT_FOUND,Nao foram encontrados itens de 'painel pinus' (ou equivalentes) com dimensoes no nome neste site.,['painel pinus'],,,,,,,,,,,,,Casa Do Cimento,MARINGA,MARINGA,Paraná,-23.42228,-51.93988187
6,https://cimentoemmaringa.com.br/,painel pinus,NOT_FOUND,Nao foram encontrados itens de 'painel pinus' (ou equivalentes) com dimensoes no nome neste site.,['painel pinus'],,,,,,,,,,,,,Casa Do Cimento,MARINGA,MARINGA,Paraná,-23.42228,-51.93988187
7,https://cimentoemmaringa.com.br/,painel pinus,NOT_FOUND,Nao foram encontrados itens de 'painel pinus' (ou equivalentes) com dimensoes no nome neste site.,['painel pinus'],,,,,,,,,,,,,Casa Do Cimento,MARINGA,MARINGA,Paraná,-23.42228,-51.93988187
8,https://www.adonaiestofofados.com.br/,painel pinus,NOT_FOUND,Nao foram encontrados itens de 'painel pinus' (ou equivalentes) com dimensoes no nome neste site.,['painel pinus'],,,,,,,,,,,,,Adonai Estofados Ltda,ARAPONGAS,ARAPONGAS,Paraná,-23.41351653,-51.43827973
9,https://www.adonaiestofofados.com.br/,painel pinus,NOT_FOUND,Nao foram encontrados itens de 'painel pinus' (ou equivalentes) com dimensoes no nome neste site.,['painel pinus'],,,,,,,,,,,,,Adonai Estofados Ltda,ARAPONGAS,ARAPONGAS,Paraná,-23.41351653,-51.43827973
10,https://www.adonaiestofofados.com.br/,painel pinus,NOT_FOUND,Nao foram encontrados itens de 'painel pinus' (ou equivalentes) com dimensoes no nome neste site.,['painel pinus'],,,,,,,,,,,,,Adonai Estofados Ltda,ARAPONGAS,ARAPONGAS,Paraná,-23.41351653,-51.43827973
11,https://www.adonaiestofofados.com.br/,painel pinus,NOT_FOUND,Nao foram encontrados itens de 'painel pinus' (ou equivalentes) com dimensoes no nome neste site.,['painel pinus'],,,,,,,,,,,,,Adonai Estofados Ltda,ARAPONGAS,ARAPONGAS,Paraná,-23.41351653,-51.43827973
12,https://www.adonaiestofofados.com.br/,painel pinus,NOT_FOUND,Nao foram encontrados itens de 'painel pinus' (ou equivalentes) com dimensoes no nome neste site.,['painel pinus'],,,,,,,,,,,,,Adonai Estofados Ltda,ARAPONGAS,ARAPONGAS,Paraná,-23.41351653,-51.43827973
13,https://www.adonaiestofofados.com.br/,painel pinus,NOT_FOUND,Nao foram encontrados itens de 'painel pinus' (ou equivalentes) com dimensoes no nome neste site.,['painel pinus'],,,,,,,,,,,,,Adonai Estofados Ltda,ARAPONGAS,ARAPONGAS,Paraná,-23.41351653,-51.43827973
14,https://www.adonaiestofofados.com.br/,painel pinus,NOT_FOUND,Nao foram encontrados itens de 'painel pinus' (ou equivalentes) com dimensoes no nome neste site.,['painel pinus'],,,,,,,,,,,,,Adonai Estofados Ltda,ARAPONGAS,ARAPONGAS,Paraná,-23.41351653,-51.43827973
15,https://www.prmoveis.com.br,painel pinus,NOT_FOUND,Nao foram encontrados itens de 'painel pinus' (ou equivalentes) com dimensoes no nome neste site.,['painel pinus'],,,,,,,,,,,,,Aramoveis,ARAPONGAS,ARAPONGAS,Paraná,-23.41351653,-51.43827973
16,https://www.prmoveis.com.br,painel pinus,NOT_FOUND,Nao foram encontrados itens de 'painel pinus' (ou equivalentes) com dimensoes no nome neste site.,['painel pinus'],,,,,,,,,,,,,Aramoveis,ARAPONGAS,ARAPONGAS,Paraná,-23.41351653,-51.43827973
17,https://www.prmoveis.com.br,painel pinus,NOT_FOUND,Nao foram encontrados itens de 'painel pinus' (ou equivalentes) com dimensoes no nome neste site.,['painel pinus'],,,,,,,,,,,,,Aramoveis,ARAPONGAS,ARAPONGAS,Paraná,-23.41351653,-51.43827973
18,https://www.prmoveis.com.br,painel pinus,NOT_FOUND,Nao foram encontrados itens de 'painel pinus' (ou equivalentes) com dimensoes no nome neste site.,['painel pinus'],,,,,,,,,,,,,Aramoveis,ARAPONGAS,ARAPONGAS,Paraná,-23.41351653,-51.43827973
19,https://www.prmoveis.com.br,painel pinus,NOT_FOUND,Nao foram encontrados itens de 'painel pinus' (ou equivalentes) com dimensoes no nome neste site.,['painel pinus'],,,,,,,,,,,,,Aramoveis,ARAPONGAS,ARAPONGAS,Paraná,-23.41351653,-51.43827973
20,https://www.prmoveis.com.br,painel pinus,NOT_FOUND,Nao foram encontrados itens de 'painel pinus' (ou equivalentes) com dimensoes no nome neste site.,['painel pinus'],,,,,,,,,,,,,Aramoveis,ARAPONGAS,ARAPONGAS,Paraná,-23.41351653,-51.43827973
21,https://www.prmoveis.com.br,painel pinus,NOT_FOUND,Nao foram encontrados itens de 'painel pinus' (ou equivalentes) com dimensoes no nome neste site.,['painel pinus'],,,,,,,,,,,,,Aramoveis,ARAPONGAS,ARAPONGAS,Paraná,-23.41351653,-51.43827973
22,https://www.essenciamoveis.com.br,painel pinus,NOT_FOUND,Nao foram encontrados itens de 'painel pinus' (ou equivalentes) com dimensoes no nome neste site.,['painel pinus'],,,,,,,,,,,,,Arte Nova Industria E Comercio De Moveis E Decoracoes Ltda,LONDRINA,LONDRINA,Paraná,-23.312156,-51.16277342
23,https://www.essenciamoveis.com.br,painel pinus,NOT_FOUND,Nao foram encontrados itens de 'painel pinus' (ou equivalentes) com dimensoes no nome neste site.,['painel pinus'],,,,,,,,,,,,,Arte Nova Industria E Comercio De Moveis E Decoracoes Ltda,LONDRINA,LONDRINA,Paraná,-23.312156,-51.16277342
24,https://www.essenciamoveis.com.br,painel pinus,NOT_FOUND,Nao foram encontrados itens de 'painel pinus' (ou equivalentes) com dimensoes no nome neste site.,['painel pinus'],,,,,,,,,,,,,Arte Nova Industria E Comercio De Moveis E Decoracoes Ltda,LONDRINA,LONDRINA,Paraná,-23.312156,-51.16277342
25,https://www.essenciamoveis.com.br,painel pinus,NOT_FOUND,Nao foram encontrados itens de 'painel pinus' (ou equivalentes) com dimensoes no nome neste site.,['painel pinus'],,,,,,,,,,,,,Arte Nova Industria E Comercio De Moveis E Decoracoes Ltda,LONDRINA,LONDRINA,Paraná,-23.312156,-51.16277342
26,https://www.essenciamoveis.com.br,painel pinus,NOT_FOUND,Nao foram encontrados itens de 'painel pinus' (ou equivalentes) com dimensoes no nome neste site.,['painel pinus'],,,,,,,,,,,,,Arte Nova Industria E Comercio De Moveis E Decoracoes Ltda,LONDRINA,LONDRINA,Paraná,-23.312156,-51.16277342
27,https://www.essenciamoveis.com.br,painel pinus,NOT_FOUND,Nao foram encontrados itens de 'painel pinus' (ou equivalentes) com dimensoes no nome neste site.,['painel pinus'],,,,,,,,,,,,,Arte Nova Industria E Comercio De Moveis E Decoracoes Ltda,LONDRINA,LONDRINA,Paraná,-23.312156,-51.16277342
28,https://www.essenciamoveis.com.br,painel pinus,NOT_FOUND,Nao foram encontrados itens de 'painel pinus' (ou equivalentes) com dimensoes no nome neste site.,['painel pinus'],,,,,,,,,,,,,Arte Nova Industria E Comercio De Moveis E Decoracoes Ltda,LONDRINA,LONDRINA,Paraná,-23.312156,-51.16277342
29,https://www.essenciamoveis.com.br,painel pinus,NOT_FOUND,Nao foram encontrados itens de 'painel pinus' (ou equivalentes) com dimensoes no nome neste site.,['painel pinus'],,,,,,,,,,,,,Arte Nova Industria E Comercio De Moveis E Decoracoes Ltda,LONDRINA,LONDRINA,Paraná,-23.312156,-51.16277342
30,http://www.allclick.ind.br,painel pinus,NOT_FOUND,Nao foram encontrados itens de 'painel pinus' (ou equivalentes) com dimensoes no nome neste site.,['painel pinus'],,,,,,,,,,,,,Wallclick,PONTA GROSSA,PONTA GROSSA,Paraná,-25.092547,-50.16144206
31,http://www.allclick.ind.br,painel pinus,NOT_FOUND,Nao foram encontrados itens de 'painel pinus' (ou equivalentes) com dimensoes no nome neste site.,['painel pinus'],,,,,,,,,,,,,Wallclick,PONTA GROSSA,PONTA GROSSA,Paraná,-25.092547,-50.16144206
32,http://www.allclick.ind.br,painel pinus,NOT_FOUND,Nao foram encontrados itens de 'painel pinus' (ou equivalentes) com dimensoes no nome neste site.,['painel pinus'],,,,,,,,,,,,,Wallclick,PONTA GROSSA,PONTA GROSSA,Paraná,-25.092547,-50.16144206
33,http://www.allclick.ind.br,painel pinus,NOT_FOUND,Nao foram encontrados itens de 'painel pinus' (ou equivalentes) com dimensoes no nome neste site.,['painel pinus'],,,,,,,,,,,,,Wallclick,PONTA GROSSA,PONTA GROSSA,Paraná,-25.092547,-50.16144206
34,http://www.allclick.ind.br,painel pinus,NOT_FOUND,Nao foram encontrados itens de 'painel pinus' (ou equivalentes) com dimensoes no nome neste site.,['painel pinus'],,,,,,,,,,,,,Wallclick,PONTA GROSSA,PONTA GROSSA,Paraná,-25.092547,-50.16144206
35,http://www.allclick.ind.br,painel pinus,NOT_FOUND,Nao foram encontrados itens de 'painel pinus' (ou equivalentes) com dimensoes no nome neste site.,['painel pinus'],,,,,,,,,,,,,Wallclick,PONTA GROSSA,PONTA GROSSA,Paraná,-25.092547,-50.16144206
36,http://www.allclick.ind.br,painel pinus,NOT_FOUND,Nao foram encontrados itens de 'painel pinus' (ou equivalentes) com dimensoes no nome neste site.,['painel pinus'],,,,,,,,,,,,,Wallclick,PONTA GROSSA,PONTA GROSSA,Paraná,-25.092547,-50.16144206
37,http://www.allclick.ind.br,painel pinus,NOT_FOUND,Nao foram encontrados itens de 'painel pinus' (ou equivalentes) com dimensoes no nome neste site.,['painel pinus'],,,,,,,,,,,,,Wallclick,PONTA GROSSA,PONTA GROSSA,Paraná,-25.092547,-50.16144206
38,attuale.com.br,painel pinus,NOT_FOUND,Nao foram encontrados itens de 'painel pinus' (ou equivalentes) com dimensoes no nome neste site.,['painel pinus'],,,,,,,,,,,,,Attuale Revestimentos Ltda,PONTA GROSSA,PONTA GROSSA,Paraná,-25.092547,-50.16144206
39,attuale.com.br,painel pinus,NOT_FOUND,Nao foram encontrados itens de 'painel pinus' (ou equivalentes) com dimensoes no nome neste site.,['painel pinus'],,,,,,,,,,,,,Attuale Revestimentos Ltda,PONTA GROSSA,PONTA GROSSA,Paraná,-25.092547,-50.16144206
40,attuale.com.br,painel pinus,NOT_FOUND,Nao foram encontrados itens de 'painel pinus' (ou equivalentes) com dimensoes no nome neste site.,['painel pinus'],,,,,,,,,,,,,Attuale Revestimentos Ltda,PONTA GROSSA,PONTA GROSSA,Paraná,-25.092547,-50.16144206
41,attuale.com.br,painel pinus,NOT_FOUND,Nao foram encontrados itens de 'painel pinus' (ou equivalentes) com dimensoes no nome neste site.,['painel pinus'],,,,,,,,,,,,,Attuale Revestimentos Ltda,PONTA GROSSA,PONTA GROSSA,Paraná,-25.092547,-50.16144206
42,attuale.com.br,painel pinus,NOT_FOUND,Nao foram encontrados itens de 'painel pinus' (ou equivalentes) com dimensoes no nome neste site.,['painel pinus'],,,,,,,,,,,,,Attuale Revestimentos Ltda,PONTA GROSSA,PONTA GROSSA,Paraná,-25.092547,-50.16144206
43,attuale.com.br,painel pinus,NOT_FOUND,Nao foram encontrados itens de 'painel pinus' (ou equivalentes) com dimensoes no nome neste site.,['painel pinus'],,,,,,,,,,,,,Attuale Revestimentos Ltda,PONTA GROSSA,PONTA GROSSA,Paraná,-25.092547,-50.16144206
44,attuale.com.br,painel pinus,NOT_FOUND,Nao foram encontrados itens de 'painel pinus' (ou equivalentes) com dimensoes no nome neste site.,['painel pinus'],,,,,,,,,,,,,Attuale Revestimentos Ltda,PONTA GROSSA,PONTA GROSSA,Paraná,-25.092547,-50.16144206
45,attuale.com.br,painel pinus,NOT_FOUND,Nao foram encontrados itens de 'painel pinus' (ou equivalentes) com dimensoes no nome neste site.,['painel pinus'],,,,,,,,,,,,,Attuale Revestimentos Ltda,PONTA GROSSA,PONTA GROSSA,Paraná,-25.092547,-50.16144206
46,https://lojaarenito.com.br/,painel pinus,NOT_FOUND,Nao foram encontrados itens de 'painel pinus' (ou equivalentes) com dimensoes no nome neste site.,['painel pinus'],,,,,,,,,,,,,Arenito Acabamentos Ltda,ROLANDIA,ROLANDIA,Paraná,-23.31359249,-51.36278036
47,https://lojaarenito.com.br/,painel pinus,NOT_FOUND,Nao foram encontrados itens de 'painel pinus' (ou equivalentes) com dimensoes no nome neste site.,['painel pinus'],,,,,,,,,,,,,Arenito Acabamentos Ltda,ROLANDIA,ROLANDIA,Paraná,-23.31359249,-51.36278036
48,https://lojaarenito.com.br/,painel pinus,NOT_FOUND,Nao foram encontrados itens de 'painel pinus' (ou equivalentes) com dimensoes no nome neste site.,['painel pinus'],,,,,,,,,,,,,Arenito Acabamentos Ltda,ROLANDIA,ROLANDIA,Paraná,-23.31359249,-51.36278036
49,https://lojaarenito.com.br/,painel pinus,NOT_FOUND,Nao foram encontrados itens de 'painel pinus' (ou equivalentes) com dimensoes no nome neste site.,['painel pinus'],,,,,,,,,,,,,Arenito Acabamentos Ltda,ROLANDIA,ROLANDIA,Paraná,-23.31359249,-51.36278036
50,https://lojaarenito.com.br/,painel pinus,NOT_FOUND,Nao foram encontrados itens de 'painel pinus' (ou equivalentes) com dimensoes no nome neste site.,['painel pinus'],,,,,,,,,,,,,Arenito Acabamentos Ltda,ROLANDIA,ROLANDIA,Paraná,-23.31359249,-51.36278036
51,https://lojaarenito.com.br/,painel pinus,NOT_FOUND,Nao foram encontrados itens de 'painel pinus' (ou equivalentes) com dimensoes no nome neste site.,['painel pinus'],,,,,,,,,,,,,Arenito Acabamentos Ltda,ROLANDIA,ROLANDIA,Paraná,-23.31359249,-51.36278036
52,https://atalaiaatacadista.com.br,painel pinus,NOT_FOUND,Nao foram encontrados itens de 'painel pinus' (ou equivalentes) com dimensoes no nome neste site.,['painel pinus'],,,,,,,,,,,,,Atalaia - Distribuidora De Materiais Eletricos Ltda,LONDRINA,LONDRINA,Paraná,-23.312156,-51.16277342
53,https://atalaiaatacadista.com.br,painel pinus,NOT_FOUND,Nao foram encontrados itens de 'painel pinus' (ou equivalentes) com dimensoes no nome neste site.,['painel pinus'],,,,,,,,,,,,,Atalaia - Distribuidora De Materiais Eletricos Ltda,LONDRINA,LONDRINA,Paraná,-23.312156,-51.16277342
54,https://atalaiaatacadista.com.br,painel pinus,NOT_FOUND,Nao foram encontrados itens de 'painel pinus' (ou equivalentes) com dimensoes no nome neste site.,['painel pinus'],,,,,,,,,,,,,Atalaia - Distribuidora De Materiais Eletricos Ltda,LONDRINA,LONDRINA,Paraná,-23.312156,-51.16277342
55,https://atalaiaatacadista.com.br,painel pinus,NOT_FOUND,Nao foram encontrados itens de 'painel pinus' (ou equivalentes) com dimensoes no nome neste site.,['painel pinus'],,,,,,,,,,,,,Atalaia - Distribuidora De Materiais Eletricos Ltda,LONDRINA,LONDRINA,Paraná,-23.312156,-51.16277342
56,https://atalaiaatacadista.com.br,painel pinus,NOT_FOUND,Nao foram encontrados itens de 'painel pinus' (ou equivalentes) com dimensoes no nome neste site.,['painel pinus'],,,,,,,,,,,,,Atalaia - Distribuidora De Materiais Eletricos Ltda,LONDRINA,LONDRINA,Paraná,-23.312156,-51.16277342
57,https://atalaiaatacadista.com.br,painel pinus,NOT_FOUND,Nao foram encontrados itens de 'painel pinus' (ou equivalentes) com dimensoes no nome neste site.,['painel pinus'],,,,,,,,,,,,,Atalaia - Distribuidora De Materiais Eletricos Ltda,LONDRINA,LONDRINA,Paraná,-23.312156,-51.16277342
58,https://atalaiaatacadista.com.br,painel pinus,NOT_FOUND,Nao foram encontrados itens de 'painel pinus' (ou equivalentes) com dimensoes no nome neste site.,['painel pinus'],,,,,,,,,,,,,Atalaia - Distribuidora De Materiais Eletricos Ltda,LONDRINA,LONDRINA,Paraná,-23.312156,-51.16277342
59,https://atalaiaatacadista.com.br,painel pinus,NOT_FOUND,Nao foram encontrados itens de 'painel pinus' (ou equivalentes) com dimensoes no nome neste site.,['painel pinus'],,,,,,,,,,,,,Atalaia - Distribuidora De Materiais Eletricos Ltda,LONDRINA,LONDRINA,Paraná,-23.312156,-51.16277342
60,https://www.atenasmateriais.com.br/,painel pinus,NOT_FOUND,Nao foram encontrados itens de 'painel pinus' (ou equivalentes) com dimensoes no nome neste site.,['painel pinus'],,,,,,,,,,,,,Atenas Materiais De Construcao Ltda,CURITIBA,CURITIBA,Paraná,-25.432956,-49.27184789
61,https://www.atenasmateriais.com.br/,painel pinus,NOT_FOUND,Nao foram encontrados itens de 'painel pinus' (ou equivalentes) com dimensoes no nome neste site.,['painel pinus'],,,,,,,,,,,,,Atenas Materiais De Construcao Ltda,CURITIBA,CURITIBA,Paraná,-25.432956,-49.27184789
62,https://www.atenasmateriais.com.br/,painel pinus,NOT_FOUND,Nao foram encontrados itens de 'painel pinus' (ou equivalentes) com dimensoes no nome neste site.,['painel pinus'],,,,,,,,,,,,,Atenas Materiais De Construcao Ltda,CURITIBA,CURITIBA,Paraná,-25.432956,-49.27184789
63,https://www.atenasmateriais.com.br/,painel pinus,NOT_FOUND,Nao foram encontrados itens de 'painel pinus' (ou equivalentes) com dimensoes no nome neste site.,['painel pinus'],,,,,,,,,,,,,Atenas Materiais De Construcao Ltda,CURITIBA,CURITIBA,Paraná,-25.432956,-49.27184789
64,https://www.atenasmateriais.com.br/,painel pinus,NOT_FOUND,Nao foram encontrados itens de 'painel pinus' (ou equivalentes) com dimensoes no nome neste site.,['painel pinus'],,,,,,,,,,,,,Atenas Materiais De Construcao Ltda,CURITIBA,CURITIBA,Paraná,-25.432956,-49.27184789
65,https://www.atenasmateriais.com.br/,painel pinus,NOT_FOUND,Nao foram encontrados itens de 'painel pinus' (ou equivalentes) com dimensoes no nome neste site.,['painel pinus'],,,,,,,,,,,,,Atenas Materiais De Construcao Ltda,CURITIBA,CURITIBA,Paraná,-25.432956,-49.27184789
66,https://www.atenasmateriais.com.br/,painel pinus,NOT_FOUND,Nao foram encontrados itens de 'painel pinus' (ou equivalentes) com dimensoes no nome neste site.,['painel pinus'],,,,,,,,,,,,,Atenas Materiais De Construcao Ltda,CURITIBA,CURITIBA,Paraná,-25.432956,-49.27184789
67,https://www.atenasmateriais.com.br/,painel pinus,NOT_FOUND,Nao foram encontrados itens de 'painel pinus' (ou equivalentes) com dimensoes no nome neste site.,['painel pinus'],,,,,,,,,,,,,Atenas Materiais De Construcao Ltda,CURITIBA,CURITIBA,Paraná,-25.432956,-49.27184789
68,https://www.atenasmateriais.com.br/,painel pinus,NOT_FOUND,Nao foram encontrados itens de 'painel pinus' (ou equivalentes) com dimensoes no nome neste site.,['painel pinus'],,,,,,,,,,,,,Atenas Materiais De Construcao Ltda,CURITIBA,CURITIBA,Paraná,-25.432956,-49.27184789
69,https://www.atenasmateriais.com.br/,painel pinus,NOT_FOUND,Nao foram encontrados itens de 'painel pinus' (ou equivalentes) com dimensoes no nome neste site.,['painel pinus'],,,,,,,,,,,,,Atenas Materiais De Construcao Ltda,CURITIBA,CURITIBA,Paraná,-25.432956,-49.27184789
70,https://www.depositorolandia.com.br,painel pinus,NOT_FOUND,Nao foram encontrados itens de 'painel pinus' (ou equivalentes) com dimensoes no nome neste site.,['painel pinus'],,,,,,,,,,,,,Campsou Material De Construcao Ltda,ROLANDIA,ROLANDIA,Paraná,-23.31359249,-51.36278036
71,https://www.depositorolandia.com.br,painel pinus,NOT_FOUND,Nao foram encontrados itens de 'painel pinus' (ou equivalentes) com dimensoes no nome neste site.,['painel pinus'],,,,,,,,,,,,,Campsou Material De Construcao Ltda,ROLANDIA,ROLANDIA,Paraná,-23.31359249,-51.36278036
72,https://www.depositorolandia.com.br,painel pinus,NOT_FOUND,Nao foram encontrados itens de 'painel pinus' (ou equivalentes) com dimensoes no nome neste site.,['painel pinus'],,,,,,,,,,,,,Campsou Material De Construcao Ltda,ROLANDIA,ROLANDIA,Paraná,-23.31359249,-51.36278036
73,https://www.depositorolandia.com.br,painel pinus,NOT_FOUND,Nao foram encontrados itens de 'painel pinus' (ou equivalentes) com dimensoes no nome neste site.,['painel pinus'],,,,,,,,,,,,,Campsou Material De Construcao Ltda,ROLANDIA,ROLANDIA,Paraná,-23.31359249,-51.36278036
74,https://www.depositorolandia.com.br,painel pinus,NOT_FOUND,Nao foram encontrados itens de 'painel pinus' (ou equivalentes) com dimensoes no nome neste site.,['painel pinus'],,,,,,,,,,,,,Campsou Material De Construcao Ltda,ROLANDIA,ROLANDIA,Paraná,-23.31359249,-51.36278036
75,https://www.depositorolandia.com.br,painel pinus,NOT_FOUND,Nao foram encontrados itens de 'painel pinus' (ou equivalentes) com dimensoes no nome neste site.,['painel pinus'],,,,,,,,,,,,,Campsou Material De Construcao Ltda,ROLANDIA,ROLANDIA,Paraná,-23.31359249,-51.36278036
76,https://www.balaroti.com.br,painel pinus,NOT_FOUND,Nao foram encontrados itens de 'painel pinus' (ou equivalentes) com dimensoes no nome neste site.,['painel pinus'],,,,,,,,,,,,,Balaroti Torres,CURITIBA,CURITIBA,Paraná,-25.432956,-49.27184789
77,https://www.balaroti.com.br,painel pinus,NOT_FOUND,Nao foram encontrados itens de 'painel pinus' (ou equivalentes) com dimensoes no nome neste site.,['painel pinus'],,,,,,,,,,,,,Balaroti Torres,CURITIBA,CURITIBA,Paraná,-25.432956,-49.27184789
78,https://www.balaroti.com.br,painel pinus,NOT_FOUND,Nao foram encontrados itens de 'painel pinus' (ou equivalentes) com dimensoes no nome neste site.,['painel pinus'],,,,,,,,,,,,,Balaroti Torres,CURITIBA,CURITIBA,Paraná,-25.432956,-49.27184789
79,https://www.balaroti.com.br,painel pinus,NOT_FOUND,Nao foram encontrados itens de 'painel pinus' (ou equivalentes) com dimensoes no nome neste site.,['painel pinus'],,,,,,,,,,,,,Balaroti Torres,CURITIBA,CURITIBA,Paraná,-25.432956,-49.27184789
80,https://www.balaroti.com.br,painel pinus,NOT_FOUND,Nao foram encontrados itens de 'painel pinus' (ou equivalentes) com dimensoes no nome neste site.,['painel pinus'],,,,,,,,,,,,,Balaroti Torres,CURITIBA,CURITIBA,Paraná,-25.432956,-49.27184789
81,https://www.balaroti.com.br,painel pinus,NOT_FOUND,Nao foram encontrados itens de 'painel pinus' (ou equivalentes) com dimensoes no nome neste site.,['painel pinus'],,,,,,,,,,,,,Balaroti Torres,CURITIBA,CURITIBA,Paraná,-25.432956,-49.27184789
82,https://www.balaroti.com.br,painel pinus,NOT_FOUND,Nao foram encontrados itens de 'painel pinus' (ou equivalentes) com dimensoes no nome neste site.,['painel pinus'],,,,,,,,,,,,,Balaroti Torres,CURITIBA,CURITIBA,Paraná,-25.432956,-49.27184789
83,https://www.balaroti.com.br,painel pinus,NOT_FOUND,Nao foram encontrados itens de 'painel pinus' (ou equivalentes) com dimensoes no nome neste site.,['painel pinus'],,,,,,,,,,,,,Balaroti Torres,CURITIBA,CURITIBA,Paraná,-25.432956,-49.27184789
84,https://www.balaroti.com.br,painel pinus,NOT_FOUND,Nao foram encontrados itens de 'painel pinus' (ou equivalentes) com dimensoes no nome neste site.,['painel pinus'],,,,,,,,,,,,,Balaroti Torres,CURITIBA,CURITIBA,Paraná,-25.432956,-49.27184789
85,https://www.balaroti.com.br,painel pinus,NOT_FOUND,Nao foram encontrados itens de 'painel pinus' (ou equivalentes) com dimensoes no nome neste site.,['painel pinus'],,,,,,,,,,,,,Balaroti Torres,CURITIBA,CURITIBA,Paraná,-25.432956,-49.27184789
86,https://www.camainbox.com.br,painel pinus,NOT_FOUND,Nao foram encontrados itens de 'painel pinus' (ou equivalentes) com dimensoes no nome neste site.,['painel pinus'],,,,,,,,,,,,,Cama Inbox,UMUARAMA,UMUARAMA,Paraná,-23.76395,-53.3084598
87,https://www.camainbox.com.br,painel pinus,NOT_FOUND,Nao foram encontrados itens de 'painel pinus' (ou equivalentes) com dimensoes no nome neste site.,['painel pinus'],,,,,,,,,,,,,Cama Inbox,UMUARAMA,UMUARAMA,Paraná,-23.76395,-53.3084598
88,https://www.camainbox.com.br,painel pinus,NOT_FOUND,Nao foram encontrados itens de 'painel pinus' (ou equivalentes) com dimensoes no nome neste site.,['painel pinus'],,,,,,,,,,,,,Cama Inbox,UMUARAMA,UMUARAMA,Paraná,-23.76395,-53.3084598
89,https://www.camainbox.com.br,painel pinus,NOT_FOUND,Nao foram encontrados itens de 'painel pinus' (ou equivalentes) com dimensoes no nome neste site.,['painel pinus'],,,,,,,,,,,,,Cama Inbox,UMUARAMA,UMUARAMA,Paraná,-23.76395,-53.3084598
90,https://www.camainbox.com.br,painel pinus,NOT_FOUND,Nao foram encontrados itens de 'painel pinus' (ou equivalentes) com dimensoes no nome neste site.,['painel pinus'],,,,,,,,,,,,,Cama Inbox,UMUARAMA,UMUARAMA,Paraná,-23.76395,-53.3084598
91,https://tijolao.com.br/guarapuava,painel pinus,NOT_FOUND,Nao foram encontrados itens de 'painel pinus' (ou equivalentes) com dimensoes no nome neste site.,['painel pinus'],,,,,,,,,,,,,Brasmaco Materiais De Construcao Ltda,GUARAPUAVA,GUARAPUAVA,Paraná,-25.39359198,-51.46343108
92,https://tijolao.com.br/guarapuava,painel pinus,NOT_FOUND,Nao foram encontrados itens de 'painel pinus' (ou equivalentes) com dimensoes no nome neste site.,['painel pinus'],,,,,,,,,,,,,Brasmaco Materiais De Construcao Ltda,GUARAPUAVA,GUARAPUAVA,Paraná,-25.39359198,-51.46343108
93,https://tijolao.com.br/guarapuava,painel pinus,NOT_FOUND,Nao foram encontrados itens de 'painel pinus' (ou equivalentes) com dimensoes no nome neste site.,['painel pinus'],,,,,,,,,,,,,Brasmaco Materiais De Construcao Ltda,GUARAPUAVA,GUARAPUAVA,Paraná,-25.39359198,-51.46343108
94,https://tijolao.com.br/guarapuava,painel pinus,NOT_FOUND,Nao foram encontrados itens de 'painel pinus' (ou equivalentes) com dimensoes no nome neste site.,['painel pinus'],,,,,,,,,,,,,Brasmaco Materiais De Construcao Ltda,GUARAPUAVA,GUARAPUAVA,Paraná,-25.39359198,-51.46343108
95,https://tijolao.com.br/guarapuava,painel pinus,NOT_FOUND,Nao foram encontrados itens de 'painel pinus' (ou equivalentes) com dimensoes no nome neste site.,['painel pinus'],,,,,,,,,,,,,Brasmaco Materiais De Construcao Ltda,GUARAPUAVA,GUARAPUAVA,Paraná,-25.39359198,-51.46343108
96,https://tijolao.com.br/guarapuava,painel pinus,NOT_FOUND,Nao foram encontrados itens de 'painel pinus' (ou equivalentes) com dimensoes no nome neste site.,['painel pinus'],,,,,,,,,,,,,Brasmaco Materiais De Construcao Ltda,GUARAPUAVA,GUARAPUAVA,Paraná,-25.39359198,-51.46343108
97,https://tijolao.com.br/guarapuava,painel pinus,NOT_FOUND,Nao foram encontrados itens de 'painel pinus' (ou equivalentes) com dimensoes no nome neste site.,['painel pinus'],,,,,,,,,,,,,Brasmaco Materiais De Construcao Ltda,GUARAPUAVA,GUARAPUAVA,Paraná,-25.39359198,-51.46343108
98,https://www.casadomdf.com.br/,painel pinus,NOT_FOUND,Nao foram encontrados itens de 'painel pinus' (ou equivalentes) com dimensoes no nome neste site.,['painel pinus'],,,,,,,,,,,,,Casa Do Mdf E Ferragens Comercial Ltda,PATO BRANCO,PATO BRANCO,Paraná,-26.22995852,-52.677362
99,https://www.casadomdf.com.br/,painel pinus,NOT_FOUND,Nao foram encontrados itens de 'painel pinus' (ou equivalentes) com dimensoes no nome neste site.,['painel pinus'],,,,,,,,,,,,,Casa Do Mdf E Ferragens Comercial Ltda,PATO BRANCO,PATO BRANCO,Paraná,-26.22995852,-52.677362
100,https://www.casadomdf.com.br/,painel pinus,NOT_FOUND,Nao foram encontrados itens de 'painel pinus' (ou equivalentes) com dimensoes no nome neste site.,['painel pinus'],,,,,,,,,,,,,Casa Do Mdf E Ferragens Comercial Ltda,PATO BRANCO,PATO BRANCO,Paraná,-26.22995852,-52.677362
101,https://www.casadomdf.com.br/,painel pinus,NOT_FOUND,Nao foram encontrados itens de 'painel pinus' (ou equivalentes) com dimensoes no nome neste site.,['painel pinus'],,,,,,,,,,,,,Casa Do Mdf E Ferragens Comercial Ltda,PATO BRANCO,PATO BRANCO,Paraná,-26.22995852,-52.677362
102,https://www.casadomdf.com.br/,painel pinus,NOT_FOUND,Nao foram encontrados itens de 'painel pinus' (ou equivalentes) com dimensoes no nome neste site.,['painel pinus'],,,,,,,,,,,,,Casa Do Mdf E Ferragens Comercial Ltda,PATO BRANCO,PATO BRANCO,Paraná,-26.22995852,-52.677362
103,https://www.casadomdf.com.br/,painel pinus,NOT_FOUND,Nao foram encontrados itens de 'painel pinus' (ou equivalentes) com dimensoes no nome neste site.,['painel pinus'],,,,,,,,,,,,,Casa Do Mdf E Ferragens Comercial Ltda,PATO BRANCO,PATO BRANCO,Paraná,-26.22995852,-52.677362
104,https://www.casadomdf.com.br/,painel pinus,NOT_FOUND,Nao foram encontrados itens de 'painel pinus' (ou equivalentes) com dimensoes no nome neste site.,['painel pinus'],,,,,,,,,,,,,Casa Do Mdf E Ferragens Comercial Ltda,PATO BRANCO,PATO BRANCO,Paraná,-26.22995852,-52.677362
105,https://www.lojamundialcelsokampa.com.br/,painel pinus,NOT_FOUND,Nao foram encontrados itens de 'painel pinus' (ou equivalentes) com dimensoes no nome neste site.,['painel pinus'],,,,,,,,,,,,,Loja Mundial,ARAUCARIA,ARAUCARIA,Paraná,-25.591645,-49.4019397
106,https://www.lojamundialcelsokampa.com.br/,painel pinus,NOT_FOUND,Nao foram encontrados itens de 'painel pinus' (ou equivalentes) com dimensoes no nome neste site.,['painel pinus'],,,,,,,,,,,,,Loja Mundial,ARAUCARIA,ARAUCARIA,Paraná,-25.591645,-49.4019397
107,https://www.lojamundialcelsokampa.com.br/,painel pinus,NOT_FOUND,Nao foram encontrados itens de 'painel pinus' (ou equivalentes) com dimensoes no nome neste site.,['painel pinus'],,,,,,,,,,,,,Loja Mundial,ARAUCARIA,ARAUCARIA,Paraná,-25.591645,-49.4019397
108,https://www.lojamundialcelsokampa.com.br/,painel pinus,NOT_FOUND,Nao foram encontrados itens de 'painel pinus' (ou equivalentes) com dimensoes no nome neste site.,['painel pinus'],,,,,,,,,,,,,Loja Mundial,ARAUCARIA,ARAUCARIA,Paraná,-25.591645,-49.4019397
109,https://www.lojamundialcelsokampa.com.br/,painel pinus,NOT_FOUND,Nao foram encontrados itens de 'painel pinus' (ou equivalentes) com dimensoes no nome neste site.,['painel pinus'],,,,,,,,,,,,,Loja Mundial,ARAUCARIA,ARAUCARIA,Paraná,-25.591645,-49.4019397
110,https://www.lojamundialcelsokampa.com.br/,painel pinus,NOT_FOUND,Nao foram encontrados itens de 'painel pinus' (ou equivalentes) com dimensoes no nome neste site.,['painel pinus'],,,,,,,,,,,,,Loja Mundial,ARAUCARIA,ARAUCARIA,Paraná,-25.591645,-49.4019397
111,https://www.colibrimoveis.com.br,painel pinus,NOT_FOUND,Nao foram encontrados itens de 'painel pinus' (ou equivalentes) com dimensoes no nome neste site.,['painel pinus'],,,,,,,,,,,,,Colibri Moveis,ARAPONGAS,ARAPONGAS,Paraná,-23.41351653,-51.43827973
112,https://www.colibrimoveis.com.br,painel pinus,NOT_FOUND,Nao foram encontrados itens de 'painel pinus' (ou equivalentes) com dimensoes no nome neste site.,['painel pinus'],,,,,,,,,,,,,Colibri Moveis,ARAPONGAS,ARAPONGAS,Paraná,-23.41351653,-51.43827973
113,https://www.colibrimoveis.com.br,painel pinus,NOT_FOUND,Nao foram encontrados itens de 'painel pinus' (ou equivalentes) com dimensoes no nome neste site.,['painel pinus'],,,,,,,,,,,,,Colibri Moveis,ARAPONGAS,ARAPONGAS,Paraná,-23.41351653,-51.43827973
114,https://www.colibrimoveis.com.br,painel pinus,NOT_FOUND,Nao foram encontrados itens de 'painel pinus' (ou equivalentes) com dimensoes no nome neste site.,['painel pinus'],,,,,,,,,,,,,Colibri Moveis,ARAPONGAS,ARAPONGAS,Paraná,-23.41351653,-51.43827973
115,https://www.colibrimoveis.com.br,painel pinus,NOT_FOUND,Nao foram encontrados itens de 'painel pinus' (ou equivalentes) com dimensoes no nome neste site.,['painel pinus'],,,,,,,,,,,,,Colibri Moveis,ARAPONGAS,ARAPONGAS,Paraná,-23.41351653,-51.43827973
116,https://www.colibrimoveis.com.br,painel pinus,NOT_FOUND,Nao foram encontrados itens de 'painel pinus' (ou equivalentes) com dimensoes no nome neste site.,['painel pinus'],,,,,,,,,,,,,Colibri Moveis,ARAPONGAS,ARAPONGAS,Paraná,-23.41351653,-51.43827973
117,https://www.colibrimoveis.com.br,painel pinus,NOT_FOUND,Nao foram encontrados itens de 'painel pinus' (ou equivalentes) com dimensoes no nome neste site.,['painel pinus'],,,,,,,,,,,,,Colibri Moveis,ARAPONGAS,ARAPONGAS,Paraná,-23.41351653,-51.43827973
118,https://www.cassol.com.br,painel pinus,NOT_FOUND,Nao foram encontrados itens de 'painel pinus' (ou equivalentes) com dimensoes no nome neste site.,['painel pinus'],,,,,,,,,,,,,Cassol Centerlar,SAO JOSE DOS PINHAIS,SAO JOSE DOS PINHAIS,Paraná,-25.537702,-49.20008247
119,https://www.cassol.com.br,painel pinus,NOT_FOUND,Nao foram encontrados itens de 'painel pinus' (ou equivalentes) com dimensoes no nome neste site.,['painel pinus'],,,,,,,,,,,,,Cassol Centerlar,SAO JOSE DOS PINHAIS,SAO JOSE DOS PINHAIS,Paraná,-25.537702,-49.20008247
120,https://www.cassol.com.br,painel pinus,NOT_FOUND,Nao foram encontrados itens de 'painel pinus' (ou equivalentes) com dimensoes no nome neste site.,['painel pinus'],,,,,,,,,,,,,Cassol Centerlar,SAO JOSE DOS PINHAIS,SAO JOSE DOS PINHAIS,Paraná,-25.537702,-49.20008247
121,https://www.cassol.com.br,painel pinus,NOT_FOUND,Nao foram encontrados itens de 'painel pinus' (ou equivalentes) com dimensoes no nome neste site.,['painel pinus'],,,,,,,,,,,,,Cassol Centerlar,SAO JOSE DOS PINHAIS,SAO JOSE DOS PINHAIS,Paraná,-25.537702,-49.20008247
122,https://www.cassol.com.br,painel pinus,NOT_FOUND,Nao foram encontrados itens de 'painel pinus' (ou equivalentes) com dimensoes no nome neste site.,['painel pinus'],,,,,,,,,,,,,Cassol Centerlar,SAO JOSE DOS PINHAIS,SAO JOSE DOS PINHAIS,Paraná,-25.537702,-49.20008247
123,https://www.cassol.com.br,painel pinus,NOT_FOUND,Nao foram encontrados itens de 'painel pinus' (ou equivalentes) com dimensoes no nome neste site.,['painel pinus'],,,,,,,,,,,,,Cassol Centerlar,SAO JOSE DOS PINHAIS,SAO JOSE DOS PINHAIS,Paraná,-25.537702,-49.20008247
124,https://www.cassol.com.br,painel pinus,NOT_FOUND,Nao foram encontrados itens de 'painel pinus' (ou equivalentes) com dimensoes no nome neste site.,['painel pinus'],,,,,,,,,,,,,Cassol Centerlar,SAO JOSE DOS PINHAIS,SAO JOSE DOS PINHAIS,Paraná,-25.537702,-49.20008247
125,https://www.armazemdamarcenaria.com.br,painel pinus,NOT_FOUND,Nao foram encontrados itens de 'painel pinus' (ou equivalentes) com dimensoes no nome neste site.,['painel pinus'],,,,,,,,,,,,,Comercio De Produtos Para Moveis Rr Ltda,LONDRINA,LONDRINA,Paraná,-23.312156,-51.16277342
126,https://www.armazemdamarcenaria.com.br,painel pinus,NOT_FOUND,Nao foram encontrados itens de 'painel pinus' (ou equivalentes) com dimensoes no nome neste site.,['painel pinus'],,,,,,,,,,,,,Comercio De Produtos Para Moveis Rr Ltda,LONDRINA,LONDRINA,Paraná,-23.312156,-51.16277342
127,https://www.armazemdamarcenaria.com.br,painel pinus,NOT_FOUND,Nao foram encontrados itens de 'painel pinus' (ou equivalentes) com dimensoes no nome neste site.,['painel pinus'],,,,,,,,,,,,,Comercio De Produtos Para Moveis Rr Ltda,LONDRINA,LONDRINA,Paraná,-23.312156,-51.16277342
128,https://www.armazemdamarcenaria.com.br,painel pinus,NOT_FOUND,Nao foram encontrados itens de 'painel pinus' (ou equivalentes) com dimensoes no nome neste site.,['painel pinus'],,,,,,,,,,,,,Comercio De Produtos Para Moveis Rr Ltda,LONDRINA,LONDRINA,Paraná,-23.312156,-51.16277342
129,https://www.armazemdamarcenaria.com.br,painel pinus,NOT_FOUND,Nao foram encontrados itens de 'painel pinus' (ou equivalentes) com dimensoes no nome neste site.,['painel pinus'],,,,,,,,,,,,,Comercio De Produtos Para Moveis Rr Ltda,LONDRINA,LONDRINA,Paraná,-23.312156,-51.16277342
130,https://www.armazemdamarcenaria.com.br,painel pinus,NOT_FOUND,Nao foram encontrados itens de 'painel pinus' (ou equivalentes) com dimensoes no nome neste site.,['painel pinus'],,,,,,,,,,,,,Comercio De Produtos Para Moveis Rr Ltda,LONDRINA,LONDRINA,Paraná,-23.312156,-51.16277342
131,https://www.armazemdamarcenaria.com.br,painel pinus,NOT_FOUND,Nao foram encontrados itens de 'painel pinus' (ou equivalentes) com dimensoes no nome neste site.,['painel pinus'],,,,,,,,,,,,,Comercio De Produtos Para Moveis Rr Ltda,LONDRINA,LONDRINA,Paraná,-23.312156,-51.16277342
132,https://www.armazemdamarcenaria.com.br,painel pinus,NOT_FOUND,Nao foram encontrados itens de 'painel pinus' (ou equivalentes) com dimensoes no nome neste site.,['painel pinus'],,,,,,,,,,,,,Comercio De Produtos Para Moveis Rr Ltda,LONDRINA,LONDRINA,Paraná,-23.312156,-51.16277342
133,https://cgsmoveis.com.br,painel pinus,ERROR,Erro ao executar a busca e extracao no site.,['painel pinus'],,,,,,,,,,,,,Cgs Moveis,MEDIANEIRA,MEDIANEIRA,Paraná,-25.2924975,-54.09178213
134,https://cgsmoveis.com.br,painel pinus,ERROR,Erro ao executar a busca e extracao no site.,['painel pinus'],,,,,,,,,,,,,Cgs Moveis,MEDIANEIRA,MEDIANEIRA,Paraná,-25.2924975,-54.09178213
135,https://cgsmoveis.com.br,painel pinus,ERROR,Erro ao executar a busca e extracao no site.,['painel pinus'],,,,,,,,,,,,,Cgs Moveis,MEDIANEIRA,MEDIANEIRA,Paraná,-25.2924975,-54.09178213
136,https://cgsmoveis.com.br,painel pinus,ERROR,Erro ao executar a busca e extracao no site.,['painel pinus'],,,,,,,,,,,,,Cgs Moveis,MEDIANEIRA,MEDIANEIRA,Paraná,-25.2924975,-54.09178213
137,https://cgsmoveis.com.br,painel pinus,ERROR,Erro ao executar a busca e extracao no site.,['painel pinus'],,,,,,,,,,,,,Cgs Moveis,MEDIANEIRA,MEDIANEIRA,Paraná,-25.2924975,-54.09178213
138,https://cgsmoveis.com.br,painel pinus,ERROR,Erro ao executar a busca e extracao no site.,['painel pinus'],,,,,,,,,,,,,Cgs Moveis,MEDIANEIRA,MEDIANEIRA,Paraná,-25.2924975,-54.09178213
139,https://delfinoguaira.com.br/,painel pinus,NOT_FOUND,Nao foram encontrados itens de 'painel pinus' (ou equivalentes) com dimensoes no nome neste site.,['painel pinus'],,,,,,,,,,,,,Delfino Materiais De Construcoes,GUAIRA,GUAIRA,São Paulo,-20.32014434,-48.31447049
140,https://delfinoguaira.com.br/,painel pinus,NOT_FOUND,Nao foram encontrados itens de 'painel pinus' (ou equivalentes) com dimensoes no nome neste site.,['painel pinus'],,,,,,,,,,,,,Delfino Materiais De Construcoes,GUAIRA,GUAIRA,São Paulo,-20.32014434,-48.31447049
141,https://delfinoguaira.com.br/,painel pinus,NOT_FOUND,Nao foram encontrados itens de 'painel pinus' (ou equivalentes) com dimensoes no nome neste site.,['painel pinus'],,,,,,,,,,,,,Delfino Materiais De Construcoes,GUAIRA,GUAIRA,São Paulo,-20.32014434,-48.31447049
142,https://delfinoguaira.com.br/,painel pinus,NOT_FOUND,Nao foram encontrados itens de 'painel pinus' (ou equivalentes) com dimensoes no nome neste site.,['painel pinus'],,,,,,,,,,,,,Delfino Materiais De Construcoes,GUAIRA,GUAIRA,Paraná,-24.08527548,-54.24675772
143,https://delfinoguaira.com.br/,painel pinus,NOT_FOUND,Nao foram encontrados itens de 'painel pinus' (ou equivalentes) com dimensoes no nome neste site.,['painel pinus'],,,,,,,,,,,,,Delfino Materiais De Construcoes,GUAIRA,GUAIRA,Paraná,-24.08527548,-54.24675772
144,https://delfinoguaira.com.br/,painel pinus,NOT_FOUND,Nao foram encontrados itens de 'painel pinus' (ou equivalentes) com dimensoes no nome neste site.,['painel pinus'],,,,,,,,,,,,,Delfino Materiais De Construcoes,GUAIRA,GUAIRA,Paraná,-24.08527548,-54.24675772
145,https://delfinoguaira.com.br/,painel pinus,NOT_FOUND,Nao foram encontrados itens de 'painel pinus' (ou equivalentes) com dimensoes no nome neste site.,['painel pinus'],,,,,,,,,,,,,Delfino Materiais De Construcoes,GUAIRA,GUAIRA,Paraná,-24.08527548,-54.24675772
146,https://delfinoguaira.com.br/,painel pinus,NOT_FOUND,Nao foram encontrados itens de 'painel pinus' (ou equivalentes) com dimensoes no nome neste site.,['painel pinus'],,,,,,,,,,,,,Delfino Materiais De Construcoes,GUAIRA,GUAIRA,Paraná,-24.08527548,-54.24675772
147,https://delfinoguaira.com.br/,painel pinus,NOT_FOUND,Nao foram encontrados itens de 'painel pinus' (ou equivalentes) com dimensoes no nome neste site.,['painel pinus'],,,,,,,,,,,,,Delfino Materiais De Construcoes,GUAIRA,GUAIRA,Paraná,-24.08527548,-54.24675772
148,https://lojavirtual.cristalvel.com.br/,painel pinus,NOT_FOUND,Nao foram encontrados itens de 'painel pinus' (ou equivalentes) com dimensoes no nome neste site.,['painel pinus'],,,,,,,,,,,,,Cristalvel Industria E Comercio De Utilidades Domesticas Ltda,CASCAVEL,CASCAVEL,Ceará,-4.131433678,-38.23968594
149,https://lojavirtual.cristalvel.com.br/,painel pinus,NOT_FOUND,Nao foram encontrados itens de 'painel pinus' (ou equivalentes) com dimensoes no nome neste site.,['painel pinus'],,,,,,,,,,,,,Cristalvel Industria E Comercio De Utilidades Domesticas Ltda,CASCAVEL,CASCAVEL,Ceará,-4.131433678,-38.23968594
150,https://lojavirtual.cristalvel.com.br/,painel pinus,NOT_FOUND,Nao foram encontrados itens de 'painel pinus' (ou equivalentes) com dimensoes no nome neste site.,['painel pinus'],,,,,,,,,,,,,Cristalvel Industria E Comercio De Utilidades Domesticas Ltda,CASCAVEL,CASCAVEL,Ceará,-4.131433678,-38.23968594
151,https://lojavirtual.cristalvel.com.br/,painel pinus,NOT_FOUND,Nao foram encontrados itens de 'painel pinus' (ou equivalentes) com dimensoes no nome neste site.,['painel pinus'],,,,,,,,,,,,,Cristalvel Industria E Comercio De Utilidades Domesticas Ltda,CASCAVEL,CASCAVEL,Paraná,-24.9537975,-53.45972218
152,https://lojavirtual.cristalvel.com.br/,painel pinus,NOT_FOUND,Nao foram encontrados itens de 'painel pinus' (ou equivalentes) com dimensoes no nome neste site.,['painel pinus'],,,,,,,,,,,,,Cristalvel Industria E Comercio De Utilidades Domesticas Ltda,CASCAVEL,CASCAVEL,Paraná,-24.9537975,-53.45972218
153,https://lojavirtual.cristalvel.com.br/,painel pinus,NOT_FOUND,Nao foram encontrados itens de 'painel pinus' (ou equivalentes) com dimensoes no nome neste site.,['painel pinus'],,,,,,,,,,,,,Cristalvel Industria E Comercio De Utilidades Domesticas Ltda,CASCAVEL,CASCAVEL,Paraná,-24.9537975,-53.45972218
154,https://lojavirtual.cristalvel.com.br/,painel pinus,NOT_FOUND,Nao foram encontrados itens de 'painel pinus' (ou equivalentes) com dimensoes no nome neste site.,['painel pinus'],,,,,,,,,,,,,Cristalvel Industria E Comercio De Utilidades Domesticas Ltda,CASCAVEL,CASCAVEL,Paraná,-24.9537975,-53.45972218
155,https://lojavirtual.cristalvel.com.br/,painel pinus,NOT_FOUND,Nao foram encontrados itens de 'painel pinus' (ou equivalentes) com dimensoes no nome neste site.,['painel pinus'],,,,,,,,,,,,,Cristalvel Industria E Comercio De Utilidades Domesticas Ltda,CASCAVEL,CASCAVEL,Paraná,-24.9537975,-53.45972218
156,https://lojavirtual.cristalvel.com.br/,painel pinus,NOT_FOUND,Nao foram encontrados itens de 'painel pinus' (ou equivalentes) com dimensoes no nome neste site.,['painel pinus'],,,,,,,,,,,,,Cristalvel Industria E Comercio De Utilidades Domesticas Ltda,CASCAVEL,CASCAVEL,Paraná,-24.9537975,-53.45972218
157,https://lojavirtual.cristalvel.com.br/,painel pinus,NOT_FOUND,Nao foram encontrados itens de 'painel pinus' (ou equivalentes) com dimensoes no nome neste site.,['painel pinus'],,,,,,,,,,,,,Cristalvel Industria E Comercio De Utilidades Domesticas Ltda,CASCAVEL,CASCAVEL,Paraná,-24.9537975,-53.45972218
158,https://lojavirtual.cristalvel.com.br/,painel pinus,NOT_FOUND,Nao foram encontrados itens de 'painel pinus' (ou equivalentes) com dimensoes no nome neste site.,['painel pinus'],,,,,,,,,,,,,Cristalvel Industria E Comercio De Utilidades Domesticas Ltda,CASCAVEL,CASCAVEL,Paraná,-24.9537975,-53.45972218
159,https://lojavirtual.cristalvel.com.br/,painel pinus,NOT_FOUND,Nao foram encontrados itens de 'painel pinus' (ou equivalentes) com dimensoes no nome neste site.,['painel pinus'],,,,,,,,,,,,,Cristalvel Industria E Comercio De Utilidades Domesticas Ltda,CASCAVEL,CASCAVEL,Paraná,-24.9537975,-53.45972218
160,https://demobile.com.br/,painel pinus,NOT_FOUND,Nao foram encontrados itens de 'painel pinus' (ou equivalentes) com dimensoes no nome neste site.,['painel pinus'],,,,,,,,,,,,,Demobile,ARAPONGAS,ARAPONGAS,Paraná,-23.41351653,-51.43827973
161,https://demobile.com.br/,painel pinus,NOT_FOUND,Nao foram encontrados itens de 'painel pinus' (ou equivalentes) com dimensoes no nome neste site.,['painel pinus'],,,,,,,,,,,,,Demobile,ARAPONGAS,ARAPONGAS,Paraná,-23.41351653,-51.43827973
162,https://demobile.com.br/,painel pinus,NOT_FOUND,Nao foram encontrados itens de 'painel pinus' (ou equivalentes) com dimensoes no nome neste site.,['painel pinus'],,,,,,,,,,,,,Demobile,ARAPONGAS,ARAPONGAS,Paraná,-23.41351653,-51.43827973
163,https://demobile.com.br/,painel pinus,NOT_FOUND,Nao foram encontrados itens de 'painel pinus' (ou equivalentes) com dimensoes no nome neste site.,['painel pinus'],,,,,,,,,,,,,Demobile,ARAPONGAS,ARAPONGAS,Paraná,-23.41351653,-51.43827973
164,https://demobile.com.br/,painel pinus,NOT_FOUND,Nao foram encontrados itens de 'painel pinus' (ou equivalentes) com dimensoes no nome neste site.,['painel pinus'],,,,,,,,,,,,,Demobile,ARAPONGAS,ARAPONGAS,Paraná,-23.41351653,-51.43827973
165,https://demobile.com.br/,painel pinus,NOT_FOUND,Nao foram encontrados itens de 'painel pinus' (ou equivalentes) com dimensoes no nome neste site.,['painel pinus'],,,,,,,,,,,,,Demobile,ARAPONGAS,ARAPONGAS,Paraná,-23.41351653,-51.43827973
166,https://demobile.com.br/,painel pinus,NOT_FOUND,Nao foram encontrados itens de 'painel pinus' (ou equivalentes) com dimensoes no nome neste site.,['painel pinus'],,,,,,,,,,,,,Demobile,ARAPONGAS,ARAPONGAS,Paraná,-23.41351653,-51.43827973
167,https://comtudoacabamentos.com.br/,painel pinus,NOT_FOUND,Nao foram encontrados itens de 'painel pinus' (ou equivalentes) com dimensoes no nome neste site.,['painel pinus'],,,,,,,,,,,,,Comtudo Acabamentos E Boutique Ltda,LARANJEIRAS DO SUL,LARANJEIRAS DO SUL,Paraná,-25.40168151,-52.40884742
168,https://comtudoacabamentos.com.br/,painel pinus,NOT_FOUND,Nao foram encontrados itens de 'painel pinus' (ou equivalentes) com dimensoes no nome neste site.,['painel pinus'],,,,,,,,,,,,,Comtudo Acabamentos E Boutique Ltda,LARANJEIRAS DO SUL,LARANJEIRAS DO SUL,Paraná,-25.40168151,-52.40884742
169,https://comtudoacabamentos.com.br/,painel pinus,NOT_FOUND,Nao foram encontrados itens de 'painel pinus' (ou equivalentes) com dimensoes no nome neste site.,['painel pinus'],,,,,,,,,,,,,Comtudo Acabamentos E Boutique Ltda,LARANJEIRAS DO SUL,LARANJEIRAS DO SUL,Paraná,-25.40168151,-52.40884742
170,https://casaconexao.com.br/,painel pinus,ERROR,Não foi possível acessar o site casaconexao.com.br devido a erros de acesso (403 Forbidden) e bloqueios de segurança persistentes em múltiplos mecanismos de busca.,['painel pinus'],,,,,,,,,,,,,Casa Conexao De Materiais Hidraulicos Ltda,CURITIBA,CURITIBA,Paraná,-25.432956,-49.27184789
171,https://casaconexao.com.br/,painel pinus,ERROR,Não foi possível acessar o site casaconexao.com.br devido a erros de acesso (403 Forbidden) e bloqueios de segurança persistentes em múltiplos mecanismos de busca.,['painel pinus'],,,,,,,,,,,,,Casa Conexao De Materiais Hidraulicos Ltda,CURITIBA,CURITIBA,Paraná,-25.432956,-49.27184789
172,https://casaconexao.com.br/,painel pinus,ERROR,Não foi possível acessar o site casaconexao.com.br devido a erros de acesso (403 Forbidden) e bloqueios de segurança persistentes em múltiplos mecanismos de busca.,['painel pinus'],,,,,,,,,,,,,Casa Conexao De Materiais Hidraulicos Ltda,CURITIBA,CURITIBA,Paraná,-25.432956,-49.27184789
173,https://casaconexao.com.br/,painel pinus,ERROR,Não foi possível acessar o site casaconexao.com.br devido a erros de acesso (403 Forbidden) e bloqueios de segurança persistentes em múltiplos mecanismos de busca.,['painel pinus'],,,,,,,,,,,,,Casa Conexao De Materiais Hidraulicos Ltda,CURITIBA,CURITIBA,Paraná,-25.432956,-49.27184789
174,https://casaconexao.com.br/,painel pinus,ERROR,Não foi possível acessar o site casaconexao.com.br devido a erros de acesso (403 Forbidden) e bloqueios de segurança persistentes em múltiplos mecanismos de busca.,['painel pinus'],,,,,,,,,,,,,Casa Conexao De Materiais Hidraulicos Ltda,CURITIBA,CURITIBA,Paraná,-25.432956,-49.27184789
175,https://casaconexao.com.br/,painel pinus,ERROR,Não foi possível acessar o site casaconexao.com.br devido a erros de acesso (403 Forbidden) e bloqueios de segurança persistentes em múltiplos mecanismos de busca.,['painel pinus'],,,,,,,,,,,,,Casa Conexao De Materiais Hidraulicos Ltda,CURITIBA,CURITIBA,Paraná,-25.432956,-49.27184789
176,https://casaconexao.com.br/,painel pinus,ERROR,Não foi possível acessar o site casaconexao.com.br devido a erros de acesso (403 Forbidden) e bloqueios de segurança persistentes em múltiplos mecanismos de busca.,['painel pinus'],,,,,,,,,,,,,Casa Conexao De Materiais Hidraulicos Ltda,CURITIBA,CURITIBA,Paraná,-25.432956,-49.27184789
177,https://casaconexao.com.br/,painel pinus,ERROR,Não foi possível acessar o site casaconexao.com.br devido a erros de acesso (403 Forbidden) e bloqueios de segurança persistentes em múltiplos mecanismos de busca.,['painel pinus'],,,,,,,,,,,,,Casa Conexao De Materiais Hidraulicos Ltda,CURITIBA,CURITIBA,Paraná,-25.432956,-49.27184789
178,https://casaconexao.com.br/,painel pinus,ERROR,Não foi possível acessar o site casaconexao.com.br devido a erros de acesso (403 Forbidden) e bloqueios de segurança persistentes em múltiplos mecanismos de busca.,['painel pinus'],,,,,,,,,,,,,Casa Conexao De Materiais Hidraulicos Ltda,CURITIBA,CURITIBA,Paraná,-25.432956,-49.27184789
179,https://casaconexao.com.br/,painel pinus,ERROR,Não foi possível acessar o site casaconexao.com.br devido a erros de acesso (403 Forbidden) e bloqueios de segurança persistentes em múltiplos mecanismos de busca.,['painel pinus'],,,,,,,,,,,,,Casa Conexao De Materiais Hidraulicos Ltda,CURITIBA,CURITIBA,Paraná,-25.432956,-49.27184789
180,https://www.construcasabordignon.com.br,painel pinus,NOT_FOUND,Nao foram encontrados itens de 'painel pinus' (ou equivalentes) com dimensoes no nome neste site.,['painel pinus'],,,,,,,,,,,,,Construcasa Solucao Em Acabamentos Ltda,SANTO ANTONIO DA PLATINA,SANTO ANTONIO DA PLATINA,Paraná,-23.29704883,-50.0773459
181,https://www.construcasabordignon.com.br,painel pinus,NOT_FOUND,Nao foram encontrados itens de 'painel pinus' (ou equivalentes) com dimensoes no nome neste site.,['painel pinus'],,,,,,,,,,,,,Construcasa Solucao Em Acabamentos Ltda,SANTO ANTONIO DA PLATINA,SANTO ANTONIO DA PLATINA,Paraná,-23.29704883,-50.0773459
182,https://www.construcasabordignon.com.br,painel pinus,NOT_FOUND,Nao foram encontrados itens de 'painel pinus' (ou equivalentes) com dimensoes no nome neste site.,['painel pinus'],,,,,,,,,,,,,Construcasa Solucao Em Acabamentos Ltda,SANTO ANTONIO DA PLATINA,SANTO ANTONIO DA PLATINA,Paraná,-23.29704883,-50.0773459
183,https://www.construcasabordignon.com.br,painel pinus,NOT_FOUND,Nao foram encontrados itens de 'painel pinus' (ou equivalentes) com dimensoes no nome neste site.,['painel pinus'],,,,,,,,,,,,,Construcasa Solucao Em Acabamentos Ltda,SANTO ANTONIO DA PLATINA,SANTO ANTONIO DA PLATINA,Paraná,-23.29704883,-50.0773459
184,https://www.construcasabordignon.com.br,painel pinus,NOT_FOUND,Nao foram encontrados itens de 'painel pinus' (ou equivalentes) com dimensoes no nome neste site.,['painel pinus'],,,,,,,,,,,,,Construcasa Solucao Em Acabamentos Ltda,SANTO ANTONIO DA PLATINA,SANTO ANTONIO DA PLATINA,Paraná,-23.29704883,-50.0773459
185,https://www.deltasul.com.br,painel pinus,NOT_FOUND,Nao foram encontrados itens de 'painel pinus' (ou equivalentes) com dimensoes no nome neste site.,['painel pinus'],,,,,,,,,,,,,Delta Sul - Industria E Comercio De Moveis Ltda,UMUARAMA,UMUARAMA,Paraná,-23.76395,-53.3084598
186,https://www.deltasul.com.br,painel pinus,NOT_FOUND,Nao foram encontrados itens de 'painel pinus' (ou equivalentes) com dimensoes no nome neste site.,['painel pinus'],,,,,,,,,,,,,Delta Sul - Industria E Comercio De Moveis Ltda,UMUARAMA,UMUARAMA,Paraná,-23.76395,-53.3084598
187,https://www.deltasul.com.br,painel pinus,NOT_FOUND,Nao foram encontrados itens de 'painel pinus' (ou equivalentes) com dimensoes no nome neste site.,['painel pinus'],,,,,,,,,,,,,Delta Sul - Industria E Comercio De Moveis Ltda,UMUARAMA,UMUARAMA,Paraná,-23.76395,-53.3084598
188,https://www.deltasul.com.br,painel pinus,NOT_FOUND,Nao foram encontrados itens de 'painel pinus' (ou equivalentes) com dimensoes no nome neste site.,['painel pinus'],,,,,,,,,,,,,Delta Sul - Industria E Comercio De Moveis Ltda,UMUARAMA,UMUARAMA,Paraná,-23.76395,-53.3084598
189,https://www.deltasul.com.br,painel pinus,NOT_FOUND,Nao foram encontrados itens de 'painel pinus' (ou equivalentes) com dimensoes no nome neste site.,['painel pinus'],,,,,,,,,,,,,Delta Sul - Industria E Comercio De Moveis Ltda,UMUARAMA,UMUARAMA,Paraná,-23.76395,-53.3084598
190,https://districal.net/,painel pinus,NOT_FOUND,Nao foram encontrados itens de 'painel pinus' (ou equivalentes) com dimensoes no nome neste site.,['painel pinus'],,,,,,,,,,,,,"Districal, Comercio De Ferro E Aco",FOZ DO IGUACU,FOZ DO IGUACU,Paraná,-25.54249328,-54.58710249
191,https://districal.net/,painel pinus,NOT_FOUND,Nao foram encontrados itens de 'painel pinus' (ou equivalentes) com dimensoes no nome neste site.,['painel pinus'],,,,,,,,,,,,,"Districal, Comercio De Ferro E Aco",FOZ DO IGUACU,FOZ DO IGUACU,Paraná,-25.54249328,-54.58710249
192,https://districal.net/,painel pinus,NOT_FOUND,Nao foram encontrados itens de 'painel pinus' (ou equivalentes) com dimensoes no nome neste site.,['painel pinus'],,,,,,,,,,,,,"Districal, Comercio De Ferro E Aco",FOZ DO IGUACU,FOZ DO IGUACU,Paraná,-25.54249328,-54.58710249
193,https://districal.net/,painel pinus,NOT_FOUND,Nao foram encontrados itens de 'painel pinus' (ou equivalentes) com dimensoes no nome neste site.,['painel pinus'],,,,,,,,,,,,,"Districal, Comercio De Ferro E Aco",FOZ DO IGUACU,FOZ DO IGUACU,Paraná,-25.54249328,-54.58710249
194,https://districal.net/,painel pinus,NOT_FOUND,Nao foram encontrados itens de 'painel pinus' (ou equivalentes) com dimensoes no nome neste site.,['painel pinus'],,,,,,,,,,,,,"Districal, Comercio De Ferro E Aco",FOZ DO IGUACU,FOZ DO IGUACU,Paraná,-25.54249328,-54.58710249
195,https://districal.net/,painel pinus,NOT_FOUND,Nao foram encontrados itens de 'painel pinus' (ou equivalentes) com dimensoes no nome neste site.,['painel pinus'],,,,,,,,,,,,,"Districal, Comercio De Ferro E Aco",FOZ DO IGUACU,FOZ DO IGUACU,Paraná,-25.54249328,-54.58710249
196,loja.djmoveis.com.br,painel pinus,NOT_FOUND,Nao foram encontrados itens de 'painel pinus' (ou equivalentes) com dimensoes no nome neste site.,['painel pinus'],,,,,,,,,,,,,Dj Moveis,ARAPONGAS,ARAPONGAS,Paraná,-23.41351653,-51.43827973
197,loja.djmoveis.com.br,painel pinus,NOT_FOUND,Nao foram encontrados itens de 'painel pinus' (ou equivalentes) com dimensoes no nome neste site.,['painel pinus'],,,,,,,,,,,,,Dj Moveis,ARAPONGAS,ARAPONGAS,Paraná,-23.41351653,-51.43827973
198,loja.djmoveis.com.br,painel pinus,NOT_FOUND,Nao foram encontrados itens de 'painel pinus' (ou equivalentes) com dimensoes no nome neste site.,['painel pinus'],,,,,,,,,,,,,Dj Moveis,ARAPONGAS,ARAPONGAS,Paraná,-23.41351653,-51.43827973
199,loja.djmoveis.com.br,painel pinus,NOT_FOUND,Nao foram encontrados itens de 'painel pinus' (ou equivalentes) com dimensoes no nome neste site.,['painel pinus'],,,,,,,,,,,,,Dj Moveis,ARAPONGAS,ARAPONGAS,Paraná,-23.41351653,-51.43827973
200,loja.djmoveis.com.br,painel pinus,NOT_FOUND,Nao foram encontrados itens de 'painel pinus' (ou equivalentes) com dimensoes no nome neste site.,['painel pinus'],,,,,,,,,,,,,Dj Moveis,ARAPONGAS,ARAPONGAS,Paraná,-23.41351653,-51.43827973
201,loja.djmoveis.com.br,painel pinus,NOT_FOUND,Nao foram encontrados itens de 'painel pinus' (ou equivalentes) com dimensoes no nome neste site.,['painel pinus'],,,,,,,,,,,,,Dj Moveis,ARAPONGAS,ARAPONGAS,Paraná,-23.41351653,-51.43827973
202,loja.djmoveis.com.br,painel pinus,NOT_FOUND,Nao foram encontrados itens de 'painel pinus' (ou equivalentes) com dimensoes no nome neste site.,['painel pinus'],,,,,,,,,,,,,Dj Moveis,ARAPONGAS,ARAPONGAS,Paraná,-23.41351653,-51.43827973
203,https://loja.superdocemaringa.com.br/,painel pinus,NOT_FOUND,Nao foram encontrados itens de 'painel pinus' (ou equivalentes) com dimensoes no nome neste site.,['painel pinus'],,,,,,,,,,,,,Docenenem Ltda,MARINGA,MARINGA,Paraná,-23.42228,-51.93988187
204,https://loja.superdocemaringa.com.br/,painel pinus,NOT_FOUND,Nao foram encontrados itens de 'painel pinus' (ou equivalentes) com dimensoes no nome neste site.,['painel pinus'],,,,,,,,,,,,,Docenenem Ltda,MARINGA,MARINGA,Paraná,-23.42228,-51.93988187
205,https://loja.superdocemaringa.com.br/,painel pinus,NOT_FOUND,Nao foram encontrados itens de 'painel pinus' (ou equivalentes) com dimensoes no nome neste site.,['painel pinus'],,,,,,,,,,,,,Docenenem Ltda,MARINGA,MARINGA,Paraná,-23.42228,-51.93988187
206,https://loja.superdocemaringa.com.br/,painel pinus,NOT_FOUND,Nao foram encontrados itens de 'painel pinus' (ou equivalentes) com dimensoes no nome neste site.,['painel pinus'],,,,,,,,,,,,,Docenenem Ltda,MARINGA,MARINGA,Paraná,-23.42228,-51.93988187
207,https://loja.superdocemaringa.com.br/,painel pinus,NOT_FOUND,Nao foram encontrados itens de 'painel pinus' (ou equivalentes) com dimensoes no nome neste site.,['painel pinus'],,,,,,,,,,,,,Docenenem Ltda,MARINGA,MARINGA,Paraná,-23.42228,-51.93988187
208,https://loja.superdocemaringa.com.br/,painel pinus,NOT_FOUND,Nao foram encontrados itens de 'painel pinus' (ou equivalentes) com dimensoes no nome neste site.,['painel pinus'],,,,,,,,,,,,,Docenenem Ltda,MARINGA,MARINGA,Paraná,-23.42228,-51.93988187
209,https://loja.superdocemaringa.com.br/,painel pinus,NOT_FOUND,Nao foram encontrados itens de 'painel pinus' (ou equivalentes) com dimensoes no nome neste site.,['painel pinus'],,,,,,,,,,,,,Docenenem Ltda,MARINGA,MARINGA,Paraná,-23.42228,-51.93988187
210,https://loja.superdocemaringa.com.br/,painel pinus,NOT_FOUND,Nao foram encontrados itens de 'painel pinus' (ou equivalentes) com dimensoes no nome neste site.,['painel pinus'],,,,,,,,,,,,,Docenenem Ltda,MARINGA,MARINGA,Paraná,-23.42228,-51.93988187
211,https://www.nichele.com.br/,painel pinus,FOUND,Itens encontrados.,['painel pinus'],Painel de madeira de uso geral 2000x600x17mm,2000x600x17mm,"R$ 196,35",https://www.nichele.com.br/painel-de-madeira-de-uso-geral-2000x600x17mm/p,2000.0,600.0,17.0,196.35,BRL,1.0,0.0204,9624.999999999998,Deposito De Materiais Para Construcao Nichele Ltda,CAMPO LARGO,CAMPO LARGO,Paraná,-25.4594905,-49.52884145
212,https://www.nichele.com.br/,painel pinus,FOUND,Itens encontrados.,['painel pinus'],Painel de madeira de uso geral 2000x600x17mm,2000x600x17mm,"R$ 196,35",https://www.nichele.com.br/painel-de-madeira-de-uso-geral-2000x600x17mm/p,2000.0,600.0,17.0,196.35,BRL,1.0,0.0204,9624.999999999998,Deposito De Materiais Para Construcao Nichele Ltda,CAMPO LARGO,CAMPO LARGO,Paraná,-25.4594905,-49.52884145
213,https://www.nichele.com.br/,painel pinus,FOUND,Itens encontrados.,['painel pinus'],Painel de madeira de uso geral 2000x600x17mm,2000x600x17mm,"R$ 196,35",https://www.nichele.com.br/painel-de-madeira-de-uso-geral-2000x600x17mm/p,2000.0,600.0,17.0,196.35,BRL,1.0,0.0204,9624.999999999998,Deposito De Materiais Para Construcao Nichele Ltda,CAMPO LARGO,CAMPO LARGO,Paraná,-25.4594905,-49.52884145
214,https://www.nichele.com.br/,painel pinus,FOUND,Itens encontrados.,['painel pinus'],Painel de madeira de uso geral 2000x600x17mm,2000x600x17mm,"R$ 196,35",https://www.nichele.com.br/painel-de-madeira-de-uso-geral-2000x600x17mm/p,2000.0,600.0,17.0,196.35,BRL,1.0,0.0204,9624.999999999998,Deposito De Materiais Para Construcao Nichele Ltda,CAMPO LARGO,CAMPO LARGO,Paraná,-25.4594905,-49.52884145
215,https://www.nichele.com.br/,painel pinus,FOUND,Itens encontrados.,['painel pinus'],Painel de madeira de uso geral 2000x600x17mm,2000x600x17mm,"R$ 196,35",https://www.nichele.com.br/painel-de-madeira-de-uso-geral-2000x600x17mm/p,2000.0,600.0,17.0,196.35,BRL,1.0,0.0204,9624.999999999998,Deposito De Materiais Para Construcao Nichele Ltda,CAMPO LARGO,CAMPO LARGO,Paraná,-25.4594905,-49.52884145
216,https://www.nichele.com.br/,painel pinus,FOUND,Itens encontrados.,['painel pinus'],Painel de madeira de uso geral 2000x600x17mm,2000x600x17mm,"R$ 196,35",https://www.nichele.com.br/painel-de-madeira-de-uso-geral-2000x600x17mm/p,2000.0,600.0,17.0,196.35,BRL,1.0,0.0204,9624.999999999998,Deposito De Materiais Para Construcao Nichele Ltda,CAMPO LARGO,CAMPO LARGO,Paraná,-25.4594905,-49.52884145
217,https://www.nichele.com.br/,painel pinus,FOUND,Itens encontrados.,['painel pinus'],Painel de madeira de uso geral 2000x600x17mm,2000x600x17mm,"R$ 196,35",https://www.nichele.com.br/painel-de-madeira-de-uso-geral-2000x600x17mm/p,2000.0,600.0,17.0,196.35,BRL,1.0,0.0204,9624.999999999998,Deposito De Materiais Para Construcao Nichele Ltda,CAMPO LARGO,CAMPO LARGO,Paraná,-25.4594905,-49.52884145
218,https://www.nichele.com.br/,painel pinus,FOUND,Itens encontrados.,['painel pinus'],Painel de madeira de uso geral 2000x600x17mm,2000x600x17mm,"R$ 196,35",https://www.nichele.com.br/painel-de-madeira-de-uso-geral-2000x600x17mm/p,2000.0,600.0,17.0,196.35,BRL,1.0,0.0204,9624.999999999998,Deposito De Materiais Para Construcao Nichele Ltda,CAMPO LARGO,CAMPO LARGO,Paraná,-25.4594905,-49.52884145
219,https://www.nichele.com.br/,painel pinus,FOUND,Itens encontrados.,['painel pinus'],Painel de madeira de uso geral 1200x200x17mm,1200x200x17mm,"R$ 39,76",https://www.nichele.com.br/painel-de-madeira-de-uso-geral-1200x200x17mm/p,1200.0,200.0,17.0,39.76,BRL,1.0,0.00408,9745.098039215685,Deposito De Materiais Para Construcao Nichele Ltda,CAMPO LARGO,CAMPO LARGO,Paraná,-25.4594905,-49.52884145
220,https://www.nichele.com.br/,painel pinus,FOUND,Itens encontrados.,['painel pinus'],Painel de madeira de uso geral 1200x200x17mm,1200x200x17mm,"R$ 39,76",https://www.nichele.com.br/painel-de-madeira-de-uso-geral-1200x200x17mm/p,1200.0,200.0,17.0,39.76,BRL,1.0,0.00408,9745.098039215685,Deposito De Materiais Para Construcao Nichele Ltda,CAMPO LARGO,CAMPO LARGO,Paraná,-25.4594905,-49.52884145
221,https://www.nichele.com.br/,painel pinus,FOUND,Itens encontrados.,['painel pinus'],Painel de madeira de uso geral 1200x200x17mm,1200x200x17mm,"R$ 39,76",https://www.nichele.com.br/painel-de-madeira-de-uso-geral-1200x200x17mm/p,1200.0,200.0,17.0,39.76,BRL,1.0,0.00408,9745.098039215685,Deposito De Materiais Para Construcao Nichele Ltda,CAMPO LARGO,CAMPO LARGO,Paraná,-25.4594905,-49.52884145
222,https://www.nichele.com.br/,painel pinus,FOUND,Itens encontrados.,['painel pinus'],Painel de madeira de uso geral 1200x200x17mm,1200x200x17mm,"R$ 39,76",https://www.nichele.com.br/painel-de-madeira-de-uso-geral-1200x200x17mm/p,1200.0,200.0,17.0,39.76,BRL,1.0,0.00408,9745.098039215685,Deposito De Materiais Para Construcao Nichele Ltda,CAMPO LARGO,CAMPO LARGO,Paraná,-25.4594905,-49.52884145
223,https://www.nichele.com.br/,painel pinus,FOUND,Itens encontrados.,['painel pinus'],Painel de madeira de uso geral 1200x200x17mm,1200x200x17mm,"R$ 39,76",https://www.nichele.com.br/painel-de-madeira-de-uso-geral-1200x200x17mm/p,1200.0,200.0,17.0,39.76,BRL,1.0,0.00408,9745.098039215685,Deposito De Materiais Para Construcao Nichele Ltda,CAMPO LARGO,CAMPO LARGO,Paraná,-25.4594905,-49.52884145
224,https://www.nichele.com.br/,painel pinus,FOUND,Itens encontrados.,['painel pinus'],Painel de madeira de uso geral 1200x200x17mm,1200x200x17mm,"R$ 39,76",https://www.nichele.com.br/painel-de-madeira-de-uso-geral-1200x200x17mm/p,1200.0,200.0,17.0,39.76,BRL,1.0,0.00408,9745.098039215685,Deposito De Materiais Para Construcao Nichele Ltda,CAMPO LARGO,CAMPO LARGO,Paraná,-25.4594905,-49.52884145
225,https://www.nichele.com.br/,painel pinus,FOUND,Itens encontrados.,['painel pinus'],Painel de madeira de uso geral 1200x200x17mm,1200x200x17mm,"R$ 39,76",https://www.nichele.com.br/painel-de-madeira-de-uso-geral-1200x200x17mm/p,1200.0,200.0,17.0,39.76,BRL,1.0,0.00408,9745.098039215685,Deposito De Materiais Para Construcao Nichele Ltda,CAMPO LARGO,CAMPO LARGO,Paraná,-25.4594905,-49.52884145
226,https://www.nichele.com.br/,painel pinus,FOUND,Itens encontrados.,['painel pinus'],Painel de madeira de uso geral 1200x200x17mm,1200x200x17mm,"R$ 39,76",https://www.nichele.com.br/painel-de-madeira-de-uso-geral-1200x200x17mm/p,1200.0,200.0,17.0,39.76,BRL,1.0,0.00408,9745.098039215685,Deposito De Materiais Para Construcao Nichele Ltda,CAMPO LARGO,CAMPO LARGO,Paraná,-25.4594905,-49.52884145
227,https://www.nichele.com.br/,painel pinus,FOUND,Itens encontrados.,['painel pinus'],Painel de madeira de uso geral 600x200x17mm,600x200x17mm,"R$ 20,49",https://www.nichele.com.br/painel-de-madeira-de-uso-geral-600x200x17mm/p,600.0,200.0,17.0,20.49,BRL,1.0,0.00204,10044.117647058822,Deposito De Materiais Para Construcao Nichele Ltda,CAMPO LARGO,CAMPO LARGO,Paraná,-25.4594905,-49.52884145
228,https://www.nichele.com.br/,painel pinus,FOUND,Itens encontrados.,['painel pinus'],Painel de madeira de uso geral 600x200x17mm,600x200x17mm,"R$ 20,49",https://www.nichele.com.br/painel-de-madeira-de-uso-geral-600x200x17mm/p,600.0,200.0,17.0,20.49,BRL,1.0,0.00204,10044.117647058822,Deposito De Materiais Para Construcao Nichele Ltda,CAMPO LARGO,CAMPO LARGO,Paraná,-25.4594905,-49.52884145
229,https://www.nichele.com.br/,painel pinus,FOUND,Itens encontrados.,['painel pinus'],Painel de madeira de uso geral 600x200x17mm,600x200x17mm,"R$ 20,49",https://www.nichele.com.br/painel-de-madeira-de-uso-geral-600x200x17mm/p,600.0,200.0,17.0,20.49,BRL,1.0,0.00204,10044.117647058822,Deposito De Materiais Para Construcao Nichele Ltda,CAMPO LARGO,CAMPO LARGO,Paraná,-25.4594905,-49.52884145
230,https://www.nichele.com.br/,painel pinus,FOUND,Itens encontrados.,['painel pinus'],Painel de madeira de uso geral 600x200x17mm,600x200x17mm,"R$ 20,49",https://www.nichele.com.br/painel-de-madeira-de-uso-geral-600x200x17mm/p,600.0,200.0,17.0,20.49,BRL,1.0,0.00204,10044.117647058822,Deposito De Materiais Para Construcao Nichele Ltda,CAMPO LARGO,CAMPO LARGO,Paraná,-25.4594905,-49.52884145
231,https://www.nichele.com.br/,painel pinus,FOUND,Itens encontrados.,['painel pinus'],Painel de madeira de uso geral 600x200x17mm,600x200x17mm,"R$ 20,49",https://www.nichele.com.br/painel-de-madeira-de-uso-geral-600x200x17mm/p,600.0,200.0,17.0,20.49,BRL,1.0,0.00204,10044.117647058822,Deposito De Materiais Para Construcao Nichele Ltda,CAMPO LARGO,CAMPO LARGO,Paraná,-25.4594905,-49.52884145
232,https://www.nichele.com.br/,painel pinus,FOUND,Itens encontrados.,['painel pinus'],Painel de madeira de uso geral 600x200x17mm,600x200x17mm,"R$ 20,49",https://www.nichele.com.br/painel-de-madeira-de-uso-geral-600x200x17mm/p,600.0,200.0,17.0,20.49,BRL,1.0,0.00204,10044.117647058822,Deposito De Materiais Para Construcao Nichele Ltda,CAMPO LARGO,CAMPO LARGO,Paraná,-25.4594905,-49.52884145
233,https://www.nichele.com.br/,painel pinus,FOUND,Itens encontrados.,['painel pinus'],Painel de madeira de uso geral 600x200x17mm,600x200x17mm,"R$ 20,49",https://www.nichele.com.br/painel-de-madeira-de-uso-geral-600x200x17mm/p,600.0,200.0,17.0,20.49,BRL,1.0,0.00204,10044.117647058822,Deposito De Materiais Para Construcao Nichele Ltda,CAMPO LARGO,CAMPO LARGO,Paraná,-25.4594905,-49.52884145
234,https://www.nichele.com.br/,painel pinus,FOUND,Itens encontrados.,['painel pinus'],Painel de madeira de uso geral 600x200x17mm,600x200x17mm,"R$ 20,49",https://www.nichele.com.br/painel-de-madeira-de-uso-geral-600x200x17mm/p,600.0,200.0,17.0,20.49,BRL,1.0,0.00204,10044.117647058822,Deposito De Materiais Para Construcao Nichele Ltda,CAMPO LARGO,CAMPO LARGO,Paraná,-25.4594905,-49.52884145
235,https://www.depositosaomarcos.com.br/,painel pinus,NOT_FOUND,Nao foram encontrados itens de 'painel pinus' (ou equivalentes) com dimensoes no nome neste site.,['painel pinus'],,,,,,,,,,,,,Deposito Sao Marcos,LONDRINA,LONDRINA,Paraná,-23.312156,-51.16277342
236,https://www.depositosaomarcos.com.br/,painel pinus,NOT_FOUND,Nao foram encontrados itens de 'painel pinus' (ou equivalentes) com dimensoes no nome neste site.,['painel pinus'],,,,,,,,,,,,,Deposito Sao Marcos,LONDRINA,LONDRINA,Paraná,-23.312156,-51.16277342
237,https://www.depositosaomarcos.com.br/,painel pinus,NOT_FOUND,Nao foram encontrados itens de 'painel pinus' (ou equivalentes) com dimensoes no nome neste site.,['painel pinus'],,,,,,,,,,,,,Deposito Sao Marcos,LONDRINA,LONDRINA,Paraná,-23.312156,-51.16277342
238,https://www.depositosaomarcos.com.br/,painel pinus,NOT_FOUND,Nao foram encontrados itens de 'painel pinus' (ou equivalentes) com dimensoes no nome neste site.,['painel pinus'],,,,,,,,,,,,,Deposito Sao Marcos,LONDRINA,LONDRINA,Paraná,-23.312156,-51.16277342
239,https://www.depositosaomarcos.com.br/,painel pinus,NOT_FOUND,Nao foram encontrados itens de 'painel pinus' (ou equivalentes) com dimensoes no nome neste site.,['painel pinus'],,,,,,,,,,,,,Deposito Sao Marcos,LONDRINA,LONDRINA,Paraná,-23.312156,-51.16277342
240,https://www.depositosaomarcos.com.br/,painel pinus,NOT_FOUND,Nao foram encontrados itens de 'painel pinus' (ou equivalentes) com dimensoes no nome neste site.,['painel pinus'],,,,,,,,,,,,,Deposito Sao Marcos,LONDRINA,LONDRINA,Paraná,-23.312156,-51.16277342
241,https://www.depositosaomarcos.com.br/,painel pinus,NOT_FOUND,Nao foram encontrados itens de 'painel pinus' (ou equivalentes) com dimensoes no nome neste site.,['painel pinus'],,,,,,,,,,,,,Deposito Sao Marcos,LONDRINA,LONDRINA,Paraná,-23.312156,-51.16277342
242,https://www.depositosaomarcos.com.br/,painel pinus,NOT_FOUND,Nao foram encontrados itens de 'painel pinus' (ou equivalentes) com dimensoes no nome neste site.,['painel pinus'],,,,,,,,,,,,,Deposito Sao Marcos,LONDRINA,LONDRINA,Paraná,-23.312156,-51.16277342
243,https://diprotec.com.br/,painel pinus,NOT_FOUND,Nao foram encontrados itens de 'painel pinus' (ou equivalentes) com dimensoes no nome neste site.,['painel pinus'],,,,,,,,,,,,,Diprotec Dist. De Prod. Tec. Para Const. Civil Ltda.,CURITIBA,CURITIBA,Paraná,-25.432956,-49.27184789
244,https://diprotec.com.br/,painel pinus,NOT_FOUND,Nao foram encontrados itens de 'painel pinus' (ou equivalentes) com dimensoes no nome neste site.,['painel pinus'],,,,,,,,,,,,,Diprotec Dist. De Prod. Tec. Para Const. Civil Ltda.,CURITIBA,CURITIBA,Paraná,-25.432956,-49.27184789
245,https://diprotec.com.br/,painel pinus,NOT_FOUND,Nao foram encontrados itens de 'painel pinus' (ou equivalentes) com dimensoes no nome neste site.,['painel pinus'],,,,,,,,,,,,,Diprotec Dist. De Prod. Tec. Para Const. Civil Ltda.,CURITIBA,CURITIBA,Paraná,-25.432956,-49.27184789
246,https://diprotec.com.br/,painel pinus,NOT_FOUND,Nao foram encontrados itens de 'painel pinus' (ou equivalentes) com dimensoes no nome neste site.,['painel pinus'],,,,,,,,,,,,,Diprotec Dist. De Prod. Tec. Para Const. Civil Ltda.,CURITIBA,CURITIBA,Paraná,-25.432956,-49.27184789
247,https://diprotec.com.br/,painel pinus,NOT_FOUND,Nao foram encontrados itens de 'painel pinus' (ou equivalentes) com dimensoes no nome neste site.,['painel pinus'],,,,,,,,,,,,,Diprotec Dist. De Prod. Tec. Para Const. Civil Ltda.,CURITIBA,CURITIBA,Paraná,-25.432956,-49.27184789
248,https://diprotec.com.br/,painel pinus,NOT_FOUND,Nao foram encontrados itens de 'painel pinus' (ou equivalentes) com dimensoes no nome neste site.,['painel pinus'],,,,,,,,,,,,,Diprotec Dist. De Prod. Tec. Para Const. Civil Ltda.,CURITIBA,CURITIBA,Paraná,-25.432956,-49.27184789
249,https://diprotec.com.br/,painel pinus,NOT_FOUND,Nao foram encontrados itens de 'painel pinus' (ou equivalentes) com dimensoes no nome neste site.,['painel pinus'],,,,,,,,,,,,,Diprotec Dist. De Prod. Tec. Para Const. Civil Ltda.,CURITIBA,CURITIBA,Paraná,-25.432956,-49.27184789
250,https://diprotec.com.br/,painel pinus,NOT_FOUND,Nao foram encontrados itens de 'painel pinus' (ou equivalentes) com dimensoes no nome neste site.,['painel pinus'],,,,,,,,,,,,,Diprotec Dist. De Prod. Tec. Para Const. Civil Ltda.,CURITIBA,CURITIBA,Paraná,-25.432956,-49.27184789
251,https://diprotec.com.br/,painel pinus,NOT_FOUND,Nao foram encontrados itens de 'painel pinus' (ou equivalentes) com dimensoes no nome neste site.,['painel pinus'],,,,,,,,,,,,,Diprotec Dist. De Prod. Tec. Para Const. Civil Ltda.,CURITIBA,CURITIBA,Paraná,-25.432956,-49.27184789
252,https://diprotec.com.br/,painel pinus,NOT_FOUND,Nao foram encontrados itens de 'painel pinus' (ou equivalentes) com dimensoes no nome neste site.,['painel pinus'],,,,,,,,,,,,,Diprotec Dist. De Prod. Tec. Para Const. Civil Ltda.,CURITIBA,CURITIBA,Paraná,-25.432956,-49.27184789
253,https://www.eletrorastro.com.br/,painel pinus,NOT_FOUND,Nao foram encontrados itens de 'painel pinus' (ou equivalentes) com dimensoes no nome neste site.,['painel pinus'],,,,,,,,,,,,,Eletrorastro Comercio De Material Eletrico Ltda,CURITIBA,CURITIBA,Paraná,-25.432956,-49.27184789
254,https://www.eletrorastro.com.br/,painel pinus,NOT_FOUND,Nao foram encontrados itens de 'painel pinus' (ou equivalentes) com dimensoes no nome neste site.,['painel pinus'],,,,,,,,,,,,,Eletrorastro Comercio De Material Eletrico Ltda,CURITIBA,CURITIBA,Paraná,-25.432956,-49.27184789
255,https://www.eletrorastro.com.br/,painel pinus,NOT_FOUND,Nao foram encontrados itens de 'painel pinus' (ou equivalentes) com dimensoes no nome neste site.,['painel pinus'],,,,,,,,,,,,,Eletrorastro Comercio De Material Eletrico Ltda,CURITIBA,CURITIBA,Paraná,-25.432956,-49.27184789
256,https://www.eletrorastro.com.br/,painel pinus,NOT_FOUND,Nao foram encontrados itens de 'painel pinus' (ou equivalentes) com dimensoes no nome neste site.,['painel pinus'],,,,,,,,,,,,,Eletrorastro Comercio De Material Eletrico Ltda,CURITIBA,CURITIBA,Paraná,-25.432956,-49.27184789
257,https://www.eletrorastro.com.br/,painel pinus,NOT_FOUND,Nao foram encontrados itens de 'painel pinus' (ou equivalentes) com dimensoes no nome neste site.,['painel pinus'],,,,,,,,,,,,,Eletrorastro Comercio De Material Eletrico Ltda,CURITIBA,CURITIBA,Paraná,-25.432956,-49.27184789
258,https://www.eletrorastro.com.br/,painel pinus,NOT_FOUND,Nao foram encontrados itens de 'painel pinus' (ou equivalentes) com dimensoes no nome neste site.,['painel pinus'],,,,,,,,,,,,,Eletrorastro Comercio De Material Eletrico Ltda,CURITIBA,CURITIBA,Paraná,-25.432956,-49.27184789
259,https://www.eletrorastro.com.br/,painel pinus,NOT_FOUND,Nao foram encontrados itens de 'painel pinus' (ou equivalentes) com dimensoes no nome neste site.,['painel pinus'],,,,,,,,,,,,,Eletrorastro Comercio De Material Eletrico Ltda,CURITIBA,CURITIBA,Paraná,-25.432956,-49.27184789
260,https://www.eletrorastro.com.br/,painel pinus,NOT_FOUND,Nao foram encontrados itens de 'painel pinus' (ou equivalentes) com dimensoes no nome neste site.,['painel pinus'],,,,,,,,,,,,,Eletrorastro Comercio De Material Eletrico Ltda,CURITIBA,CURITIBA,Paraná,-25.432956,-49.27184789
261,https://www.eletrorastro.com.br/,painel pinus,NOT_FOUND,Nao foram encontrados itens de 'painel pinus' (ou equivalentes) com dimensoes no nome neste site.,['painel pinus'],,,,,,,,,,,,,Eletrorastro Comercio De Material Eletrico Ltda,CURITIBA,CURITIBA,Paraná,-25.432956,-49.27184789
262,https://www.eletrorastro.com.br/,painel pinus,NOT_FOUND,Nao foram encontrados itens de 'painel pinus' (ou equivalentes) com dimensoes no nome neste site.,['painel pinus'],,,,,,,,,,,,,Eletrorastro Comercio De Material Eletrico Ltda,CURITIBA,CURITIBA,Paraná,-25.432956,-49.27184789
263,https://www.djmoveis.ind.br/pt/,painel pinus,NOT_FOUND,Nao foram encontrados itens de 'painel pinus' (ou equivalentes) com dimensoes no nome neste site.,['painel pinus'],,,,,,,,,,,,,Dj Dormitorios Industria E Comercio De Moveis Ltda,ARAPONGAS,ARAPONGAS,Paraná,-23.41351653,-51.43827973
264,https://www.djmoveis.ind.br/pt/,painel pinus,NOT_FOUND,Nao foram encontrados itens de 'painel pinus' (ou equivalentes) com dimensoes no nome neste site.,['painel pinus'],,,,,,,,,,,,,Dj Dormitorios Industria E Comercio De Moveis Ltda,ARAPONGAS,ARAPONGAS,Paraná,-23.41351653,-51.43827973
265,https://www.djmoveis.ind.br/pt/,painel pinus,NOT_FOUND,Nao foram encontrados itens de 'painel pinus' (ou equivalentes) com dimensoes no nome neste site.,['painel pinus'],,,,,,,,,,,,,Dj Dormitorios Industria E Comercio De Moveis Ltda,ARAPONGAS,ARAPONGAS,Paraná,-23.41351653,-51.43827973
266,https://www.djmoveis.ind.br/pt/,painel pinus,NOT_FOUND,Nao foram encontrados itens de 'painel pinus' (ou equivalentes) com dimensoes no nome neste site.,['painel pinus'],,,,,,,,,,,,,Dj Dormitorios Industria E Comercio De Moveis Ltda,ARAPONGAS,ARAPONGAS,Paraná,-23.41351653,-51.43827973
267,https://www.djmoveis.ind.br/pt/,painel pinus,NOT_FOUND,Nao foram encontrados itens de 'painel pinus' (ou equivalentes) com dimensoes no nome neste site.,['painel pinus'],,,,,,,,,,,,,Dj Dormitorios Industria E Comercio De Moveis Ltda,ARAPONGAS,ARAPONGAS,Paraná,-23.41351653,-51.43827973
268,https://www.djmoveis.ind.br/pt/,painel pinus,NOT_FOUND,Nao foram encontrados itens de 'painel pinus' (ou equivalentes) com dimensoes no nome neste site.,['painel pinus'],,,,,,,,,,,,,Dj Dormitorios Industria E Comercio De Moveis Ltda,ARAPONGAS,ARAPONGAS,Paraná,-23.41351653,-51.43827973
269,https://www.djmoveis.ind.br/pt/,painel pinus,NOT_FOUND,Nao foram encontrados itens de 'painel pinus' (ou equivalentes) com dimensoes no nome neste site.,['painel pinus'],,,,,,,,,,,,,Dj Dormitorios Industria E Comercio De Moveis Ltda,ARAPONGAS,ARAPONGAS,Paraná,-23.41351653,-51.43827973
270,https://dobue.com.br/,painel pinus,NOT_FOUND,Nao foram encontrados itens de 'painel pinus' (ou equivalentes) com dimensoes no nome neste site.,['painel pinus'],,,,,,,,,,,,,Dobue Movelaria,SABAUDIA,SABAUDIA,Paraná,-23.31839562,-51.55670202
271,https://dobue.com.br/,painel pinus,NOT_FOUND,Nao foram encontrados itens de 'painel pinus' (ou equivalentes) com dimensoes no nome neste site.,['painel pinus'],,,,,,,,,,,,,Dobue Movelaria,SABAUDIA,SABAUDIA,Paraná,-23.31839562,-51.55670202
272,https://dobue.com.br/,painel pinus,NOT_FOUND,Nao foram encontrados itens de 'painel pinus' (ou equivalentes) com dimensoes no nome neste site.,['painel pinus'],,,,,,,,,,,,,Dobue Movelaria,SABAUDIA,SABAUDIA,Paraná,-23.31839562,-51.55670202
273,estiloartefatos.com.br,painel pinus,NOT_FOUND,Nao foram encontrados itens de 'painel pinus' (ou equivalentes) com dimensoes no nome neste site.,['painel pinus'],,,,,,,,,,,,,Estilo Artefatos De Madeiras Ltda,GUARAPUAVA,GUARAPUAVA,Paraná,-25.39359198,-51.46343108
274,estiloartefatos.com.br,painel pinus,NOT_FOUND,Nao foram encontrados itens de 'painel pinus' (ou equivalentes) com dimensoes no nome neste site.,['painel pinus'],,,,,,,,,,,,,Estilo Artefatos De Madeiras Ltda,GUARAPUAVA,GUARAPUAVA,Paraná,-25.39359198,-51.46343108
275,estiloartefatos.com.br,painel pinus,NOT_FOUND,Nao foram encontrados itens de 'painel pinus' (ou equivalentes) com dimensoes no nome neste site.,['painel pinus'],,,,,,,,,,,,,Estilo Artefatos De Madeiras Ltda,GUARAPUAVA,GUARAPUAVA,Paraná,-25.39359198,-51.46343108
276,estiloartefatos.com.br,painel pinus,NOT_FOUND,Nao foram encontrados itens de 'painel pinus' (ou equivalentes) com dimensoes no nome neste site.,['painel pinus'],,,,,,,,,,,,,Estilo Artefatos De Madeiras Ltda,GUARAPUAVA,GUARAPUAVA,Paraná,-25.39359198,-51.46343108
277,estiloartefatos.com.br,painel pinus,NOT_FOUND,Nao foram encontrados itens de 'painel pinus' (ou equivalentes) com dimensoes no nome neste site.,['painel pinus'],,,,,,,,,,,,,Estilo Artefatos De Madeiras Ltda,GUARAPUAVA,GUARAPUAVA,Paraná,-25.39359198,-51.46343108
278,estiloartefatos.com.br,painel pinus,NOT_FOUND,Nao foram encontrados itens de 'painel pinus' (ou equivalentes) com dimensoes no nome neste site.,['painel pinus'],,,,,,,,,,,,,Estilo Artefatos De Madeiras Ltda,GUARAPUAVA,GUARAPUAVA,Paraná,-25.39359198,-51.46343108
279,estiloartefatos.com.br,painel pinus,NOT_FOUND,Nao foram encontrados itens de 'painel pinus' (ou equivalentes) com dimensoes no nome neste site.,['painel pinus'],,,,,,,,,,,,,Estilo Artefatos De Madeiras Ltda,GUARAPUAVA,GUARAPUAVA,Paraná,-25.39359198,-51.46343108
280,https://distribuidoraguarapuava.com.br/,painel pinus,NOT_FOUND,Nao foram encontrados itens de 'painel pinus' (ou equivalentes) com dimensoes no nome neste site.,['painel pinus'],,,,,,,,,,,,,Deposito Guarapuava,GUARAPUAVA,GUARAPUAVA,Paraná,-25.39359198,-51.46343108
281,https://distribuidoraguarapuava.com.br/,painel pinus,NOT_FOUND,Nao foram encontrados itens de 'painel pinus' (ou equivalentes) com dimensoes no nome neste site.,['painel pinus'],,,,,,,,,,,,,Deposito Guarapuava,GUARAPUAVA,GUARAPUAVA,Paraná,-25.39359198,-51.46343108
282,https://distribuidoraguarapuava.com.br/,painel pinus,NOT_FOUND,Nao foram encontrados itens de 'painel pinus' (ou equivalentes) com dimensoes no nome neste site.,['painel pinus'],,,,,,,,,,,,,Deposito Guarapuava,GUARAPUAVA,GUARAPUAVA,Paraná,-25.39359198,-51.46343108
283,https://distribuidoraguarapuava.com.br/,painel pinus,NOT_FOUND,Nao foram encontrados itens de 'painel pinus' (ou equivalentes) com dimensoes no nome neste site.,['painel pinus'],,,,,,,,,,,,,Deposito Guarapuava,GUARAPUAVA,GUARAPUAVA,Paraná,-25.39359198,-51.46343108
284,https://distribuidoraguarapuava.com.br/,painel pinus,NOT_FOUND,Nao foram encontrados itens de 'painel pinus' (ou equivalentes) com dimensoes no nome neste site.,['painel pinus'],,,,,,,,,,,,,Deposito Guarapuava,GUARAPUAVA,GUARAPUAVA,Paraná,-25.39359198,-51.46343108
285,https://distribuidoraguarapuava.com.br/,painel pinus,NOT_FOUND,Nao foram encontrados itens de 'painel pinus' (ou equivalentes) com dimensoes no nome neste site.,['painel pinus'],,,,,,,,,,,,,Deposito Guarapuava,GUARAPUAVA,GUARAPUAVA,Paraná,-25.39359198,-51.46343108
286,https://distribuidoraguarapuava.com.br/,painel pinus,NOT_FOUND,Nao foram encontrados itens de 'painel pinus' (ou equivalentes) com dimensoes no nome neste site.,['painel pinus'],,,,,,,,,,,,,Deposito Guarapuava,GUARAPUAVA,GUARAPUAVA,Paraná,-25.39359198,-51.46343108
287,https://loja.forsetisolucoes.com.br/,painel pinus,NOT_FOUND,Nao foram encontrados itens de 'painel pinus' (ou equivalentes) com dimensoes no nome neste site.,['painel pinus'],,,,,,,,,,,,,Forseti Usinagem E Automacao Ltda,CURITIBA,CURITIBA,Paraná,-25.432956,-49.27184789
288,https://loja.forsetisolucoes.com.br/,painel pinus,NOT_FOUND,Nao foram encontrados itens de 'painel pinus' (ou equivalentes) com dimensoes no nome neste site.,['painel pinus'],,,,,,,,,,,,,Forseti Usinagem E Automacao Ltda,CURITIBA,CURITIBA,Paraná,-25.432956,-49.27184789
289,https://loja.forsetisolucoes.com.br/,painel pinus,NOT_FOUND,Nao foram encontrados itens de 'painel pinus' (ou equivalentes) com dimensoes no nome neste site.,['painel pinus'],,,,,,,,,,,,,Forseti Usinagem E Automacao Ltda,CURITIBA,CURITIBA,Paraná,-25.432956,-49.27184789
290,https://loja.forsetisolucoes.com.br/,painel pinus,NOT_FOUND,Nao foram encontrados itens de 'painel pinus' (ou equivalentes) com dimensoes no nome neste site.,['painel pinus'],,,,,,,,,,,,,Forseti Usinagem E Automacao Ltda,CURITIBA,CURITIBA,Paraná,-25.432956,-49.27184789
291,https://loja.forsetisolucoes.com.br/,painel pinus,NOT_FOUND,Nao foram encontrados itens de 'painel pinus' (ou equivalentes) com dimensoes no nome neste site.,['painel pinus'],,,,,,,,,,,,,Forseti Usinagem E Automacao Ltda,CURITIBA,CURITIBA,Paraná,-25.432956,-49.27184789
292,https://loja.forsetisolucoes.com.br/,painel pinus,NOT_FOUND,Nao foram encontrados itens de 'painel pinus' (ou equivalentes) com dimensoes no nome neste site.,['painel pinus'],,,,,,,,,,,,,Forseti Usinagem E Automacao Ltda,CURITIBA,CURITIBA,Paraná,-25.432956,-49.27184789
293,https://loja.forsetisolucoes.com.br/,painel pinus,NOT_FOUND,Nao foram encontrados itens de 'painel pinus' (ou equivalentes) com dimensoes no nome neste site.,['painel pinus'],,,,,,,,,,,,,Forseti Usinagem E Automacao Ltda,CURITIBA,CURITIBA,Paraná,-25.432956,-49.27184789
294,https://loja.forsetisolucoes.com.br/,painel pinus,NOT_FOUND,Nao foram encontrados itens de 'painel pinus' (ou equivalentes) com dimensoes no nome neste site.,['painel pinus'],,,,,,,,,,,,,Forseti Usinagem E Automacao Ltda,CURITIBA,CURITIBA,Paraná,-25.432956,-49.27184789
295,https://loja.forsetisolucoes.com.br/,painel pinus,NOT_FOUND,Nao foram encontrados itens de 'painel pinus' (ou equivalentes) com dimensoes no nome neste site.,['painel pinus'],,,,,,,,,,,,,Forseti Usinagem E Automacao Ltda,CURITIBA,CURITIBA,Paraná,-25.432956,-49.27184789
296,https://loja.forsetisolucoes.com.br/,painel pinus,NOT_FOUND,Nao foram encontrados itens de 'painel pinus' (ou equivalentes) com dimensoes no nome neste site.,['painel pinus'],,,,,,,,,,,,,Forseti Usinagem E Automacao Ltda,CURITIBA,CURITIBA,Paraná,-25.432956,-49.27184789
297,https://www.ferguile.com.br,painel pinus,NOT_FOUND,Nao foram encontrados itens de 'painel pinus' (ou equivalentes) com dimensoes no nome neste site.,[],,,,,,,,,,,,,Ferguile Estofados Ltda,ARAPONGAS,ARAPONGAS,Paraná,-23.41351653,-51.43827973
298,https://www.ferguile.com.br,painel pinus,NOT_FOUND,Nao foram encontrados itens de 'painel pinus' (ou equivalentes) com dimensoes no nome neste site.,[],,,,,,,,,,,,,Ferguile Estofados Ltda,ARAPONGAS,ARAPONGAS,Paraná,-23.41351653,-51.43827973
299,https://www.ferguile.com.br,painel pinus,NOT_FOUND,Nao foram encontrados itens de 'painel pinus' (ou equivalentes) com dimensoes no nome neste site.,[],,,,,,,,,,,,,Ferguile Estofados Ltda,ARAPONGAS,ARAPONGAS,Paraná,-23.41351653,-51.43827973
300,https://www.ferguile.com.br,painel pinus,NOT_FOUND,Nao foram encontrados itens de 'painel pinus' (ou equivalentes) com dimensoes no nome neste site.,[],,,,,,,,,,,,,Ferguile Estofados Ltda,ARAPONGAS,ARAPONGAS,Paraná,-23.41351653,-51.43827973
301,https://www.ferguile.com.br,painel pinus,NOT_FOUND,Nao foram encontrados itens de 'painel pinus' (ou equivalentes) com dimensoes no nome neste site.,[],,,,,,,,,,,,,Ferguile Estofados Ltda,ARAPONGAS,ARAPONGAS,Paraná,-23.41351653,-51.43827973
302,https://www.ferguile.com.br,painel pinus,NOT_FOUND,Nao foram encontrados itens de 'painel pinus' (ou equivalentes) com dimensoes no nome neste site.,[],,,,,,,,,,,,,Ferguile Estofados Ltda,ARAPONGAS,ARAPONGAS,Paraná,-23.41351653,-51.43827973
303,https://www.ferguile.com.br,painel pinus,NOT_FOUND,Nao foram encontrados itens de 'painel pinus' (ou equivalentes) com dimensoes no nome neste site.,[],,,,,,,,,,,,,Ferguile Estofados Ltda,ARAPONGAS,ARAPONGAS,Paraná,-23.41351653,-51.43827973
304,https://lojasgasparin.com.br,painel pinus,NOT_FOUND,Nao foram encontrados itens de 'painel pinus' (ou equivalentes) com dimensoes no nome neste site.,['painel pinus'],,,,,,,,,,,,,Gasparin -Materiais De Construcao,COLOMBO,COLOMBO,Paraná,-25.29434029,-49.22743798
305,https://lojasgasparin.com.br,painel pinus,NOT_FOUND,Nao foram encontrados itens de 'painel pinus' (ou equivalentes) com dimensoes no nome neste site.,['painel pinus'],,,,,,,,,,,,,Gasparin -Materiais De Construcao,COLOMBO,COLOMBO,Paraná,-25.29434029,-49.22743798
306,https://lojasgasparin.com.br,painel pinus,NOT_FOUND,Nao foram encontrados itens de 'painel pinus' (ou equivalentes) com dimensoes no nome neste site.,['painel pinus'],,,,,,,,,,,,,Gasparin -Materiais De Construcao,COLOMBO,COLOMBO,Paraná,-25.29434029,-49.22743798
307,https://lojasgasparin.com.br,painel pinus,NOT_FOUND,Nao foram encontrados itens de 'painel pinus' (ou equivalentes) com dimensoes no nome neste site.,['painel pinus'],,,,,,,,,,,,,Gasparin -Materiais De Construcao,COLOMBO,COLOMBO,Paraná,-25.29434029,-49.22743798
308,https://lojasgasparin.com.br,painel pinus,NOT_FOUND,Nao foram encontrados itens de 'painel pinus' (ou equivalentes) com dimensoes no nome neste site.,['painel pinus'],,,,,,,,,,,,,Gasparin -Materiais De Construcao,COLOMBO,COLOMBO,Paraná,-25.29434029,-49.22743798
309,https://lojasgasparin.com.br,painel pinus,NOT_FOUND,Nao foram encontrados itens de 'painel pinus' (ou equivalentes) com dimensoes no nome neste site.,['painel pinus'],,,,,,,,,,,,,Gasparin -Materiais De Construcao,COLOMBO,COLOMBO,Paraná,-25.29434029,-49.22743798
310,https://lojasgasparin.com.br,painel pinus,NOT_FOUND,Nao foram encontrados itens de 'painel pinus' (ou equivalentes) com dimensoes no nome neste site.,['painel pinus'],,,,,,,,,,,,,Gasparin -Materiais De Construcao,COLOMBO,COLOMBO,Paraná,-25.29434029,-49.22743798
311,https://lojasgasparin.com.br,painel pinus,NOT_FOUND,Nao foram encontrados itens de 'painel pinus' (ou equivalentes) com dimensoes no nome neste site.,['painel pinus'],,,,,,,,,,,,,Gasparin -Materiais De Construcao,COLOMBO,COLOMBO,Paraná,-25.29434029,-49.22743798
312,https://www.gmad.com.br/,painel pinus,NOT_FOUND,Nao foram encontrados itens de 'painel pinus' (ou equivalentes) com dimensoes no nome neste site.,['painel pinus'],,,,,,,,,,,,,Gmad Compmag Madeiras E Ferragens Ltda,MARINGA,MARINGA,Paraná,-23.42228,-51.93988187
313,https://www.gmad.com.br/,painel pinus,NOT_FOUND,Nao foram encontrados itens de 'painel pinus' (ou equivalentes) com dimensoes no nome neste site.,['painel pinus'],,,,,,,,,,,,,Gmad Compmag Madeiras E Ferragens Ltda,MARINGA,MARINGA,Paraná,-23.42228,-51.93988187
314,https://www.gmad.com.br/,painel pinus,NOT_FOUND,Nao foram encontrados itens de 'painel pinus' (ou equivalentes) com dimensoes no nome neste site.,['painel pinus'],,,,,,,,,,,,,Gmad Compmag Madeiras E Ferragens Ltda,MARINGA,MARINGA,Paraná,-23.42228,-51.93988187
315,https://www.gmad.com.br/,painel pinus,NOT_FOUND,Nao foram encontrados itens de 'painel pinus' (ou equivalentes) com dimensoes no nome neste site.,['painel pinus'],,,,,,,,,,,,,Gmad Compmag Madeiras E Ferragens Ltda,MARINGA,MARINGA,Paraná,-23.42228,-51.93988187
316,https://www.gmad.com.br/,painel pinus,NOT_FOUND,Nao foram encontrados itens de 'painel pinus' (ou equivalentes) com dimensoes no nome neste site.,['painel pinus'],,,,,,,,,,,,,Gmad Compmag Madeiras E Ferragens Ltda,MARINGA,MARINGA,Paraná,-23.42228,-51.93988187
317,https://www.gmad.com.br/,painel pinus,NOT_FOUND,Nao foram encontrados itens de 'painel pinus' (ou equivalentes) com dimensoes no nome neste site.,['painel pinus'],,,,,,,,,,,,,Gmad Compmag Madeiras E Ferragens Ltda,MARINGA,MARINGA,Paraná,-23.42228,-51.93988187
318,https://www.gmad.com.br/,painel pinus,NOT_FOUND,Nao foram encontrados itens de 'painel pinus' (ou equivalentes) com dimensoes no nome neste site.,['painel pinus'],,,,,,,,,,,,,Gmad Compmag Madeiras E Ferragens Ltda,MARINGA,MARINGA,Paraná,-23.42228,-51.93988187
319,https://www.gmad.com.br/,painel pinus,NOT_FOUND,Nao foram encontrados itens de 'painel pinus' (ou equivalentes) com dimensoes no nome neste site.,['painel pinus'],,,,,,,,,,,,,Gmad Compmag Madeiras E Ferragens Ltda,MARINGA,MARINGA,Paraná,-23.42228,-51.93988187
320,https://www.gaam.com.br/,painel pinus,NOT_FOUND,Nao foram encontrados itens de 'painel pinus' (ou equivalentes) com dimensoes no nome neste site.,['painel pinus'],,,,,,,,,,,,,Gaam Gabinetes,AMPERE,AMPERE,Paraná,-25.91706847,-53.47325674
321,https://www.gaam.com.br/,painel pinus,NOT_FOUND,Nao foram encontrados itens de 'painel pinus' (ou equivalentes) com dimensoes no nome neste site.,['painel pinus'],,,,,,,,,,,,,Gaam Gabinetes,AMPERE,AMPERE,Paraná,-25.91706847,-53.47325674
322,https://www.gaam.com.br/,painel pinus,NOT_FOUND,Nao foram encontrados itens de 'painel pinus' (ou equivalentes) com dimensoes no nome neste site.,['painel pinus'],,,,,,,,,,,,,Gaam Gabinetes,AMPERE,AMPERE,Paraná,-25.91706847,-53.47325674
323,https://greenplac.com.br/,painel pinus,NOT_FOUND,Nao foram encontrados itens de 'painel pinus' (ou equivalentes) com dimensoes no nome neste site.,['painel pinus'],,,,,,,,,,,,,Greenplac Tecnologia Industrial Ltda,ARAPONGAS,ARAPONGAS,Paraná,-23.41351653,-51.43827973
324,https://greenplac.com.br/,painel pinus,NOT_FOUND,Nao foram encontrados itens de 'painel pinus' (ou equivalentes) com dimensoes no nome neste site.,['painel pinus'],,,,,,,,,,,,,Greenplac Tecnologia Industrial Ltda,ARAPONGAS,ARAPONGAS,Paraná,-23.41351653,-51.43827973
325,https://greenplac.com.br/,painel pinus,NOT_FOUND,Nao foram encontrados itens de 'painel pinus' (ou equivalentes) com dimensoes no nome neste site.,['painel pinus'],,,,,,,,,,,,,Greenplac Tecnologia Industrial Ltda,ARAPONGAS,ARAPONGAS,Paraná,-23.41351653,-51.43827973
326,https://greenplac.com.br/,painel pinus,NOT_FOUND,Nao foram encontrados itens de 'painel pinus' (ou equivalentes) com dimensoes no nome neste site.,['painel pinus'],,,,,,,,,,,,,Greenplac Tecnologia Industrial Ltda,ARAPONGAS,ARAPONGAS,Paraná,-23.41351653,-51.43827973
327,https://greenplac.com.br/,painel pinus,NOT_FOUND,Nao foram encontrados itens de 'painel pinus' (ou equivalentes) com dimensoes no nome neste site.,['painel pinus'],,,,,,,,,,,,,Greenplac Tecnologia Industrial Ltda,ARAPONGAS,ARAPONGAS,Paraná,-23.41351653,-51.43827973
328,https://greenplac.com.br/,painel pinus,NOT_FOUND,Nao foram encontrados itens de 'painel pinus' (ou equivalentes) com dimensoes no nome neste site.,['painel pinus'],,,,,,,,,,,,,Greenplac Tecnologia Industrial Ltda,ARAPONGAS,ARAPONGAS,Paraná,-23.41351653,-51.43827973
329,https://greenplac.com.br/,painel pinus,NOT_FOUND,Nao foram encontrados itens de 'painel pinus' (ou equivalentes) com dimensoes no nome neste site.,['painel pinus'],,,,,,,,,,,,,Greenplac Tecnologia Industrial Ltda,ARAPONGAS,ARAPONGAS,Paraná,-23.41351653,-51.43827973
330,https://www.hopemetais.com.br,painel pinus,NOT_FOUND,Nao foram encontrados itens de 'painel pinus' (ou equivalentes) com dimensoes no nome neste site.,['painel pinus'],,,,,,,,,,,,,Hope Metais,LOANDA,LOANDA,Paraná,-22.93022862,-53.13446896
331,https://www.hopemetais.com.br,painel pinus,NOT_FOUND,Nao foram encontrados itens de 'painel pinus' (ou equivalentes) com dimensoes no nome neste site.,['painel pinus'],,,,,,,,,,,,,Hope Metais,LOANDA,LOANDA,Paraná,-22.93022862,-53.13446896
332,https://www.hopemetais.com.br,painel pinus,NOT_FOUND,Nao foram encontrados itens de 'painel pinus' (ou equivalentes) com dimensoes no nome neste site.,['painel pinus'],,,,,,,,,,,,,Hope Metais,LOANDA,LOANDA,Paraná,-22.93022862,-53.13446896
333,https://www.hopemetais.com.br,painel pinus,NOT_FOUND,Nao foram encontrados itens de 'painel pinus' (ou equivalentes) com dimensoes no nome neste site.,['painel pinus'],,,,,,,,,,,,,Hope Metais,LOANDA,LOANDA,Paraná,-22.93022862,-53.13446896
334,https://www.abcdaconstrucao.com.br/diretorio-de-lojas/parana/guaratuba/centro,painel pinus,NOT_FOUND,Nao foram encontrados itens de 'painel pinus' (ou equivalentes) com dimensoes no nome neste site.,['painel pinus'],,,,,,,,,,,,,Guaratuba Materiais De Construcao Ltda,GUARATUBA,GUARATUBA,Paraná,-25.87424198,-48.57572596
335,https://www.abcdaconstrucao.com.br/diretorio-de-lojas/parana/guaratuba/centro,painel pinus,NOT_FOUND,Nao foram encontrados itens de 'painel pinus' (ou equivalentes) com dimensoes no nome neste site.,['painel pinus'],,,,,,,,,,,,,Guaratuba Materiais De Construcao Ltda,GUARATUBA,GUARATUBA,Paraná,-25.87424198,-48.57572596
336,https://www.abcdaconstrucao.com.br/diretorio-de-lojas/parana/guaratuba/centro,painel pinus,NOT_FOUND,Nao foram encontrados itens de 'painel pinus' (ou equivalentes) com dimensoes no nome neste site.,['painel pinus'],,,,,,,,,,,,,Guaratuba Materiais De Construcao Ltda,GUARATUBA,GUARATUBA,Paraná,-25.87424198,-48.57572596
337,https://www.abcdaconstrucao.com.br/diretorio-de-lojas/parana/guaratuba/centro,painel pinus,NOT_FOUND,Nao foram encontrados itens de 'painel pinus' (ou equivalentes) com dimensoes no nome neste site.,['painel pinus'],,,,,,,,,,,,,Guaratuba Materiais De Construcao Ltda,GUARATUBA,GUARATUBA,Paraná,-25.87424198,-48.57572596
338,https://www.gmad.com.br,painel pinus,NOT_FOUND,Nao foram encontrados itens de 'painel pinus' (ou equivalentes) com dimensoes no nome neste site.,['painel pinus'],,,,,,,,,,,,,Gmad Compin Suprimentos Para Moveis Ltda,PINHAIS,PINHAIS,Paraná,-25.44219789,-49.19919742
339,https://www.gmad.com.br,painel pinus,NOT_FOUND,Nao foram encontrados itens de 'painel pinus' (ou equivalentes) com dimensoes no nome neste site.,['painel pinus'],,,,,,,,,,,,,Gmad Compin Suprimentos Para Moveis Ltda,PINHAIS,PINHAIS,Paraná,-25.44219789,-49.19919742
340,https://www.gmad.com.br,painel pinus,NOT_FOUND,Nao foram encontrados itens de 'painel pinus' (ou equivalentes) com dimensoes no nome neste site.,['painel pinus'],,,,,,,,,,,,,Gmad Compin Suprimentos Para Moveis Ltda,PINHAIS,PINHAIS,Paraná,-25.44219789,-49.19919742
341,https://www.gmad.com.br,painel pinus,NOT_FOUND,Nao foram encontrados itens de 'painel pinus' (ou equivalentes) com dimensoes no nome neste site.,['painel pinus'],,,,,,,,,,,,,Gmad Compin Suprimentos Para Moveis Ltda,PINHAIS,PINHAIS,Paraná,-25.44219789,-49.19919742
342,https://www.gmad.com.br,painel pinus,NOT_FOUND,Nao foram encontrados itens de 'painel pinus' (ou equivalentes) com dimensoes no nome neste site.,['painel pinus'],,,,,,,,,,,,,Gmad Compin Suprimentos Para Moveis Ltda,PINHAIS,PINHAIS,Paraná,-25.44219789,-49.19919742
343,https://www.gmad.com.br,painel pinus,NOT_FOUND,Nao foram encontrados itens de 'painel pinus' (ou equivalentes) com dimensoes no nome neste site.,['painel pinus'],,,,,,,,,,,,,Gmad Compin Suprimentos Para Moveis Ltda,PINHAIS,PINHAIS,Paraná,-25.44219789,-49.19919742
344,https://www.gmad.com.br,painel pinus,NOT_FOUND,Nao foram encontrados itens de 'painel pinus' (ou equivalentes) com dimensoes no nome neste site.,['painel pinus'],,,,,,,,,,,,,Gmad Compin Suprimentos Para Moveis Ltda,PINHAIS,PINHAIS,Paraná,-25.44219789,-49.19919742
345,https://www.herbertmateriais.com.br,painel pinus,NOT_FOUND,Nao foram encontrados itens de 'painel pinus' (ou equivalentes) com dimensoes no nome neste site.,['painel pinus'],,,,,,,,,,,,,Herbert Sa Materiais Eletricos E De Construcoes,UNIAO DA VITORIA,UNIAO DA VITORIA,Paraná,-26.2284345,-51.09060952
346,https://www.herbertmateriais.com.br,painel pinus,NOT_FOUND,Nao foram encontrados itens de 'painel pinus' (ou equivalentes) com dimensoes no nome neste site.,['painel pinus'],,,,,,,,,,,,,Herbert Sa Materiais Eletricos E De Construcoes,UNIAO DA VITORIA,UNIAO DA VITORIA,Paraná,-26.2284345,-51.09060952
347,https://www.herbertmateriais.com.br,painel pinus,NOT_FOUND,Nao foram encontrados itens de 'painel pinus' (ou equivalentes) com dimensoes no nome neste site.,['painel pinus'],,,,,,,,,,,,,Herbert Sa Materiais Eletricos E De Construcoes,UNIAO DA VITORIA,UNIAO DA VITORIA,Paraná,-26.2284345,-51.09060952
348,https://www.herbertmateriais.com.br,painel pinus,NOT_FOUND,Nao foram encontrados itens de 'painel pinus' (ou equivalentes) com dimensoes no nome neste site.,['painel pinus'],,,,,,,,,,,,,Herbert Sa Materiais Eletricos E De Construcoes,UNIAO DA VITORIA,UNIAO DA VITORIA,Paraná,-26.2284345,-51.09060952
349,https://www.herbertmateriais.com.br,painel pinus,NOT_FOUND,Nao foram encontrados itens de 'painel pinus' (ou equivalentes) com dimensoes no nome neste site.,['painel pinus'],,,,,,,,,,,,,Herbert Sa Materiais Eletricos E De Construcoes,UNIAO DA VITORIA,UNIAO DA VITORIA,Paraná,-26.2284345,-51.09060952
350,https://www.herbertmateriais.com.br,painel pinus,NOT_FOUND,Nao foram encontrados itens de 'painel pinus' (ou equivalentes) com dimensoes no nome neste site.,['painel pinus'],,,,,,,,,,,,,Herbert Sa Materiais Eletricos E De Construcoes,UNIAO DA VITORIA,UNIAO DA VITORIA,Paraná,-26.2284345,-51.09060952
351,https://www.herbertmateriais.com.br,painel pinus,NOT_FOUND,Nao foram encontrados itens de 'painel pinus' (ou equivalentes) com dimensoes no nome neste site.,['painel pinus'],,,,,,,,,,,,,Herbert Sa Materiais Eletricos E De Construcoes,UNIAO DA VITORIA,UNIAO DA VITORIA,Paraná,-26.2284345,-51.09060952
352,https://www.herbertmateriais.com.br,painel pinus,NOT_FOUND,Nao foram encontrados itens de 'painel pinus' (ou equivalentes) com dimensoes no nome neste site.,['painel pinus'],,,,,,,,,,,,,Herbert Sa Materiais Eletricos E De Construcoes,UNIAO DA VITORIA,UNIAO DA VITORIA,Paraná,-26.2284345,-51.09060952
353,https://www.herbertmateriais.com.br/,painel pinus,NOT_FOUND,Nao foram encontrados itens de 'painel pinus' (ou equivalentes) com dimensoes no nome neste site.,['painel pinus'],,,,,,,,,,,,,Herbert Materiais Para Construcao Ltda,UNIAO DA VITORIA,UNIAO DA VITORIA,Paraná,-26.2284345,-51.09060952
354,https://www.herbertmateriais.com.br/,painel pinus,NOT_FOUND,Nao foram encontrados itens de 'painel pinus' (ou equivalentes) com dimensoes no nome neste site.,['painel pinus'],,,,,,,,,,,,,Herbert Materiais Para Construcao Ltda,UNIAO DA VITORIA,UNIAO DA VITORIA,Paraná,-26.2284345,-51.09060952
355,https://www.herbertmateriais.com.br/,painel pinus,NOT_FOUND,Nao foram encontrados itens de 'painel pinus' (ou equivalentes) com dimensoes no nome neste site.,['painel pinus'],,,,,,,,,,,,,Herbert Materiais Para Construcao Ltda,UNIAO DA VITORIA,UNIAO DA VITORIA,Paraná,-26.2284345,-51.09060952
356,https://www.herbertmateriais.com.br/,painel pinus,NOT_FOUND,Nao foram encontrados itens de 'painel pinus' (ou equivalentes) com dimensoes no nome neste site.,['painel pinus'],,,,,,,,,,,,,Herbert Materiais Para Construcao Ltda,UNIAO DA VITORIA,UNIAO DA VITORIA,Paraná,-26.2284345,-51.09060952
357,https://www.herbertmateriais.com.br/,painel pinus,NOT_FOUND,Nao foram encontrados itens de 'painel pinus' (ou equivalentes) com dimensoes no nome neste site.,['painel pinus'],,,,,,,,,,,,,Herbert Materiais Para Construcao Ltda,UNIAO DA VITORIA,UNIAO DA VITORIA,Paraná,-26.2284345,-51.09060952
358,https://www.herbertmateriais.com.br/,painel pinus,NOT_FOUND,Nao foram encontrados itens de 'painel pinus' (ou equivalentes) com dimensoes no nome neste site.,['painel pinus'],,,,,,,,,,,,,Herbert Materiais Para Construcao Ltda,UNIAO DA VITORIA,UNIAO DA VITORIA,Paraná,-26.2284345,-51.09060952
359,https://www.herbertmateriais.com.br/,painel pinus,NOT_FOUND,Nao foram encontrados itens de 'painel pinus' (ou equivalentes) com dimensoes no nome neste site.,['painel pinus'],,,,,,,,,,,,,Herbert Materiais Para Construcao Ltda,UNIAO DA VITORIA,UNIAO DA VITORIA,Paraná,-26.2284345,-51.09060952
360,https://www.herbertmateriais.com.br/,painel pinus,NOT_FOUND,Nao foram encontrados itens de 'painel pinus' (ou equivalentes) com dimensoes no nome neste site.,['painel pinus'],,,,,,,,,,,,,Herbert Materiais Para Construcao Ltda,UNIAO DA VITORIA,UNIAO DA VITORIA,Paraná,-26.2284345,-51.09060952
361,https://www.imperiodomarceneiro.com.br/,painel pinus,NOT_FOUND,Nao foram encontrados itens de 'painel pinus' (ou equivalentes) com dimensoes no nome neste site.,['painel pinus'],,,,,,,,,,,,,Imperio Do Marceneiro Ltda,FRANCISCO BELTRAO,FRANCISCO BELTRAO,Paraná,-26.07845,-53.05613572
362,https://www.imperiodomarceneiro.com.br/,painel pinus,NOT_FOUND,Nao foram encontrados itens de 'painel pinus' (ou equivalentes) com dimensoes no nome neste site.,['painel pinus'],,,,,,,,,,,,,Imperio Do Marceneiro Ltda,FRANCISCO BELTRAO,FRANCISCO BELTRAO,Paraná,-26.07845,-53.05613572
363,https://www.imperiodomarceneiro.com.br/,painel pinus,NOT_FOUND,Nao foram encontrados itens de 'painel pinus' (ou equivalentes) com dimensoes no nome neste site.,['painel pinus'],,,,,,,,,,,,,Imperio Do Marceneiro Ltda,FRANCISCO BELTRAO,FRANCISCO BELTRAO,Paraná,-26.07845,-53.05613572
364,https://www.imperiodomarceneiro.com.br/,painel pinus,NOT_FOUND,Nao foram encontrados itens de 'painel pinus' (ou equivalentes) com dimensoes no nome neste site.,['painel pinus'],,,,,,,,,,,,,Imperio Do Marceneiro Ltda,FRANCISCO BELTRAO,FRANCISCO BELTRAO,Paraná,-26.07845,-53.05613572
365,https://www.imperiodomarceneiro.com.br/,painel pinus,NOT_FOUND,Nao foram encontrados itens de 'painel pinus' (ou equivalentes) com dimensoes no nome neste site.,['painel pinus'],,,,,,,,,,,,,Imperio Do Marceneiro Ltda,FRANCISCO BELTRAO,FRANCISCO BELTRAO,Paraná,-26.07845,-53.05613572
366,https://www.imperiodomarceneiro.com.br/,painel pinus,NOT_FOUND,Nao foram encontrados itens de 'painel pinus' (ou equivalentes) com dimensoes no nome neste site.,['painel pinus'],,,,,,,,,,,,,Imperio Do Marceneiro Ltda,FRANCISCO BELTRAO,FRANCISCO BELTRAO,Paraná,-26.07845,-53.05613572
367,https://www.moveisarapongas.com.br/,painel pinus,NOT_FOUND,Nao foram encontrados itens de 'painel pinus' (ou equivalentes) com dimensoes no nome neste site.,['painel pinus'],,,,,,,,,,,,,Lumalar Moveis,ARAPONGAS,ARAPONGAS,Paraná,-23.41351653,-51.43827973
368,https://www.moveisarapongas.com.br/,painel pinus,NOT_FOUND,Nao foram encontrados itens de 'painel pinus' (ou equivalentes) com dimensoes no nome neste site.,['painel pinus'],,,,,,,,,,,,,Lumalar Moveis,ARAPONGAS,ARAPONGAS,Paraná,-23.41351653,-51.43827973
369,https://www.moveisarapongas.com.br/,painel pinus,NOT_FOUND,Nao foram encontrados itens de 'painel pinus' (ou equivalentes) com dimensoes no nome neste site.,['painel pinus'],,,,,,,,,,,,,Lumalar Moveis,ARAPONGAS,ARAPONGAS,Paraná,-23.41351653,-51.43827973
370,https://www.moveisarapongas.com.br/,painel pinus,NOT_FOUND,Nao foram encontrados itens de 'painel pinus' (ou equivalentes) com dimensoes no nome neste site.,['painel pinus'],,,,,,,,,,,,,Lumalar Moveis,ARAPONGAS,ARAPONGAS,Paraná,-23.41351653,-51.43827973
371,https://www.moveisarapongas.com.br/,painel pinus,NOT_FOUND,Nao foram encontrados itens de 'painel pinus' (ou equivalentes) com dimensoes no nome neste site.,['painel pinus'],,,,,,,,,,,,,Lumalar Moveis,ARAPONGAS,ARAPONGAS,Paraná,-23.41351653,-51.43827973
372,https://www.moveisarapongas.com.br/,painel pinus,NOT_FOUND,Nao foram encontrados itens de 'painel pinus' (ou equivalentes) com dimensoes no nome neste site.,['painel pinus'],,,,,,,,,,,,,Lumalar Moveis,ARAPONGAS,ARAPONGAS,Paraná,-23.41351653,-51.43827973
373,https://www.moveisarapongas.com.br/,painel pinus,NOT_FOUND,Nao foram encontrados itens de 'painel pinus' (ou equivalentes) com dimensoes no nome neste site.,['painel pinus'],,,,,,,,,,,,,Lumalar Moveis,ARAPONGAS,ARAPONGAS,Paraná,-23.41351653,-51.43827973
374,https://caciquemateriaisdeconstrucao.corpsuite.com.br/,painel pinus,NOT_FOUND,Nao foram encontrados itens de 'painel pinus' (ou equivalentes) com dimensoes no nome neste site.,['painel pinus'],,,,,,,,,,,,,Cacique Materiais De Construcao,IBAITI,IBAITI,Paraná,-23.84982149,-50.19066627
375,https://caciquemateriaisdeconstrucao.corpsuite.com.br/,painel pinus,NOT_FOUND,Nao foram encontrados itens de 'painel pinus' (ou equivalentes) com dimensoes no nome neste site.,['painel pinus'],,,,,,,,,,,,,Cacique Materiais De Construcao,IBAITI,IBAITI,Paraná,-23.84982149,-50.19066627
376,https://caciquemateriaisdeconstrucao.corpsuite.com.br/,painel pinus,NOT_FOUND,Nao foram encontrados itens de 'painel pinus' (ou equivalentes) com dimensoes no nome neste site.,['painel pinus'],,,,,,,,,,,,,Cacique Materiais De Construcao,IBAITI,IBAITI,Paraná,-23.84982149,-50.19066627
377,https://caciquemateriaisdeconstrucao.corpsuite.com.br/,painel pinus,NOT_FOUND,Nao foram encontrados itens de 'painel pinus' (ou equivalentes) com dimensoes no nome neste site.,['painel pinus'],,,,,,,,,,,,,Cacique Materiais De Construcao,IBAITI,IBAITI,Paraná,-23.84982149,-50.19066627
378,https://kitsparana.com/,painel pinus,NOT_FOUND,Nao foram encontrados itens de 'painel pinus' (ou equivalentes) com dimensoes no nome neste site.,['painel pinus'],,,,,,,,,,,,,Kit S Parana,ARAPONGAS,ARAPONGAS,Paraná,-23.41351653,-51.43827973
379,https://kitsparana.com/,painel pinus,NOT_FOUND,Nao foram encontrados itens de 'painel pinus' (ou equivalentes) com dimensoes no nome neste site.,['painel pinus'],,,,,,,,,,,,,Kit S Parana,ARAPONGAS,ARAPONGAS,Paraná,-23.41351653,-51.43827973
380,https://kitsparana.com/,painel pinus,NOT_FOUND,Nao foram encontrados itens de 'painel pinus' (ou equivalentes) com dimensoes no nome neste site.,['painel pinus'],,,,,,,,,,,,,Kit S Parana,ARAPONGAS,ARAPONGAS,Paraná,-23.41351653,-51.43827973
381,https://kitsparana.com/,painel pinus,NOT_FOUND,Nao foram encontrados itens de 'painel pinus' (ou equivalentes) com dimensoes no nome neste site.,['painel pinus'],,,,,,,,,,,,,Kit S Parana,ARAPONGAS,ARAPONGAS,Paraná,-23.41351653,-51.43827973
382,https://kitsparana.com/,painel pinus,NOT_FOUND,Nao foram encontrados itens de 'painel pinus' (ou equivalentes) com dimensoes no nome neste site.,['painel pinus'],,,,,,,,,,,,,Kit S Parana,ARAPONGAS,ARAPONGAS,Paraná,-23.41351653,-51.43827973
383,https://kitsparana.com/,painel pinus,NOT_FOUND,Nao foram encontrados itens de 'painel pinus' (ou equivalentes) com dimensoes no nome neste site.,['painel pinus'],,,,,,,,,,,,,Kit S Parana,ARAPONGAS,ARAPONGAS,Paraná,-23.41351653,-51.43827973
384,https://kitsparana.com/,painel pinus,NOT_FOUND,Nao foram encontrados itens de 'painel pinus' (ou equivalentes) com dimensoes no nome neste site.,['painel pinus'],,,,,,,,,,,,,Kit S Parana,ARAPONGAS,ARAPONGAS,Paraná,-23.41351653,-51.43827973
385,https://mafrei.com.br/,painel pinus,NOT_FOUND,Nao foram encontrados itens de 'painel pinus' (ou equivalentes) com dimensoes no nome neste site.,['painel pinus'],,,,,,,,,,,,,Mafrei Materiais De Construcao Ltda,CURITIBA,CURITIBA,Paraná,-25.432956,-49.27184789
386,https://mafrei.com.br/,painel pinus,NOT_FOUND,Nao foram encontrados itens de 'painel pinus' (ou equivalentes) com dimensoes no nome neste site.,['painel pinus'],,,,,,,,,,,,,Mafrei Materiais De Construcao Ltda,CURITIBA,CURITIBA,Paraná,-25.432956,-49.27184789
387,https://mafrei.com.br/,painel pinus,NOT_FOUND,Nao foram encontrados itens de 'painel pinus' (ou equivalentes) com dimensoes no nome neste site.,['painel pinus'],,,,,,,,,,,,,Mafrei Materiais De Construcao Ltda,CURITIBA,CURITIBA,Paraná,-25.432956,-49.27184789
388,https://mafrei.com.br/,painel pinus,NOT_FOUND,Nao foram encontrados itens de 'painel pinus' (ou equivalentes) com dimensoes no nome neste site.,['painel pinus'],,,,,,,,,,,,,Mafrei Materiais De Construcao Ltda,CURITIBA,CURITIBA,Paraná,-25.432956,-49.27184789
389,https://mafrei.com.br/,painel pinus,NOT_FOUND,Nao foram encontrados itens de 'painel pinus' (ou equivalentes) com dimensoes no nome neste site.,['painel pinus'],,,,,,,,,,,,,Mafrei Materiais De Construcao Ltda,CURITIBA,CURITIBA,Paraná,-25.432956,-49.27184789
390,https://mafrei.com.br/,painel pinus,NOT_FOUND,Nao foram encontrados itens de 'painel pinus' (ou equivalentes) com dimensoes no nome neste site.,['painel pinus'],,,,,,,,,,,,,Mafrei Materiais De Construcao Ltda,CURITIBA,CURITIBA,Paraná,-25.432956,-49.27184789
391,https://mafrei.com.br/,painel pinus,NOT_FOUND,Nao foram encontrados itens de 'painel pinus' (ou equivalentes) com dimensoes no nome neste site.,['painel pinus'],,,,,,,,,,,,,Mafrei Materiais De Construcao Ltda,CURITIBA,CURITIBA,Paraná,-25.432956,-49.27184789
392,https://mafrei.com.br/,painel pinus,NOT_FOUND,Nao foram encontrados itens de 'painel pinus' (ou equivalentes) com dimensoes no nome neste site.,['painel pinus'],,,,,,,,,,,,,Mafrei Materiais De Construcao Ltda,CURITIBA,CURITIBA,Paraná,-25.432956,-49.27184789
393,https://mafrei.com.br/,painel pinus,NOT_FOUND,Nao foram encontrados itens de 'painel pinus' (ou equivalentes) com dimensoes no nome neste site.,['painel pinus'],,,,,,,,,,,,,Mafrei Materiais De Construcao Ltda,CURITIBA,CURITIBA,Paraná,-25.432956,-49.27184789
394,https://mafrei.com.br/,painel pinus,NOT_FOUND,Nao foram encontrados itens de 'painel pinus' (ou equivalentes) com dimensoes no nome neste site.,['painel pinus'],,,,,,,,,,,,,Mafrei Materiais De Construcao Ltda,CURITIBA,CURITIBA,Paraná,-25.432956,-49.27184789
395,https://www.mempra.com.br,painel pinus,NOT_FOUND,Nao foram encontrados itens de 'painel pinus' (ou equivalentes) com dimensoes no nome neste site.,[],,,,,,,,,,,,,Mempra Industria De Moveis Ltda,ARAPONGAS,ARAPONGAS,Paraná,-23.41351653,-51.43827973
396,https://www.mempra.com.br,painel pinus,NOT_FOUND,Nao foram encontrados itens de 'painel pinus' (ou equivalentes) com dimensoes no nome neste site.,[],,,,,,,,,,,,,Mempra Industria De Moveis Ltda,ARAPONGAS,ARAPONGAS,Paraná,-23.41351653,-51.43827973
397,https://www.mempra.com.br,painel pinus,NOT_FOUND,Nao foram encontrados itens de 'painel pinus' (ou equivalentes) com dimensoes no nome neste site.,[],,,,,,,,,,,,,Mempra Industria De Moveis Ltda,ARAPONGAS,ARAPONGAS,Paraná,-23.41351653,-51.43827973
398,https://www.mempra.com.br,painel pinus,NOT_FOUND,Nao foram encontrados itens de 'painel pinus' (ou equivalentes) com dimensoes no nome neste site.,[],,,,,,,,,,,,,Mempra Industria De Moveis Ltda,ARAPONGAS,ARAPONGAS,Paraná,-23.41351653,-51.43827973
399,https://www.mempra.com.br,painel pinus,NOT_FOUND,Nao foram encontrados itens de 'painel pinus' (ou equivalentes) com dimensoes no nome neste site.,[],,,,,,,,,,,,,Mempra Industria De Moveis Ltda,ARAPONGAS,ARAPONGAS,Paraná,-23.41351653,-51.43827973
400,https://www.mempra.com.br,painel pinus,NOT_FOUND,Nao foram encontrados itens de 'painel pinus' (ou equivalentes) com dimensoes no nome neste site.,[],,,,,,,,,,,,,Mempra Industria De Moveis Ltda,ARAPONGAS,ARAPONGAS,Paraná,-23.41351653,-51.43827973
401,https://www.mempra.com.br,painel pinus,NOT_FOUND,Nao foram encontrados itens de 'painel pinus' (ou equivalentes) com dimensoes no nome neste site.,[],,,,,,,,,,,,,Mempra Industria De Moveis Ltda,ARAPONGAS,ARAPONGAS,Paraná,-23.41351653,-51.43827973
402,https://www.milium.com.br/,painel pinus,NOT_FOUND,Nao foram encontrados itens de 'painel pinus' (ou equivalentes) com dimensoes no nome neste site.,['painel pinus'],,,,,,,,,,,,,Milium Tem De Tudo Ltda,PARANAGUA,PARANAGUA,Paraná,-25.5068415,-48.52473284
403,https://www.milium.com.br/,painel pinus,NOT_FOUND,Nao foram encontrados itens de 'painel pinus' (ou equivalentes) com dimensoes no nome neste site.,['painel pinus'],,,,,,,,,,,,,Milium Tem De Tudo Ltda,PARANAGUA,PARANAGUA,Paraná,-25.5068415,-48.52473284
404,https://www.milium.com.br/,painel pinus,NOT_FOUND,Nao foram encontrados itens de 'painel pinus' (ou equivalentes) com dimensoes no nome neste site.,['painel pinus'],,,,,,,,,,,,,Milium Tem De Tudo Ltda,PARANAGUA,PARANAGUA,Paraná,-25.5068415,-48.52473284
405,https://www.milium.com.br/,painel pinus,NOT_FOUND,Nao foram encontrados itens de 'painel pinus' (ou equivalentes) com dimensoes no nome neste site.,['painel pinus'],,,,,,,,,,,,,Milium Tem De Tudo Ltda,PARANAGUA,PARANAGUA,Paraná,-25.5068415,-48.52473284
406,https://www.milium.com.br/,painel pinus,NOT_FOUND,Nao foram encontrados itens de 'painel pinus' (ou equivalentes) com dimensoes no nome neste site.,['painel pinus'],,,,,,,,,,,,,Milium Tem De Tudo Ltda,PARANAGUA,PARANAGUA,Paraná,-25.5068415,-48.52473284
407,https://depositoreal.com.br/,painel pinus,NOT_FOUND,Nao foram encontrados itens de 'painel pinus' (ou equivalentes) com dimensoes no nome neste site.,['painel pinus'],,,,,,,,,,,,,Deposito De Material Para Construcao Sonho Real,PORTO RICO,PORTO RICO,Paraná,-22.77835156,-53.26796811
408,https://depositoreal.com.br/,painel pinus,NOT_FOUND,Nao foram encontrados itens de 'painel pinus' (ou equivalentes) com dimensoes no nome neste site.,['painel pinus'],,,,,,,,,,,,,Deposito De Material Para Construcao Sonho Real,PORTO RICO,PORTO RICO,Paraná,-22.77835156,-53.26796811
409,https://www.mercantilbeleski.com.br/,painel pinus,NOT_FOUND,Nao foram encontrados itens de 'painel pinus' (ou equivalentes) com dimensoes no nome neste site.,['painel pinus'],,,,,,,,,,,,,Mercantil Beleski,GOIOERE,GOIOERE,Paraná,-24.18918839,-53.02731891
410,https://www.mercantilbeleski.com.br/,painel pinus,NOT_FOUND,Nao foram encontrados itens de 'painel pinus' (ou equivalentes) com dimensoes no nome neste site.,['painel pinus'],,,,,,,,,,,,,Mercantil Beleski,GOIOERE,GOIOERE,Paraná,-24.18918839,-53.02731891
411,https://www.mercantilbeleski.com.br/,painel pinus,NOT_FOUND,Nao foram encontrados itens de 'painel pinus' (ou equivalentes) com dimensoes no nome neste site.,['painel pinus'],,,,,,,,,,,,,Mercantil Beleski,GOIOERE,GOIOERE,Paraná,-24.18918839,-53.02731891
412,https://www.mercantilbeleski.com.br/,painel pinus,NOT_FOUND,Nao foram encontrados itens de 'painel pinus' (ou equivalentes) com dimensoes no nome neste site.,['painel pinus'],,,,,,,,,,,,,Mercantil Beleski,GOIOERE,GOIOERE,Paraná,-24.18918839,-53.02731891
413,https://www.mercantilbeleski.com.br/,painel pinus,NOT_FOUND,Nao foram encontrados itens de 'painel pinus' (ou equivalentes) com dimensoes no nome neste site.,['painel pinus'],,,,,,,,,,,,,Mercantil Beleski,GOIOERE,GOIOERE,Paraná,-24.18918839,-53.02731891
414,tintasecia.com.br,painel pinus,NOT_FOUND,Nao foram encontrados itens de 'painel pinus' (ou equivalentes) com dimensoes no nome neste site.,['painel pinus'],,,,,,,,,,,,,Tintas & Cia,ASTORGA,ASTORGA,Paraná,-23.23671197,-51.66967926
415,tintasecia.com.br,painel pinus,NOT_FOUND,Nao foram encontrados itens de 'painel pinus' (ou equivalentes) com dimensoes no nome neste site.,['painel pinus'],,,,,,,,,,,,,Tintas & Cia,ASTORGA,ASTORGA,Paraná,-23.23671197,-51.66967926
416,tintasecia.com.br,painel pinus,NOT_FOUND,Nao foram encontrados itens de 'painel pinus' (ou equivalentes) com dimensoes no nome neste site.,['painel pinus'],,,,,,,,,,,,,Tintas & Cia,ASTORGA,ASTORGA,Paraná,-23.23671197,-51.66967926
417,tintasecia.com.br,painel pinus,NOT_FOUND,Nao foram encontrados itens de 'painel pinus' (ou equivalentes) com dimensoes no nome neste site.,['painel pinus'],,,,,,,,,,,,,Tintas & Cia,ASTORGA,ASTORGA,Paraná,-23.23671197,-51.66967926
418,https://milanimateriais.com.br/,painel pinus,NOT_FOUND,Nao foram encontrados itens de 'painel pinus' (ou equivalentes) com dimensoes no nome neste site.,['painel pinus'],,,,,,,,,,,,,Milani Materiais De Construcao,CURITIBA,CURITIBA,Paraná,-25.432956,-49.27184789
419,https://milanimateriais.com.br/,painel pinus,NOT_FOUND,Nao foram encontrados itens de 'painel pinus' (ou equivalentes) com dimensoes no nome neste site.,['painel pinus'],,,,,,,,,,,,,Milani Materiais De Construcao,CURITIBA,CURITIBA,Paraná,-25.432956,-49.27184789
420,https://milanimateriais.com.br/,painel pinus,NOT_FOUND,Nao foram encontrados itens de 'painel pinus' (ou equivalentes) com dimensoes no nome neste site.,['painel pinus'],,,,,,,,,,,,,Milani Materiais De Construcao,CURITIBA,CURITIBA,Paraná,-25.432956,-49.27184789
421,https://milanimateriais.com.br/,painel pinus,NOT_FOUND,Nao foram encontrados itens de 'painel pinus' (ou equivalentes) com dimensoes no nome neste site.,['painel pinus'],,,,,,,,,,,,,Milani Materiais De Construcao,CURITIBA,CURITIBA,Paraná,-25.432956,-49.27184789
422,https://milanimateriais.com.br/,painel pinus,NOT_FOUND,Nao foram encontrados itens de 'painel pinus' (ou equivalentes) com dimensoes no nome neste site.,['painel pinus'],,,,,,,,,,,,,Milani Materiais De Construcao,CURITIBA,CURITIBA,Paraná,-25.432956,-49.27184789
423,https://milanimateriais.com.br/,painel pinus,NOT_FOUND,Nao foram encontrados itens de 'painel pinus' (ou equivalentes) com dimensoes no nome neste site.,['painel pinus'],,,,,,,,,,,,,Milani Materiais De Construcao,CURITIBA,CURITIBA,Paraná,-25.432956,-49.27184789
424,https://milanimateriais.com.br/,painel pinus,NOT_FOUND,Nao foram encontrados itens de 'painel pinus' (ou equivalentes) com dimensoes no nome neste site.,['painel pinus'],,,,,,,,,,,,,Milani Materiais De Construcao,CURITIBA,CURITIBA,Paraná,-25.432956,-49.27184789
425,https://milanimateriais.com.br/,painel pinus,NOT_FOUND,Nao foram encontrados itens de 'painel pinus' (ou equivalentes) com dimensoes no nome neste site.,['painel pinus'],,,,,,,,,,,,,Milani Materiais De Construcao,CURITIBA,CURITIBA,Paraná,-25.432956,-49.27184789
426,https://milanimateriais.com.br/,painel pinus,NOT_FOUND,Nao foram encontrados itens de 'painel pinus' (ou equivalentes) com dimensoes no nome neste site.,['painel pinus'],,,,,,,,,,,,,Milani Materiais De Construcao,CURITIBA,CURITIBA,Paraná,-25.432956,-49.27184789
427,https://milanimateriais.com.br/,painel pinus,NOT_FOUND,Nao foram encontrados itens de 'painel pinus' (ou equivalentes) com dimensoes no nome neste site.,['painel pinus'],,,,,,,,,,,,,Milani Materiais De Construcao,CURITIBA,CURITIBA,Paraná,-25.432956,-49.27184789
428,https://www.moveiscampolargo.com.br,painel pinus,NOT_FOUND,Nao foram encontrados itens de 'painel pinus' (ou equivalentes) com dimensoes no nome neste site.,['painel pinus'],,,,,,,,,,,,,Moveis Campo Largo Industria E Comercio Ltda,CAMPO LARGO,CAMPO LARGO,Paraná,-25.4594905,-49.52884145
429,https://www.moveiscampolargo.com.br,painel pinus,NOT_FOUND,Nao foram encontrados itens de 'painel pinus' (ou equivalentes) com dimensoes no nome neste site.,['painel pinus'],,,,,,,,,,,,,Moveis Campo Largo Industria E Comercio Ltda,CAMPO LARGO,CAMPO LARGO,Paraná,-25.4594905,-49.52884145
430,https://www.moveiscampolargo.com.br,painel pinus,NOT_FOUND,Nao foram encontrados itens de 'painel pinus' (ou equivalentes) com dimensoes no nome neste site.,['painel pinus'],,,,,,,,,,,,,Moveis Campo Largo Industria E Comercio Ltda,CAMPO LARGO,CAMPO LARGO,Paraná,-25.4594905,-49.52884145
431,https://www.moveiscampolargo.com.br,painel pinus,NOT_FOUND,Nao foram encontrados itens de 'painel pinus' (ou equivalentes) com dimensoes no nome neste site.,['painel pinus'],,,,,,,,,,,,,Moveis Campo Largo Industria E Comercio Ltda,CAMPO LARGO,CAMPO LARGO,Paraná,-25.4594905,-49.52884145
432,https://www.moveiscampolargo.com.br,painel pinus,NOT_FOUND,Nao foram encontrados itens de 'painel pinus' (ou equivalentes) com dimensoes no nome neste site.,['painel pinus'],,,,,,,,,,,,,Moveis Campo Largo Industria E Comercio Ltda,CAMPO LARGO,CAMPO LARGO,Paraná,-25.4594905,-49.52884145
433,https://www.moveiscampolargo.com.br,painel pinus,NOT_FOUND,Nao foram encontrados itens de 'painel pinus' (ou equivalentes) com dimensoes no nome neste site.,['painel pinus'],,,,,,,,,,,,,Moveis Campo Largo Industria E Comercio Ltda,CAMPO LARGO,CAMPO LARGO,Paraná,-25.4594905,-49.52884145
434,https://www.moveiscampolargo.com.br,painel pinus,NOT_FOUND,Nao foram encontrados itens de 'painel pinus' (ou equivalentes) com dimensoes no nome neste site.,['painel pinus'],,,,,,,,,,,,,Moveis Campo Largo Industria E Comercio Ltda,CAMPO LARGO,CAMPO LARGO,Paraná,-25.4594905,-49.52884145
435,https://www.moveiscampolargo.com.br,painel pinus,NOT_FOUND,Nao foram encontrados itens de 'painel pinus' (ou equivalentes) com dimensoes no nome neste site.,['painel pinus'],,,,,,,,,,,,,Moveis Campo Largo Industria E Comercio Ltda,CAMPO LARGO,CAMPO LARGO,Paraná,-25.4594905,-49.52884145
436,https://www.pavinpavin.com.br/,painel pinus,NOT_FOUND,Nao foram encontrados itens de 'painel pinus' (ou equivalentes) com dimensoes no nome neste site.,['painel pinus'],,,,,,,,,,,,,Pavin & Pavin,PINHAIS,PINHAIS,Paraná,-25.44219789,-49.19919742
437,https://www.pavinpavin.com.br/,painel pinus,NOT_FOUND,Nao foram encontrados itens de 'painel pinus' (ou equivalentes) com dimensoes no nome neste site.,['painel pinus'],,,,,,,,,,,,,Pavin & Pavin,PINHAIS,PINHAIS,Paraná,-25.44219789,-49.19919742
438,https://www.pavinpavin.com.br/,painel pinus,NOT_FOUND,Nao foram encontrados itens de 'painel pinus' (ou equivalentes) com dimensoes no nome neste site.,['painel pinus'],,,,,,,,,,,,,Pavin & Pavin,PINHAIS,PINHAIS,Paraná,-25.44219789,-49.19919742
439,https://www.pavinpavin.com.br/,painel pinus,NOT_FOUND,Nao foram encontrados itens de 'painel pinus' (ou equivalentes) com dimensoes no nome neste site.,['painel pinus'],,,,,,,,,,,,,Pavin & Pavin,PINHAIS,PINHAIS,Paraná,-25.44219789,-49.19919742
440,https://www.pavinpavin.com.br/,painel pinus,NOT_FOUND,Nao foram encontrados itens de 'painel pinus' (ou equivalentes) com dimensoes no nome neste site.,['painel pinus'],,,,,,,,,,,,,Pavin & Pavin,PINHAIS,PINHAIS,Paraná,-25.44219789,-49.19919742
441,https://www.pavinpavin.com.br/,painel pinus,NOT_FOUND,Nao foram encontrados itens de 'painel pinus' (ou equivalentes) com dimensoes no nome neste site.,['painel pinus'],,,,,,,,,,,,,Pavin & Pavin,PINHAIS,PINHAIS,Paraná,-25.44219789,-49.19919742
442,https://www.pavinpavin.com.br/,painel pinus,NOT_FOUND,Nao foram encontrados itens de 'painel pinus' (ou equivalentes) com dimensoes no nome neste site.,['painel pinus'],,,,,,,,,,,,,Pavin & Pavin,PINHAIS,PINHAIS,Paraná,-25.44219789,-49.19919742
443,https://www.moveisarapongas.com.br,painel pinus,NOT_FOUND,Nao foram encontrados itens de 'painel pinus' (ou equivalentes) com dimensoes no nome neste site.,['painel pinus'],,,,,,,,,,,,,Movemax Moveis,ARAPONGAS,ARAPONGAS,Paraná,-23.41351653,-51.43827973
444,https://www.moveisarapongas.com.br,painel pinus,NOT_FOUND,Nao foram encontrados itens de 'painel pinus' (ou equivalentes) com dimensoes no nome neste site.,['painel pinus'],,,,,,,,,,,,,Movemax Moveis,ARAPONGAS,ARAPONGAS,Paraná,-23.41351653,-51.43827973
445,https://www.moveisarapongas.com.br,painel pinus,NOT_FOUND,Nao foram encontrados itens de 'painel pinus' (ou equivalentes) com dimensoes no nome neste site.,['painel pinus'],,,,,,,,,,,,,Movemax Moveis,ARAPONGAS,ARAPONGAS,Paraná,-23.41351653,-51.43827973
446,https://www.moveisarapongas.com.br,painel pinus,NOT_FOUND,Nao foram encontrados itens de 'painel pinus' (ou equivalentes) com dimensoes no nome neste site.,['painel pinus'],,,,,,,,,,,,,Movemax Moveis,ARAPONGAS,ARAPONGAS,Paraná,-23.41351653,-51.43827973
447,https://www.moveisarapongas.com.br,painel pinus,NOT_FOUND,Nao foram encontrados itens de 'painel pinus' (ou equivalentes) com dimensoes no nome neste site.,['painel pinus'],,,,,,,,,,,,,Movemax Moveis,ARAPONGAS,ARAPONGAS,Paraná,-23.41351653,-51.43827973
448,https://www.moveisarapongas.com.br,painel pinus,NOT_FOUND,Nao foram encontrados itens de 'painel pinus' (ou equivalentes) com dimensoes no nome neste site.,['painel pinus'],,,,,,,,,,,,,Movemax Moveis,ARAPONGAS,ARAPONGAS,Paraná,-23.41351653,-51.43827973
449,https://www.moveisarapongas.com.br,painel pinus,NOT_FOUND,Nao foram encontrados itens de 'painel pinus' (ou equivalentes) com dimensoes no nome neste site.,['painel pinus'],,,,,,,,,,,,,Movemax Moveis,ARAPONGAS,ARAPONGAS,Paraná,-23.41351653,-51.43827973
450,https://piumobile.com.br,painel pinus,NOT_FOUND,Nao foram encontrados itens de 'painel pinus' (ou equivalentes) com dimensoes no nome neste site.,['painel pinus'],,,,,,,,,,,,,Piu Mobile Estofados,MARINGA,MARINGA,Paraná,-23.42228,-51.93988187
451,https://piumobile.com.br,painel pinus,NOT_FOUND,Nao foram encontrados itens de 'painel pinus' (ou equivalentes) com dimensoes no nome neste site.,['painel pinus'],,,,,,,,,,,,,Piu Mobile Estofados,MARINGA,MARINGA,Paraná,-23.42228,-51.93988187
452,https://piumobile.com.br,painel pinus,NOT_FOUND,Nao foram encontrados itens de 'painel pinus' (ou equivalentes) com dimensoes no nome neste site.,['painel pinus'],,,,,,,,,,,,,Piu Mobile Estofados,MARINGA,MARINGA,Paraná,-23.42228,-51.93988187
453,https://piumobile.com.br,painel pinus,NOT_FOUND,Nao foram encontrados itens de 'painel pinus' (ou equivalentes) com dimensoes no nome neste site.,['painel pinus'],,,,,,,,,,,,,Piu Mobile Estofados,MARINGA,MARINGA,Paraná,-23.42228,-51.93988187
454,https://piumobile.com.br,painel pinus,NOT_FOUND,Nao foram encontrados itens de 'painel pinus' (ou equivalentes) com dimensoes no nome neste site.,['painel pinus'],,,,,,,,,,,,,Piu Mobile Estofados,MARINGA,MARINGA,Paraná,-23.42228,-51.93988187
455,https://piumobile.com.br,painel pinus,NOT_FOUND,Nao foram encontrados itens de 'painel pinus' (ou equivalentes) com dimensoes no nome neste site.,['painel pinus'],,,,,,,,,,,,,Piu Mobile Estofados,MARINGA,MARINGA,Paraná,-23.42228,-51.93988187
456,https://piumobile.com.br,painel pinus,NOT_FOUND,Nao foram encontrados itens de 'painel pinus' (ou equivalentes) com dimensoes no nome neste site.,['painel pinus'],,,,,,,,,,,,,Piu Mobile Estofados,MARINGA,MARINGA,Paraná,-23.42228,-51.93988187
457,https://piumobile.com.br,painel pinus,NOT_FOUND,Nao foram encontrados itens de 'painel pinus' (ou equivalentes) com dimensoes no nome neste site.,['painel pinus'],,,,,,,,,,,,,Piu Mobile Estofados,MARINGA,MARINGA,Paraná,-23.42228,-51.93988187
458,https://raksa.com.br,painel pinus,NOT_FOUND,Nao foram encontrados itens de 'painel pinus' (ou equivalentes) com dimensoes no nome neste site.,['painel pinus'],,,,,,,,,,,,,Raksa Materiais De Construcao,ARAUCARIA,ARAUCARIA,Paraná,-25.591645,-49.4019397
459,https://raksa.com.br,painel pinus,NOT_FOUND,Nao foram encontrados itens de 'painel pinus' (ou equivalentes) com dimensoes no nome neste site.,['painel pinus'],,,,,,,,,,,,,Raksa Materiais De Construcao,ARAUCARIA,ARAUCARIA,Paraná,-25.591645,-49.4019397
460,https://raksa.com.br,painel pinus,NOT_FOUND,Nao foram encontrados itens de 'painel pinus' (ou equivalentes) com dimensoes no nome neste site.,['painel pinus'],,,,,,,,,,,,,Raksa Materiais De Construcao,ARAUCARIA,ARAUCARIA,Paraná,-25.591645,-49.4019397
461,https://raksa.com.br,painel pinus,NOT_FOUND,Nao foram encontrados itens de 'painel pinus' (ou equivalentes) com dimensoes no nome neste site.,['painel pinus'],,,,,,,,,,,,,Raksa Materiais De Construcao,ARAUCARIA,ARAUCARIA,Paraná,-25.591645,-49.4019397
462,https://raksa.com.br,painel pinus,NOT_FOUND,Nao foram encontrados itens de 'painel pinus' (ou equivalentes) com dimensoes no nome neste site.,['painel pinus'],,,,,,,,,,,,,Raksa Materiais De Construcao,ARAUCARIA,ARAUCARIA,Paraná,-25.591645,-49.4019397
463,https://raksa.com.br,painel pinus,NOT_FOUND,Nao foram encontrados itens de 'painel pinus' (ou equivalentes) com dimensoes no nome neste site.,['painel pinus'],,,,,,,,,,,,,Raksa Materiais De Construcao,ARAUCARIA,ARAUCARIA,Paraná,-25.591645,-49.4019397
464,https://www.revestacabamentos.com.br/,painel pinus,NOT_FOUND,Nao foram encontrados itens de 'painel pinus' (ou equivalentes) com dimensoes no nome neste site.,['painel pinus'],,,,,,,,,,,,,Revest Do Brasil Acabamentos Ltda,MARINGA,MARINGA,Paraná,-23.42228,-51.93988187
465,https://www.revestacabamentos.com.br/,painel pinus,NOT_FOUND,Nao foram encontrados itens de 'painel pinus' (ou equivalentes) com dimensoes no nome neste site.,['painel pinus'],,,,,,,,,,,,,Revest Do Brasil Acabamentos Ltda,MARINGA,MARINGA,Paraná,-23.42228,-51.93988187
466,https://www.revestacabamentos.com.br/,painel pinus,NOT_FOUND,Nao foram encontrados itens de 'painel pinus' (ou equivalentes) com dimensoes no nome neste site.,['painel pinus'],,,,,,,,,,,,,Revest Do Brasil Acabamentos Ltda,MARINGA,MARINGA,Paraná,-23.42228,-51.93988187
467,https://www.revestacabamentos.com.br/,painel pinus,NOT_FOUND,Nao foram encontrados itens de 'painel pinus' (ou equivalentes) com dimensoes no nome neste site.,['painel pinus'],,,,,,,,,,,,,Revest Do Brasil Acabamentos Ltda,MARINGA,MARINGA,Paraná,-23.42228,-51.93988187
468,https://www.revestacabamentos.com.br/,painel pinus,NOT_FOUND,Nao foram encontrados itens de 'painel pinus' (ou equivalentes) com dimensoes no nome neste site.,['painel pinus'],,,,,,,,,,,,,Revest Do Brasil Acabamentos Ltda,MARINGA,MARINGA,Paraná,-23.42228,-51.93988187
469,https://www.revestacabamentos.com.br/,painel pinus,NOT_FOUND,Nao foram encontrados itens de 'painel pinus' (ou equivalentes) com dimensoes no nome neste site.,['painel pinus'],,,,,,,,,,,,,Revest Do Brasil Acabamentos Ltda,MARINGA,MARINGA,Paraná,-23.42228,-51.93988187
470,https://www.revestacabamentos.com.br/,painel pinus,NOT_FOUND,Nao foram encontrados itens de 'painel pinus' (ou equivalentes) com dimensoes no nome neste site.,['painel pinus'],,,,,,,,,,,,,Revest Do Brasil Acabamentos Ltda,MARINGA,MARINGA,Paraná,-23.42228,-51.93988187
471,https://www.revestacabamentos.com.br/,painel pinus,NOT_FOUND,Nao foram encontrados itens de 'painel pinus' (ou equivalentes) com dimensoes no nome neste site.,['painel pinus'],,,,,,,,,,,,,Revest Do Brasil Acabamentos Ltda,MARINGA,MARINGA,Paraná,-23.42228,-51.93988187
472,https://guiadomarceneiro.net,painel pinus,NOT_FOUND,Nao foram encontrados itens de 'painel pinus' (ou equivalentes) com dimensoes no nome neste site.,[],,,,,,,,,,,,,Guia Do Marceneiro,MARINGA,MARINGA,Paraná,-23.42228,-51.93988187
473,https://guiadomarceneiro.net,painel pinus,NOT_FOUND,Nao foram encontrados itens de 'painel pinus' (ou equivalentes) com dimensoes no nome neste site.,[],,,,,,,,,,,,,Guia Do Marceneiro,MARINGA,MARINGA,Paraná,-23.42228,-51.93988187
474,https://guiadomarceneiro.net,painel pinus,NOT_FOUND,Nao foram encontrados itens de 'painel pinus' (ou equivalentes) com dimensoes no nome neste site.,[],,,,,,,,,,,,,Guia Do Marceneiro,MARINGA,MARINGA,Paraná,-23.42228,-51.93988187
475,https://guiadomarceneiro.net,painel pinus,NOT_FOUND,Nao foram encontrados itens de 'painel pinus' (ou equivalentes) com dimensoes no nome neste site.,[],,,,,,,,,,,,,Guia Do Marceneiro,MARINGA,MARINGA,Paraná,-23.42228,-51.93988187
476,https://guiadomarceneiro.net,painel pinus,NOT_FOUND,Nao foram encontrados itens de 'painel pinus' (ou equivalentes) com dimensoes no nome neste site.,[],,,,,,,,,,,,,Guia Do Marceneiro,MARINGA,MARINGA,Paraná,-23.42228,-51.93988187
477,https://guiadomarceneiro.net,painel pinus,NOT_FOUND,Nao foram encontrados itens de 'painel pinus' (ou equivalentes) com dimensoes no nome neste site.,[],,,,,,,,,,,,,Guia Do Marceneiro,MARINGA,MARINGA,Paraná,-23.42228,-51.93988187
478,https://guiadomarceneiro.net,painel pinus,NOT_FOUND,Nao foram encontrados itens de 'painel pinus' (ou equivalentes) com dimensoes no nome neste site.,[],,,,,,,,,,,,,Guia Do Marceneiro,MARINGA,MARINGA,Paraná,-23.42228,-51.93988187
479,https://guiadomarceneiro.net,painel pinus,NOT_FOUND,Nao foram encontrados itens de 'painel pinus' (ou equivalentes) com dimensoes no nome neste site.,[],,,,,,,,,,,,,Guia Do Marceneiro,MARINGA,MARINGA,Paraná,-23.42228,-51.93988187
480,https://www.compensadoscolombo.com.br/,painel pinus,NOT_FOUND,Nao foram encontrados itens de 'painel pinus' (ou equivalentes) com dimensoes no nome neste site.,['painel pinus'],,,,,,,,,,,,,Compensados Colombo,COLOMBO,COLOMBO,Paraná,-25.29434029,-49.22743798
481,https://www.compensadoscolombo.com.br/,painel pinus,NOT_FOUND,Nao foram encontrados itens de 'painel pinus' (ou equivalentes) com dimensoes no nome neste site.,['painel pinus'],,,,,,,,,,,,,Compensados Colombo,COLOMBO,COLOMBO,Paraná,-25.29434029,-49.22743798
482,https://www.compensadoscolombo.com.br/,painel pinus,NOT_FOUND,Nao foram encontrados itens de 'painel pinus' (ou equivalentes) com dimensoes no nome neste site.,['painel pinus'],,,,,,,,,,,,,Compensados Colombo,COLOMBO,COLOMBO,Paraná,-25.29434029,-49.22743798
483,https://www.compensadoscolombo.com.br/,painel pinus,NOT_FOUND,Nao foram encontrados itens de 'painel pinus' (ou equivalentes) com dimensoes no nome neste site.,['painel pinus'],,,,,,,,,,,,,Compensados Colombo,COLOMBO,COLOMBO,Paraná,-25.29434029,-49.22743798
484,https://www.compensadoscolombo.com.br/,painel pinus,NOT_FOUND,Nao foram encontrados itens de 'painel pinus' (ou equivalentes) com dimensoes no nome neste site.,['painel pinus'],,,,,,,,,,,,,Compensados Colombo,COLOMBO,COLOMBO,Paraná,-25.29434029,-49.22743798
485,https://www.compensadoscolombo.com.br/,painel pinus,NOT_FOUND,Nao foram encontrados itens de 'painel pinus' (ou equivalentes) com dimensoes no nome neste site.,['painel pinus'],,,,,,,,,,,,,Compensados Colombo,COLOMBO,COLOMBO,Paraná,-25.29434029,-49.22743798
486,https://www.compensadoscolombo.com.br/,painel pinus,NOT_FOUND,Nao foram encontrados itens de 'painel pinus' (ou equivalentes) com dimensoes no nome neste site.,['painel pinus'],,,,,,,,,,,,,Compensados Colombo,COLOMBO,COLOMBO,Paraná,-25.29434029,-49.22743798
487,https://www.compensadoscolombo.com.br/,painel pinus,NOT_FOUND,Nao foram encontrados itens de 'painel pinus' (ou equivalentes) com dimensoes no nome neste site.,['painel pinus'],,,,,,,,,,,,,Compensados Colombo,COLOMBO,COLOMBO,Paraná,-25.29434029,-49.22743798
488,https://www.rrmoveis.com.br,painel pinus,NOT_FOUND,Nao foram encontrados itens de 'painel pinus' (ou equivalentes) com dimensoes no nome neste site.,['painel pinus'],,,,,,,,,,,,,Rr Industria E Comerio De Moveis Ltda,PINHAIS,PINHAIS,Paraná,-25.44219789,-49.19919742
489,https://www.rrmoveis.com.br,painel pinus,NOT_FOUND,Nao foram encontrados itens de 'painel pinus' (ou equivalentes) com dimensoes no nome neste site.,['painel pinus'],,,,,,,,,,,,,Rr Industria E Comerio De Moveis Ltda,PINHAIS,PINHAIS,Paraná,-25.44219789,-49.19919742
490,https://www.rrmoveis.com.br,painel pinus,NOT_FOUND,Nao foram encontrados itens de 'painel pinus' (ou equivalentes) com dimensoes no nome neste site.,['painel pinus'],,,,,,,,,,,,,Rr Industria E Comerio De Moveis Ltda,PINHAIS,PINHAIS,Paraná,-25.44219789,-49.19919742
491,https://www.rrmoveis.com.br,painel pinus,NOT_FOUND,Nao foram encontrados itens de 'painel pinus' (ou equivalentes) com dimensoes no nome neste site.,['painel pinus'],,,,,,,,,,,,,Rr Industria E Comerio De Moveis Ltda,PINHAIS,PINHAIS,Paraná,-25.44219789,-49.19919742
492,https://www.rrmoveis.com.br,painel pinus,NOT_FOUND,Nao foram encontrados itens de 'painel pinus' (ou equivalentes) com dimensoes no nome neste site.,['painel pinus'],,,,,,,,,,,,,Rr Industria E Comerio De Moveis Ltda,PINHAIS,PINHAIS,Paraná,-25.44219789,-49.19919742
493,https://www.rrmoveis.com.br,painel pinus,NOT_FOUND,Nao foram encontrados itens de 'painel pinus' (ou equivalentes) com dimensoes no nome neste site.,['painel pinus'],,,,,,,,,,,,,Rr Industria E Comerio De Moveis Ltda,PINHAIS,PINHAIS,Paraná,-25.44219789,-49.19919742
494,https://www.rrmoveis.com.br,painel pinus,NOT_FOUND,Nao foram encontrados itens de 'painel pinus' (ou equivalentes) com dimensoes no nome neste site.,['painel pinus'],,,,,,,,,,,,,Rr Industria E Comerio De Moveis Ltda,PINHAIS,PINHAIS,Paraná,-25.44219789,-49.19919742
495,https://www.telhanorte.com.br/,painel pinus,FOUND,Itens encontrados.,['painel pinus'],"Painel Pinus 600 lixado 1,1x40,6x61cm amarelo Madvei","1,1x40,6x61cm",Indisponivel,https://www.telhanorte.com.br/painel-pinus-600-lixado-1-1x40-6x61cm-amarelo-madvei-1531581/p,11.0,406.0,,,,1.0,,,Telhanorte Bordignon,LONDRINA,LONDRINA,Paraná,-23.312156,-51.16277342
496,https://www.telhanorte.com.br/,painel pinus,FOUND,Itens encontrados.,['painel pinus'],"Painel Pinus 600 lixado 1,1x40,6x61cm amarelo Madvei","1,1x40,6x61cm",Indisponivel,https://www.telhanorte.com.br/painel-pinus-600-lixado-1-1x40-6x61cm-amarelo-madvei-1531581/p,11.0,406.0,,,,1.0,,,Telhanorte Bordignon,LONDRINA,LONDRINA,Paraná,-23.312156,-51.16277342
497,https://www.telhanorte.com.br/,painel pinus,FOUND,Itens encontrados.,['painel pinus'],"Painel Pinus 600 lixado 1,1x40,6x61cm amarelo Madvei","1,1x40,6x61cm",Indisponivel,https://www.telhanorte.com.br/painel-pinus-600-lixado-1-1x40-6x61cm-amarelo-madvei-1531581/p,11.0,406.0,,,,1.0,,,Telhanorte Bordignon,LONDRINA,LONDRINA,Paraná,-23.312156,-51.16277342
498,https://www.telhanorte.com.br/,painel pinus,FOUND,Itens encontrados.,['painel pinus'],"Painel Pinus 600 lixado 1,1x40,6x61cm amarelo Madvei","1,1x40,6x61cm",Indisponivel,https://www.telhanorte.com.br/painel-pinus-600-lixado-1-1x40-6x61cm-amarelo-madvei-1531581/p,11.0,406.0,,,,1.0,,,Telhanorte Bordignon,LONDRINA,LONDRINA,Paraná,-23.312156,-51.16277342
499,https://www.telhanorte.com.br/,painel pinus,FOUND,Itens encontrados.,['painel pinus'],"Painel Pinus 600 lixado 1,1x40,6x61cm amarelo Madvei","1,1x40,6x61cm",Indisponivel,https://www.telhanorte.com.br/painel-pinus-600-lixado-1-1x40-6x61cm-amarelo-madvei-1531581/p,11.0,406.0,,,,1.0,,,Telhanorte Bordignon,LONDRINA,LONDRINA,Paraná,-23.312156,-51.16277342
500,https://www.telhanorte.com.br/,painel pinus,FOUND,Itens encontrados.,['painel pinus'],"Painel Pinus 600 lixado 1,1x40,6x61cm amarelo Madvei","1,1x40,6x61cm",Indisponivel,https://www.telhanorte.com.br/painel-pinus-600-lixado-1-1x40-6x61cm-amarelo-madvei-1531581/p,11.0,406.0,,,,1.0,,,Telhanorte Bordignon,LONDRINA,LONDRINA,Paraná,-23.312156,-51.16277342
501,https://www.telhanorte.com.br/,painel pinus,FOUND,Itens encontrados.,['painel pinus'],"Painel Pinus 600 lixado 1,1x40,6x61cm amarelo Madvei","1,1x40,6x61cm",Indisponivel,https://www.telhanorte.com.br/painel-pinus-600-lixado-1-1x40-6x61cm-amarelo-madvei-1531581/p,11.0,406.0,,,,1.0,,,Telhanorte Bordignon,LONDRINA,LONDRINA,Paraná,-23.312156,-51.16277342
502,https://www.telhanorte.com.br/,painel pinus,FOUND,Itens encontrados.,['painel pinus'],"Painel Pinus 600 lixado 1,1x40,6x61cm amarelo Madvei","1,1x40,6x61cm",Indisponivel,https://www.telhanorte.com.br/painel-pinus-600-lixado-1-1x40-6x61cm-amarelo-madvei-1531581/p,11.0,406.0,,,,1.0,,,Telhanorte Bordignon,LONDRINA,LONDRINA,Paraná,-23.312156,-51.16277342
503,https://www.telhanorte.com.br/,painel pinus,FOUND,Itens encontrados.,['painel pinus'],"Painel Pinus 600 lixado 1,7x30,5x244cm amarelo Madvei","1,7x30,5x244cm",Indisponivel,https://www.telhanorte.com.br/painel-pinus-600-lixado-1-7x30-5x244cm-amarelo-madvei-1530917/p,17.0,305.0,,,,1.0,,,Telhanorte Bordignon,LONDRINA,LONDRINA,Paraná,-23.312156,-51.16277342
504,https://www.telhanorte.com.br/,painel pinus,FOUND,Itens encontrados.,['painel pinus'],"Painel Pinus 600 lixado 1,7x30,5x244cm amarelo Madvei","1,7x30,5x244cm",Indisponivel,https://www.telhanorte.com.br/painel-pinus-600-lixado-1-7x30-5x244cm-amarelo-madvei-1530917/p,17.0,305.0,,,,1.0,,,Telhanorte Bordignon,LONDRINA,LONDRINA,Paraná,-23.312156,-51.16277342
505,https://www.telhanorte.com.br/,painel pinus,FOUND,Itens encontrados.,['painel pinus'],"Painel Pinus 600 lixado 1,7x30,5x244cm amarelo Madvei","1,7x30,5x244cm",Indisponivel,https://www.telhanorte.com.br/painel-pinus-600-lixado-1-7x30-5x244cm-amarelo-madvei-1530917/p,17.0,305.0,,,,1.0,,,Telhanorte Bordignon,LONDRINA,LONDRINA,Paraná,-23.312156,-51.16277342
506,https://www.telhanorte.com.br/,painel pinus,FOUND,Itens encontrados.,['painel pinus'],"Painel Pinus 600 lixado 1,7x30,5x244cm amarelo Madvei","1,7x30,5x244cm",Indisponivel,https://www.telhanorte.com.br/painel-pinus-600-lixado-1-7x30-5x244cm-amarelo-madvei-1530917/p,17.0,305.0,,,,1.0,,,Telhanorte Bordignon,LONDRINA,LONDRINA,Paraná,-23.312156,-51.16277342
507,https://www.telhanorte.com.br/,painel pinus,FOUND,Itens encontrados.,['painel pinus'],"Painel Pinus 600 lixado 1,7x30,5x244cm amarelo Madvei","1,7x30,5x244cm",Indisponivel,https://www.telhanorte.com.br/painel-pinus-600-lixado-1-7x30-5x244cm-amarelo-madvei-1530917/p,17.0,305.0,,,,1.0,,,Telhanorte Bordignon,LONDRINA,LONDRINA,Paraná,-23.312156,-51.16277342
508,https://www.telhanorte.com.br/,painel pinus,FOUND,Itens encontrados.,['painel pinus'],"Painel Pinus 600 lixado 1,7x30,5x244cm amarelo Madvei","1,7x30,5x244cm",Indisponivel,https://www.telhanorte.com.br/painel-pinus-600-lixado-1-7x30-5x244cm-amarelo-madvei-1530917/p,17.0,305.0,,,,1.0,,,Telhanorte Bordignon,LONDRINA,LONDRINA,Paraná,-23.312156,-51.16277342
509,https://www.telhanorte.com.br/,painel pinus,FOUND,Itens encontrados.,['painel pinus'],"Painel Pinus 600 lixado 1,7x30,5x244cm amarelo Madvei","1,7x30,5x244cm",Indisponivel,https://www.telhanorte.com.br/painel-pinus-600-lixado-1-7x30-5x244cm-amarelo-madvei-1530917/p,17.0,305.0,,,,1.0,,,Telhanorte Bordignon,LONDRINA,LONDRINA,Paraná,-23.312156,-51.16277342
510,https://www.telhanorte.com.br/,painel pinus,FOUND,Itens encontrados.,['painel pinus'],"Painel Pinus 600 lixado 1,7x30,5x244cm amarelo Madvei","1,7x30,5x244cm",Indisponivel,https://www.telhanorte.com.br/painel-pinus-600-lixado-1-7x30-5x244cm-amarelo-madvei-1530917/p,17.0,305.0,,,,1.0,,,Telhanorte Bordignon,LONDRINA,LONDRINA,Paraná,-23.312156,-51.16277342
511,https://www.telhanorte.com.br/,painel pinus,FOUND,Itens encontrados.,['painel pinus'],"Painel Pinus 600 lixado 1,7x40,6x61cm amarelo Madvei","1,7x40,6x61cm",Indisponivel,https://www.telhanorte.com.br/painel-pinus-600-lixado-1-7x40-6x61cm-amarelo-madvei-1531646/p,17.0,406.0,,,,1.0,,,Telhanorte Bordignon,LONDRINA,LONDRINA,Paraná,-23.312156,-51.16277342
512,https://www.telhanorte.com.br/,painel pinus,FOUND,Itens encontrados.,['painel pinus'],"Painel Pinus 600 lixado 1,7x40,6x61cm amarelo Madvei","1,7x40,6x61cm",Indisponivel,https://www.telhanorte.com.br/painel-pinus-600-lixado-1-7x40-6x61cm-amarelo-madvei-1531646/p,17.0,406.0,,,,1.0,,,Telhanorte Bordignon,LONDRINA,LONDRINA,Paraná,-23.312156,-51.16277342
513,https://www.telhanorte.com.br/,painel pinus,FOUND,Itens encontrados.,['painel pinus'],"Painel Pinus 600 lixado 1,7x40,6x61cm amarelo Madvei","1,7x40,6x61cm",Indisponivel,https://www.telhanorte.com.br/painel-pinus-600-lixado-1-7x40-6x61cm-amarelo-madvei-1531646/p,17.0,406.0,,,,1.0,,,Telhanorte Bordignon,LONDRINA,LONDRINA,Paraná,-23.312156,-51.16277342
514,https://www.telhanorte.com.br/,painel pinus,FOUND,Itens encontrados.,['painel pinus'],"Painel Pinus 600 lixado 1,7x40,6x61cm amarelo Madvei","1,7x40,6x61cm",Indisponivel,https://www.telhanorte.com.br/painel-pinus-600-lixado-1-7x40-6x61cm-amarelo-madvei-1531646/p,17.0,406.0,,,,1.0,,,Telhanorte Bordignon,LONDRINA,LONDRINA,Paraná,-23.312156,-51.16277342
515,https://www.telhanorte.com.br/,painel pinus,FOUND,Itens encontrados.,['painel pinus'],"Painel Pinus 600 lixado 1,7x40,6x61cm amarelo Madvei","1,7x40,6x61cm",Indisponivel,https://www.telhanorte.com.br/painel-pinus-600-lixado-1-7x40-6x61cm-amarelo-madvei-1531646/p,17.0,406.0,,,,1.0,,,Telhanorte Bordignon,LONDRINA,LONDRINA,Paraná,-23.312156,-51.16277342
516,https://www.telhanorte.com.br/,painel pinus,FOUND,Itens encontrados.,['painel pinus'],"Painel Pinus 600 lixado 1,7x40,6x61cm amarelo Madvei","1,7x40,6x61cm",Indisponivel,https://www.telhanorte.com.br/painel-pinus-600-lixado-1-7x40-6x61cm-amarelo-madvei-1531646/p,17.0,406.0,,,,1.0,,,Telhanorte Bordignon,LONDRINA,LONDRINA,Paraná,-23.312156,-51.16277342
517,https://www.telhanorte.com.br/,painel pinus,FOUND,Itens encontrados.,['painel pinus'],"Painel Pinus 600 lixado 1,7x40,6x61cm amarelo Madvei","1,7x40,6x61cm",Indisponivel,https://www.telhanorte.com.br/painel-pinus-600-lixado-1-7x40-6x61cm-amarelo-madvei-1531646/p,17.0,406.0,,,,1.0,,,Telhanorte Bordignon,LONDRINA,LONDRINA,Paraná,-23.312156,-51.16277342
518,https://www.telhanorte.com.br/,painel pinus,FOUND,Itens encontrados.,['painel pinus'],"Painel Pinus 600 lixado 1,7x40,6x61cm amarelo Madvei","1,7x40,6x61cm",Indisponivel,https://www.telhanorte.com.br/painel-pinus-600-lixado-1-7x40-6x61cm-amarelo-madvei-1531646/p,17.0,406.0,,,,1.0,,,Telhanorte Bordignon,LONDRINA,LONDRINA,Paraná,-23.312156,-51.16277342
519,https://www.telhanorte.com.br/,painel pinus,FOUND,Itens encontrados.,['painel pinus'],"Painel Pinus 600 lixado 1,7x30,5x122cm amarelo Madvei","1,7x30,5x122cm",Indisponivel,https://www.telhanorte.com.br/painel-pinus-600-lixado-1-7x30-5x122cm-amarelo-madvei-1531638/p,17.0,305.0,,,,1.0,,,Telhanorte Bordignon,LONDRINA,LONDRINA,Paraná,-23.312156,-51.16277342
520,https://www.telhanorte.com.br/,painel pinus,FOUND,Itens encontrados.,['painel pinus'],"Painel Pinus 600 lixado 1,7x30,5x122cm amarelo Madvei","1,7x30,5x122cm",Indisponivel,https://www.telhanorte.com.br/painel-pinus-600-lixado-1-7x30-5x122cm-amarelo-madvei-1531638/p,17.0,305.0,,,,1.0,,,Telhanorte Bordignon,LONDRINA,LONDRINA,Paraná,-23.312156,-51.16277342
521,https://www.telhanorte.com.br/,painel pinus,FOUND,Itens encontrados.,['painel pinus'],"Painel Pinus 600 lixado 1,7x30,5x122cm amarelo Madvei","1,7x30,5x122cm",Indisponivel,https://www.telhanorte.com.br/painel-pinus-600-lixado-1-7x30-5x122cm-amarelo-madvei-1531638/p,17.0,305.0,,,,1.0,,,Telhanorte Bordignon,LONDRINA,LONDRINA,Paraná,-23.312156,-51.16277342
522,https://www.telhanorte.com.br/,painel pinus,FOUND,Itens encontrados.,['painel pinus'],"Painel Pinus 600 lixado 1,7x30,5x122cm amarelo Madvei","1,7x30,5x122cm",Indisponivel,https://www.telhanorte.com.br/painel-pinus-600-lixado-1-7x30-5x122cm-amarelo-madvei-1531638/p,17.0,305.0,,,,1.0,,,Telhanorte Bordignon,LONDRINA,LONDRINA,Paraná,-23.312156,-51.16277342
523,https://www.telhanorte.com.br/,painel pinus,FOUND,Itens encontrados.,['painel pinus'],"Painel Pinus 600 lixado 1,7x30,5x122cm amarelo Madvei","1,7x30,5x122cm",Indisponivel,https://www.telhanorte.com.br/painel-pinus-600-lixado-1-7x30-5x122cm-amarelo-madvei-1531638/p,17.0,305.0,,,,1.0,,,Telhanorte Bordignon,LONDRINA,LONDRINA,Paraná,-23.312156,-51.16277342
524,https://www.telhanorte.com.br/,painel pinus,FOUND,Itens encontrados.,['painel pinus'],"Painel Pinus 600 lixado 1,7x30,5x122cm amarelo Madvei","1,7x30,5x122cm",Indisponivel,https://www.telhanorte.com.br/painel-pinus-600-lixado-1-7x30-5x122cm-amarelo-madvei-1531638/p,17.0,305.0,,,,1.0,,,Telhanorte Bordignon,LONDRINA,LONDRINA,Paraná,-23.312156,-51.16277342
525,https://www.telhanorte.com.br/,painel pinus,FOUND,Itens encontrados.,['painel pinus'],"Painel Pinus 600 lixado 1,7x30,5x122cm amarelo Madvei","1,7x30,5x122cm",Indisponivel,https://www.telhanorte.com.br/painel-pinus-600-lixado-1-7x30-5x122cm-amarelo-madvei-1531638/p,17.0,305.0,,,,1.0,,,Telhanorte Bordignon,LONDRINA,LONDRINA,Paraná,-23.312156,-51.16277342
526,https://www.telhanorte.com.br/,painel pinus,FOUND,Itens encontrados.,['painel pinus'],"Painel Pinus 600 lixado 1,7x30,5x122cm amarelo Madvei","1,7x30,5x122cm",Indisponivel,https://www.telhanorte.com.br/painel-pinus-600-lixado-1-7x30-5x122cm-amarelo-madvei-1531638/p,17.0,305.0,,,,1.0,,,Telhanorte Bordignon,LONDRINA,LONDRINA,Paraná,-23.312156,-51.16277342
527,https://www.telhanorte.com.br/,painel pinus,FOUND,Itens encontrados.,['painel pinus'],"Painel Pinus 600 lixado 1,1x40,6x91cm amarelo Madvei","1,1x40,6x91cm",Indisponivel,https://www.telhanorte.com.br/painel-pinus-600-lixado-1-1x40-6x91cm-amarelo-madvei-1531590/p,11.0,406.0,,,,1.0,,,Telhanorte Bordignon,LONDRINA,LONDRINA,Paraná,-23.312156,-51.16277342
528,https://www.telhanorte.com.br/,painel pinus,FOUND,Itens encontrados.,['painel pinus'],"Painel Pinus 600 lixado 1,1x40,6x91cm amarelo Madvei","1,1x40,6x91cm",Indisponivel,https://www.telhanorte.com.br/painel-pinus-600-lixado-1-1x40-6x91cm-amarelo-madvei-1531590/p,11.0,406.0,,,,1.0,,,Telhanorte Bordignon,LONDRINA,LONDRINA,Paraná,-23.312156,-51.16277342
529,https://www.telhanorte.com.br/,painel pinus,FOUND,Itens encontrados.,['painel pinus'],"Painel Pinus 600 lixado 1,1x40,6x91cm amarelo Madvei","1,1x40,6x91cm",Indisponivel,https://www.telhanorte.com.br/painel-pinus-600-lixado-1-1x40-6x91cm-amarelo-madvei-1531590/p,11.0,406.0,,,,1.0,,,Telhanorte Bordignon,LONDRINA,LONDRINA,Paraná,-23.312156,-51.16277342
530,https://www.telhanorte.com.br/,painel pinus,FOUND,Itens encontrados.,['painel pinus'],"Painel Pinus 600 lixado 1,1x40,6x91cm amarelo Madvei","1,1x40,6x91cm",Indisponivel,https://www.telhanorte.com.br/painel-pinus-600-lixado-1-1x40-6x91cm-amarelo-madvei-1531590/p,11.0,406.0,,,,1.0,,,Telhanorte Bordignon,LONDRINA,LONDRINA,Paraná,-23.312156,-51.16277342
531,https://www.telhanorte.com.br/,painel pinus,FOUND,Itens encontrados.,['painel pinus'],"Painel Pinus 600 lixado 1,1x40,6x91cm amarelo Madvei","1,1x40,6x91cm",Indisponivel,https://www.telhanorte.com.br/painel-pinus-600-lixado-1-1x40-6x91cm-amarelo-madvei-1531590/p,11.0,406.0,,,,1.0,,,Telhanorte Bordignon,LONDRINA,LONDRINA,Paraná,-23.312156,-51.16277342
532,https://www.telhanorte.com.br/,painel pinus,FOUND,Itens encontrados.,['painel pinus'],"Painel Pinus 600 lixado 1,1x40,6x91cm amarelo Madvei","1,1x40,6x91cm",Indisponivel,https://www.telhanorte.com.br/painel-pinus-600-lixado-1-1x40-6x91cm-amarelo-madvei-1531590/p,11.0,406.0,,,,1.0,,,Telhanorte Bordignon,LONDRINA,LONDRINA,Paraná,-23.312156,-51.16277342
533,https://www.telhanorte.com.br/,painel pinus,FOUND,Itens encontrados.,['painel pinus'],"Painel Pinus 600 lixado 1,1x40,6x91cm amarelo Madvei","1,1x40,6x91cm",Indisponivel,https://www.telhanorte.com.br/painel-pinus-600-lixado-1-1x40-6x91cm-amarelo-madvei-1531590/p,11.0,406.0,,,,1.0,,,Telhanorte Bordignon,LONDRINA,LONDRINA,Paraná,-23.312156,-51.16277342
534,https://www.telhanorte.com.br/,painel pinus,FOUND,Itens encontrados.,['painel pinus'],"Painel Pinus 600 lixado 1,1x40,6x91cm amarelo Madvei","1,1x40,6x91cm",Indisponivel,https://www.telhanorte.com.br/painel-pinus-600-lixado-1-1x40-6x91cm-amarelo-madvei-1531590/p,11.0,406.0,,,,1.0,,,Telhanorte Bordignon,LONDRINA,LONDRINA,Paraná,-23.312156,-51.16277342
535,https://www.rudegon.com.br,painel pinus,NOT_FOUND,Nao foram encontrados itens de 'painel pinus' (ou equivalentes) com dimensoes no nome neste site.,['painel pinus'],,,,,,,,,,,,,Rudegon Representacoes E Comercio De Madeiras Ltda,CURITIBA,CURITIBA,Paraná,-25.432956,-49.27184789
536,https://www.rudegon.com.br,painel pinus,NOT_FOUND,Nao foram encontrados itens de 'painel pinus' (ou equivalentes) com dimensoes no nome neste site.,['painel pinus'],,,,,,,,,,,,,Rudegon Representacoes E Comercio De Madeiras Ltda,CURITIBA,CURITIBA,Paraná,-25.432956,-49.27184789
537,https://www.rudegon.com.br,painel pinus,NOT_FOUND,Nao foram encontrados itens de 'painel pinus' (ou equivalentes) com dimensoes no nome neste site.,['painel pinus'],,,,,,,,,,,,,Rudegon Representacoes E Comercio De Madeiras Ltda,CURITIBA,CURITIBA,Paraná,-25.432956,-49.27184789
538,https://www.rudegon.com.br,painel pinus,NOT_FOUND,Nao foram encontrados itens de 'painel pinus' (ou equivalentes) com dimensoes no nome neste site.,['painel pinus'],,,,,,,,,,,,,Rudegon Representacoes E Comercio De Madeiras Ltda,CURITIBA,CURITIBA,Paraná,-25.432956,-49.27184789
539,https://www.rudegon.com.br,painel pinus,NOT_FOUND,Nao foram encontrados itens de 'painel pinus' (ou equivalentes) com dimensoes no nome neste site.,['painel pinus'],,,,,,,,,,,,,Rudegon Representacoes E Comercio De Madeiras Ltda,CURITIBA,CURITIBA,Paraná,-25.432956,-49.27184789
540,https://www.rudegon.com.br,painel pinus,NOT_FOUND,Nao foram encontrados itens de 'painel pinus' (ou equivalentes) com dimensoes no nome neste site.,['painel pinus'],,,,,,,,,,,,,Rudegon Representacoes E Comercio De Madeiras Ltda,CURITIBA,CURITIBA,Paraná,-25.432956,-49.27184789
541,https://www.rudegon.com.br,painel pinus,NOT_FOUND,Nao foram encontrados itens de 'painel pinus' (ou equivalentes) com dimensoes no nome neste site.,['painel pinus'],,,,,,,,,,,,,Rudegon Representacoes E Comercio De Madeiras Ltda,CURITIBA,CURITIBA,Paraná,-25.432956,-49.27184789
542,https://www.rudegon.com.br,painel pinus,NOT_FOUND,Nao foram encontrados itens de 'painel pinus' (ou equivalentes) com dimensoes no nome neste site.,['painel pinus'],,,,,,,,,,,,,Rudegon Representacoes E Comercio De Madeiras Ltda,CURITIBA,CURITIBA,Paraná,-25.432956,-49.27184789
543,https://www.rudegon.com.br,painel pinus,NOT_FOUND,Nao foram encontrados itens de 'painel pinus' (ou equivalentes) com dimensoes no nome neste site.,['painel pinus'],,,,,,,,,,,,,Rudegon Representacoes E Comercio De Madeiras Ltda,CURITIBA,CURITIBA,Paraná,-25.432956,-49.27184789
544,https://www.rudegon.com.br,painel pinus,NOT_FOUND,Nao foram encontrados itens de 'painel pinus' (ou equivalentes) com dimensoes no nome neste site.,['painel pinus'],,,,,,,,,,,,,Rudegon Representacoes E Comercio De Madeiras Ltda,CURITIBA,CURITIBA,Paraná,-25.432956,-49.27184789
545,https://www.espacosmart.com.br,painel pinus,NOT_FOUND,Nao foram encontrados itens de 'painel pinus' (ou equivalentes) com dimensoes no nome neste site.,['painel pinus'],,,,,,,,,,,,,Smart Center Comercio De Materiais De Construcao Ltda,CASCAVEL,CASCAVEL,Ceará,-4.131433678,-38.23968594
546,https://www.espacosmart.com.br,painel pinus,NOT_FOUND,Nao foram encontrados itens de 'painel pinus' (ou equivalentes) com dimensoes no nome neste site.,['painel pinus'],,,,,,,,,,,,,Smart Center Comercio De Materiais De Construcao Ltda,CASCAVEL,CASCAVEL,Ceará,-4.131433678,-38.23968594
547,https://www.espacosmart.com.br,painel pinus,NOT_FOUND,Nao foram encontrados itens de 'painel pinus' (ou equivalentes) com dimensoes no nome neste site.,['painel pinus'],,,,,,,,,,,,,Smart Center Comercio De Materiais De Construcao Ltda,CASCAVEL,CASCAVEL,Ceará,-4.131433678,-38.23968594
548,https://www.espacosmart.com.br,painel pinus,NOT_FOUND,Nao foram encontrados itens de 'painel pinus' (ou equivalentes) com dimensoes no nome neste site.,['painel pinus'],,,,,,,,,,,,,Smart Center Comercio De Materiais De Construcao Ltda,CASCAVEL,CASCAVEL,Paraná,-24.9537975,-53.45972218
549,https://www.espacosmart.com.br,painel pinus,NOT_FOUND,Nao foram encontrados itens de 'painel pinus' (ou equivalentes) com dimensoes no nome neste site.,['painel pinus'],,,,,,,,,,,,,Smart Center Comercio De Materiais De Construcao Ltda,CASCAVEL,CASCAVEL,Paraná,-24.9537975,-53.45972218
550,https://www.espacosmart.com.br,painel pinus,NOT_FOUND,Nao foram encontrados itens de 'painel pinus' (ou equivalentes) com dimensoes no nome neste site.,['painel pinus'],,,,,,,,,,,,,Smart Center Comercio De Materiais De Construcao Ltda,CASCAVEL,CASCAVEL,Paraná,-24.9537975,-53.45972218
551,https://www.espacosmart.com.br,painel pinus,NOT_FOUND,Nao foram encontrados itens de 'painel pinus' (ou equivalentes) com dimensoes no nome neste site.,['painel pinus'],,,,,,,,,,,,,Smart Center Comercio De Materiais De Construcao Ltda,CASCAVEL,CASCAVEL,Paraná,-24.9537975,-53.45972218
552,https://www.espacosmart.com.br,painel pinus,NOT_FOUND,Nao foram encontrados itens de 'painel pinus' (ou equivalentes) com dimensoes no nome neste site.,['painel pinus'],,,,,,,,,,,,,Smart Center Comercio De Materiais De Construcao Ltda,CASCAVEL,CASCAVEL,Paraná,-24.9537975,-53.45972218
553,https://www.espacosmart.com.br,painel pinus,NOT_FOUND,Nao foram encontrados itens de 'painel pinus' (ou equivalentes) com dimensoes no nome neste site.,['painel pinus'],,,,,,,,,,,,,Smart Center Comercio De Materiais De Construcao Ltda,CASCAVEL,CASCAVEL,Paraná,-24.9537975,-53.45972218
554,https://www.espacosmart.com.br,painel pinus,NOT_FOUND,Nao foram encontrados itens de 'painel pinus' (ou equivalentes) com dimensoes no nome neste site.,['painel pinus'],,,,,,,,,,,,,Smart Center Comercio De Materiais De Construcao Ltda,CASCAVEL,CASCAVEL,Paraná,-24.9537975,-53.45972218
555,https://www.espacosmart.com.br,painel pinus,NOT_FOUND,Nao foram encontrados itens de 'painel pinus' (ou equivalentes) com dimensoes no nome neste site.,['painel pinus'],,,,,,,,,,,,,Smart Center Comercio De Materiais De Construcao Ltda,CASCAVEL,CASCAVEL,Paraná,-24.9537975,-53.45972218
556,https://www.espacosmart.com.br,painel pinus,NOT_FOUND,Nao foram encontrados itens de 'painel pinus' (ou equivalentes) com dimensoes no nome neste site.,['painel pinus'],,,,,,,,,,,,,Smart Center Comercio De Materiais De Construcao Ltda,CASCAVEL,CASCAVEL,Paraná,-24.9537975,-53.45972218
557,https://www.todimo.com.br/,painel pinus,NOT_FOUND,Nao foram encontrados itens de 'painel pinus' (ou equivalentes) com dimensoes no nome neste site.,['painel pinus'],,,,,,,,,,,,,Todimo,LONDRINA,LONDRINA,Paraná,-23.312156,-51.16277342
558,https://www.todimo.com.br/,painel pinus,NOT_FOUND,Nao foram encontrados itens de 'painel pinus' (ou equivalentes) com dimensoes no nome neste site.,['painel pinus'],,,,,,,,,,,,,Todimo,LONDRINA,LONDRINA,Paraná,-23.312156,-51.16277342
559,https://www.todimo.com.br/,painel pinus,NOT_FOUND,Nao foram encontrados itens de 'painel pinus' (ou equivalentes) com dimensoes no nome neste site.,['painel pinus'],,,,,,,,,,,,,Todimo,LONDRINA,LONDRINA,Paraná,-23.312156,-51.16277342
560,https://www.todimo.com.br/,painel pinus,NOT_FOUND,Nao foram encontrados itens de 'painel pinus' (ou equivalentes) com dimensoes no nome neste site.,['painel pinus'],,,,,,,,,,,,,Todimo,LONDRINA,LONDRINA,Paraná,-23.312156,-51.16277342
561,https://www.todimo.com.br/,painel pinus,NOT_FOUND,Nao foram encontrados itens de 'painel pinus' (ou equivalentes) com dimensoes no nome neste site.,['painel pinus'],,,,,,,,,,,,,Todimo,LONDRINA,LONDRINA,Paraná,-23.312156,-51.16277342
562,https://www.todimo.com.br/,painel pinus,NOT_FOUND,Nao foram encontrados itens de 'painel pinus' (ou equivalentes) com dimensoes no nome neste site.,['painel pinus'],,,,,,,,,,,,,Todimo,LONDRINA,LONDRINA,Paraná,-23.312156,-51.16277342
563,https://www.todimo.com.br/,painel pinus,NOT_FOUND,Nao foram encontrados itens de 'painel pinus' (ou equivalentes) com dimensoes no nome neste site.,['painel pinus'],,,,,,,,,,,,,Todimo,LONDRINA,LONDRINA,Paraná,-23.312156,-51.16277342
564,https://www.todimo.com.br/,painel pinus,NOT_FOUND,Nao foram encontrados itens de 'painel pinus' (ou equivalentes) com dimensoes no nome neste site.,['painel pinus'],,,,,,,,,,,,,Todimo,LONDRINA,LONDRINA,Paraná,-23.312156,-51.16277342
565,https://www.leomadeiras.com.br/,painel pinus,FOUND,Itens encontrados.,['painel pinus'],Painel de Pinus sem Nó 18mm x 2500x1220mm,18mm x 2500x1220mm,"R$ 329,90",https://www.leomadeiras.com.br/painel-de-pinus-sem-no-18mm-x-2500x1220mm/p,2500.0,1220.0,18.0,329.9,BRL,1.0,0.0549,6009.1074681238615,R R Leo Comercio De Madeiras Ltda,CURITIBA,CURITIBA,Paraná,-25.432956,-49.27184789
566,https://www.leomadeiras.com.br/,painel pinus,FOUND,Itens encontrados.,['painel pinus'],Painel de Pinus sem Nó 18mm x 2500x1220mm,18mm x 2500x1220mm,"R$ 329,90",https://www.leomadeiras.com.br/painel-de-pinus-sem-no-18mm-x-2500x1220mm/p,2500.0,1220.0,18.0,329.9,BRL,1.0,0.0549,6009.1074681238615,R R Leo Comercio De Madeiras Ltda,CURITIBA,CURITIBA,Paraná,-25.432956,-49.27184789
567,https://www.leomadeiras.com.br/,painel pinus,FOUND,Itens encontrados.,['painel pinus'],Painel de Pinus sem Nó 18mm x 2500x1220mm,18mm x 2500x1220mm,"R$ 329,90",https://www.leomadeiras.com.br/painel-de-pinus-sem-no-18mm-x-2500x1220mm/p,2500.0,1220.0,18.0,329.9,BRL,1.0,0.0549,6009.1074681238615,R R Leo Comercio De Madeiras Ltda,CURITIBA,CURITIBA,Paraná,-25.432956,-49.27184789
568,https://www.leomadeiras.com.br/,painel pinus,FOUND,Itens encontrados.,['painel pinus'],Painel de Pinus sem Nó 18mm x 2500x1220mm,18mm x 2500x1220mm,"R$ 329,90",https://www.leomadeiras.com.br/painel-de-pinus-sem-no-18mm-x-2500x1220mm/p,2500.0,1220.0,18.0,329.9,BRL,1.0,0.0549,6009.1074681238615,R R Leo Comercio De Madeiras Ltda,CURITIBA,CURITIBA,Paraná,-25.432956,-49.27184789
569,https://www.leomadeiras.com.br/,painel pinus,FOUND,Itens encontrados.,['painel pinus'],Painel de Pinus sem Nó 18mm x 2500x1220mm,18mm x 2500x1220mm,"R$ 329,90",https://www.leomadeiras.com.br/painel-de-pinus-sem-no-18mm-x-2500x1220mm/p,2500.0,1220.0,18.0,329.9,BRL,1.0,0.0549,6009.1074681238615,R R Leo Comercio De Madeiras Ltda,CURITIBA,CURITIBA,Paraná,-25.432956,-49.27184789
570,https://www.leomadeiras.com.br/,painel pinus,FOUND,Itens encontrados.,['painel pinus'],Painel de Pinus sem Nó 18mm x 2500x1220mm,18mm x 2500x1220mm,"R$ 329,90",https://www.leomadeiras.com.br/painel-de-pinus-sem-no-18mm-x-2500x1220mm/p,2500.0,1220.0,18.0,329.9,BRL,1.0,0.0549,6009.1074681238615,R R Leo Comercio De Madeiras Ltda,CURITIBA,CURITIBA,Paraná,-25.432956,-49.27184789
571,https://www.leomadeiras.com.br/,painel pinus,FOUND,Itens encontrados.,['painel pinus'],Painel de Pinus sem Nó 18mm x 2500x1220mm,18mm x 2500x1220mm,"R$ 329,90",https://www.leomadeiras.com.br/painel-de-pinus-sem-no-18mm-x-2500x1220mm/p,2500.0,1220.0,18.0,329.9,BRL,1.0,0.0549,6009.1074681238615,R R Leo Comercio De Madeiras Ltda,CURITIBA,CURITIBA,Paraná,-25.432956,-49.27184789
572,https://www.leomadeiras.com.br/,painel pinus,FOUND,Itens encontrados.,['painel pinus'],Painel de Pinus sem Nó 18mm x 2500x1220mm,18mm x 2500x1220mm,"R$ 329,90",https://www.leomadeiras.com.br/painel-de-pinus-sem-no-18mm-x-2500x1220mm/p,2500.0,1220.0,18.0,329.9,BRL,1.0,0.0549,6009.1074681238615,R R Leo Comercio De Madeiras Ltda,CURITIBA,CURITIBA,Paraná,-25.432956,-49.27184789
573,https://www.leomadeiras.com.br/,painel pinus,FOUND,Itens encontrados.,['painel pinus'],Painel de Pinus sem Nó 18mm x 2500x1220mm,18mm x 2500x1220mm,"R$ 329,90",https://www.leomadeiras.com.br/painel-de-pinus-sem-no-18mm-x-2500x1220mm/p,2500.0,1220.0,18.0,329.9,BRL,1.0,0.0549,6009.1074681238615,R R Leo Comercio De Madeiras Ltda,CURITIBA,CURITIBA,Paraná,-25.432956,-49.27184789
574,https://www.leomadeiras.com.br/,painel pinus,FOUND,Itens encontrados.,['painel pinus'],Painel de Pinus sem Nó 18mm x 2500x1220mm,18mm x 2500x1220mm,"R$ 329,90",https://www.leomadeiras.com.br/painel-de-pinus-sem-no-18mm-x-2500x1220mm/p,2500.0,1220.0,18.0,329.9,BRL,1.0,0.0549,6009.1074681238615,R R Leo Comercio De Madeiras Ltda,CURITIBA,CURITIBA,Paraná,-25.432956,-49.27184789
575,https://www.leomadeiras.com.br/,painel pinus,FOUND,Itens encontrados.,['painel pinus'],Painel de Pinus sem Nó 24mm x 2400x300mm Arte Pinus,24mm x 2400x300mm,"R$ 169,90",https://www.leomadeiras.com.br/painel-de-pinus-sem-no-24mm-x-2400x300mm-arte-pinus/p,2400.0,300.0,24.0,169.9,BRL,1.0,0.01728,9832.175925925927,R R Leo Comercio De Madeiras Ltda,CURITIBA,CURITIBA,Paraná,-25.432956,-49.27184789
576,https://www.leomadeiras.com.br/,painel pinus,FOUND,Itens encontrados.,['painel pinus'],Painel de Pinus sem Nó 24mm x 2400x300mm Arte Pinus,24mm x 2400x300mm,"R$ 169,90",https://www.leomadeiras.com.br/painel-de-pinus-sem-no-24mm-x-2400x300mm-arte-pinus/p,2400.0,300.0,24.0,169.9,BRL,1.0,0.01728,9832.175925925927,R R Leo Comercio De Madeiras Ltda,CURITIBA,CURITIBA,Paraná,-25.432956,-49.27184789
577,https://www.leomadeiras.com.br/,painel pinus,FOUND,Itens encontrados.,['painel pinus'],Painel de Pinus sem Nó 24mm x 2400x300mm Arte Pinus,24mm x 2400x300mm,"R$ 169,90",https://www.leomadeiras.com.br/painel-de-pinus-sem-no-24mm-x-2400x300mm-arte-pinus/p,2400.0,300.0,24.0,169.9,BRL,1.0,0.01728,9832.175925925927,R R Leo Comercio De Madeiras Ltda,CURITIBA,CURITIBA,Paraná,-25.432956,-49.27184789
578,https://www.leomadeiras.com.br/,painel pinus,FOUND,Itens encontrados.,['painel pinus'],Painel de Pinus sem Nó 24mm x 2400x300mm Arte Pinus,24mm x 2400x300mm,"R$ 169,90",https://www.leomadeiras.com.br/painel-de-pinus-sem-no-24mm-x-2400x300mm-arte-pinus/p,2400.0,300.0,24.0,169.9,BRL,1.0,0.01728,9832.175925925927,R R Leo Comercio De Madeiras Ltda,CURITIBA,CURITIBA,Paraná,-25.432956,-49.27184789
579,https://www.leomadeiras.com.br/,painel pinus,FOUND,Itens encontrados.,['painel pinus'],Painel de Pinus sem Nó 24mm x 2400x300mm Arte Pinus,24mm x 2400x300mm,"R$ 169,90",https://www.leomadeiras.com.br/painel-de-pinus-sem-no-24mm-x-2400x300mm-arte-pinus/p,2400.0,300.0,24.0,169.9,BRL,1.0,0.01728,9832.175925925927,R R Leo Comercio De Madeiras Ltda,CURITIBA,CURITIBA,Paraná,-25.432956,-49.27184789
580,https://www.leomadeiras.com.br/,painel pinus,FOUND,Itens encontrados.,['painel pinus'],Painel de Pinus sem Nó 24mm x 2400x300mm Arte Pinus,24mm x 2400x300mm,"R$ 169,90",https://www.leomadeiras.com.br/painel-de-pinus-sem-no-24mm-x-2400x300mm-arte-pinus/p,2400.0,300.0,24.0,169.9,BRL,1.0,0.01728,9832.175925925927,R R Leo Comercio De Madeiras Ltda,CURITIBA,CURITIBA,Paraná,-25.432956,-49.27184789
581,https://www.leomadeiras.com.br/,painel pinus,FOUND,Itens encontrados.,['painel pinus'],Painel de Pinus sem Nó 24mm x 2400x300mm Arte Pinus,24mm x 2400x300mm,"R$ 169,90",https://www.leomadeiras.com.br/painel-de-pinus-sem-no-24mm-x-2400x300mm-arte-pinus/p,2400.0,300.0,24.0,169.9,BRL,1.0,0.01728,9832.175925925927,R R Leo Comercio De Madeiras Ltda,CURITIBA,CURITIBA,Paraná,-25.432956,-49.27184789
582,https://www.leomadeiras.com.br/,painel pinus,FOUND,Itens encontrados.,['painel pinus'],Painel de Pinus sem Nó 24mm x 2400x300mm Arte Pinus,24mm x 2400x300mm,"R$ 169,90",https://www.leomadeiras.com.br/painel-de-pinus-sem-no-24mm-x-2400x300mm-arte-pinus/p,2400.0,300.0,24.0,169.9,BRL,1.0,0.01728,9832.175925925927,R R Leo Comercio De Madeiras Ltda,CURITIBA,CURITIBA,Paraná,-25.432956,-49.27184789
583,https://www.leomadeiras.com.br/,painel pinus,FOUND,Itens encontrados.,['painel pinus'],Painel de Pinus sem Nó 24mm x 2400x300mm Arte Pinus,24mm x 2400x300mm,"R$ 169,90",https://www.leomadeiras.com.br/painel-de-pinus-sem-no-24mm-x-2400x300mm-arte-pinus/p,2400.0,300.0,24.0,169.9,BRL,1.0,0.01728,9832.175925925927,R R Leo Comercio De Madeiras Ltda,CURITIBA,CURITIBA,Paraná,-25.432956,-49.27184789
584,https://www.leomadeiras.com.br/,painel pinus,FOUND,Itens encontrados.,['painel pinus'],Painel de Pinus sem Nó 24mm x 2400x300mm Arte Pinus,24mm x 2400x300mm,"R$ 169,90",https://www.leomadeiras.com.br/painel-de-pinus-sem-no-24mm-x-2400x300mm-arte-pinus/p,2400.0,300.0,24.0,169.9,BRL,1.0,0.01728,9832.175925925927,R R Leo Comercio De Madeiras Ltda,CURITIBA,CURITIBA,Paraná,-25.432956,-49.27184789
585,https://www.unicompen.com.br/,painel pinus,NOT_FOUND,Nao foram encontrados itens de 'painel pinus' (ou equivalentes) com dimensoes no nome neste site.,['painel pinus'],,,,,,,,,,,,,Unicompen Ltda,CASCAVEL,CASCAVEL,Ceará,-4.131433678,-38.23968594
586,https://www.unicompen.com.br/,painel pinus,NOT_FOUND,Nao foram encontrados itens de 'painel pinus' (ou equivalentes) com dimensoes no nome neste site.,['painel pinus'],,,,,,,,,,,,,Unicompen Ltda,CASCAVEL,CASCAVEL,Ceará,-4.131433678,-38.23968594
587,https://www.unicompen.com.br/,painel pinus,NOT_FOUND,Nao foram encontrados itens de 'painel pinus' (ou equivalentes) com dimensoes no nome neste site.,['painel pinus'],,,,,,,,,,,,,Unicompen Ltda,CASCAVEL,CASCAVEL,Ceará,-4.131433678,-38.23968594
588,https://www.unicompen.com.br/,painel pinus,NOT_FOUND,Nao foram encontrados itens de 'painel pinus' (ou equivalentes) com dimensoes no nome neste site.,['painel pinus'],,,,,,,,,,,,,Unicompen Ltda,CASCAVEL,CASCAVEL,Paraná,-24.9537975,-53.45972218
589,https://www.unicompen.com.br/,painel pinus,NOT_FOUND,Nao foram encontrados itens de 'painel pinus' (ou equivalentes) com dimensoes no nome neste site.,['painel pinus'],,,,,,,,,,,,,Unicompen Ltda,CASCAVEL,CASCAVEL,Paraná,-24.9537975,-53.45972218
590,https://www.unicompen.com.br/,painel pinus,NOT_FOUND,Nao foram encontrados itens de 'painel pinus' (ou equivalentes) com dimensoes no nome neste site.,['painel pinus'],,,,,,,,,,,,,Unicompen Ltda,CASCAVEL,CASCAVEL,Paraná,-24.9537975,-53.45972218
591,https://www.unicompen.com.br/,painel pinus,NOT_FOUND,Nao foram encontrados itens de 'painel pinus' (ou equivalentes) com dimensoes no nome neste site.,['painel pinus'],,,,,,,,,,,,,Unicompen Ltda,CASCAVEL,CASCAVEL,Paraná,-24.9537975,-53.45972218
592,https://www.unicompen.com.br/,painel pinus,NOT_FOUND,Nao foram encontrados itens de 'painel pinus' (ou equivalentes) com dimensoes no nome neste site.,['painel pinus'],,,,,,,,,,,,,Unicompen Ltda,CASCAVEL,CASCAVEL,Paraná,-24.9537975,-53.45972218
593,https://www.unicompen.com.br/,painel pinus,NOT_FOUND,Nao foram encontrados itens de 'painel pinus' (ou equivalentes) com dimensoes no nome neste site.,['painel pinus'],,,,,,,,,,,,,Unicompen Ltda,CASCAVEL,CASCAVEL,Paraná,-24.9537975,-53.45972218
594,https://www.unicompen.com.br/,painel pinus,NOT_FOUND,Nao foram encontrados itens de 'painel pinus' (ou equivalentes) com dimensoes no nome neste site.,['painel pinus'],,,,,,,,,,,,,Unicompen Ltda,CASCAVEL,CASCAVEL,Paraná,-24.9537975,-53.45972218
595,https://www.unicompen.com.br/,painel pinus,NOT_FOUND,Nao foram encontrados itens de 'painel pinus' (ou equivalentes) com dimensoes no nome neste site.,['painel pinus'],,,,,,,,,,,,,Unicompen Ltda,CASCAVEL,CASCAVEL,Paraná,-24.9537975,-53.45972218
596,https://www.unicompen.com.br/,painel pinus,NOT_FOUND,Nao foram encontrados itens de 'painel pinus' (ou equivalentes) com dimensoes no nome neste site.,['painel pinus'],,,,,,,,,,,,,Unicompen Ltda,CASCAVEL,CASCAVEL,Paraná,-24.9537975,-53.45972218
597,https://www.superproatacado.com.br/,painel pinus,NOT_FOUND,Nao foram encontrados itens de 'painel pinus' (ou equivalentes) com dimensoes no nome neste site.,['painel pinus'],,,,,,,,,,,,,Super Pro Atacado,CASCAVEL,CASCAVEL,Ceará,-4.131433678,-38.23968594
598,https://www.superproatacado.com.br/,painel pinus,NOT_FOUND,Nao foram encontrados itens de 'painel pinus' (ou equivalentes) com dimensoes no nome neste site.,['painel pinus'],,,,,,,,,,,,,Super Pro Atacado,CASCAVEL,CASCAVEL,Ceará,-4.131433678,-38.23968594
599,https://www.superproatacado.com.br/,painel pinus,NOT_FOUND,Nao foram encontrados itens de 'painel pinus' (ou equivalentes) com dimensoes no nome neste site.,['painel pinus'],,,,,,,,,,,,,Super Pro Atacado,CASCAVEL,CASCAVEL,Ceará,-4.131433678,-38.23968594
600,https://www.superproatacado.com.br/,painel pinus,NOT_FOUND,Nao foram encontrados itens de 'painel pinus' (ou equivalentes) com dimensoes no nome neste site.,['painel pinus'],,,,,,,,,,,,,Super Pro Atacado,CASCAVEL,CASCAVEL,Paraná,-24.9537975,-53.45972218
601,https://www.superproatacado.com.br/,painel pinus,NOT_FOUND,Nao foram encontrados itens de 'painel pinus' (ou equivalentes) com dimensoes no nome neste site.,['painel pinus'],,,,,,,,,,,,,Super Pro Atacado,CASCAVEL,CASCAVEL,Paraná,-24.9537975,-53.45972218
602,https://www.superproatacado.com.br/,painel pinus,NOT_FOUND,Nao foram encontrados itens de 'painel pinus' (ou equivalentes) com dimensoes no nome neste site.,['painel pinus'],,,,,,,,,,,,,Super Pro Atacado,CASCAVEL,CASCAVEL,Paraná,-24.9537975,-53.45972218
603,https://www.superproatacado.com.br/,painel pinus,NOT_FOUND,Nao foram encontrados itens de 'painel pinus' (ou equivalentes) com dimensoes no nome neste site.,['painel pinus'],,,,,,,,,,,,,Super Pro Atacado,CASCAVEL,CASCAVEL,Paraná,-24.9537975,-53.45972218
604,https://www.superproatacado.com.br/,painel pinus,NOT_FOUND,Nao foram encontrados itens de 'painel pinus' (ou equivalentes) com dimensoes no nome neste site.,['painel pinus'],,,,,,,,,,,,,Super Pro Atacado,CASCAVEL,CASCAVEL,Paraná,-24.9537975,-53.45972218
605,https://www.superproatacado.com.br/,painel pinus,NOT_FOUND,Nao foram encontrados itens de 'painel pinus' (ou equivalentes) com dimensoes no nome neste site.,['painel pinus'],,,,,,,,,,,,,Super Pro Atacado,CASCAVEL,CASCAVEL,Paraná,-24.9537975,-53.45972218
606,https://www.superproatacado.com.br/,painel pinus,NOT_FOUND,Nao foram encontrados itens de 'painel pinus' (ou equivalentes) com dimensoes no nome neste site.,['painel pinus'],,,,,,,,,,,,,Super Pro Atacado,CASCAVEL,CASCAVEL,Paraná,-24.9537975,-53.45972218
607,https://www.superproatacado.com.br/,painel pinus,NOT_FOUND,Nao foram encontrados itens de 'painel pinus' (ou equivalentes) com dimensoes no nome neste site.,['painel pinus'],,,,,,,,,,,,,Super Pro Atacado,CASCAVEL,CASCAVEL,Paraná,-24.9537975,-53.45972218
608,https://www.superproatacado.com.br/,painel pinus,NOT_FOUND,Nao foram encontrados itens de 'painel pinus' (ou equivalentes) com dimensoes no nome neste site.,['painel pinus'],,,,,,,,,,,,,Super Pro Atacado,CASCAVEL,CASCAVEL,Paraná,-24.9537975,-53.45972218
