,website_url,query,status,message_pt,attempts,name,dimensions_raw,price_raw,url,length_mm,width_mm,thickness_mm,price_value,currency,quantity,volume_m3,price_per_m3,nm_empresa,cidade,nm_mun,nm_uf,nu_latitude,nu_longitude
0,https://www.agrocontinental.com.br/,painel pinus,NOT_FOUND,Nao foram encontrados itens de 'painel pinus' (ou equivalentes) com dimensoes no nome neste site.,['painel pinus'],,,,,,,,,,,,,Agro Pecuaria Continental S A,PORTO ALEGRE,PORTO ALEGRE,Rio Grande do Sul,-30.03003677,-51.22866046
1,https://www.agrocontinental.com.br/,painel pinus,NOT_FOUND,Nao foram encontrados itens de 'painel pinus' (ou equivalentes) com dimensoes no nome neste site.,['painel pinus'],,,,,,,,,,,,,Agro Pecuaria Continental S A,PORTO ALEGRE,PORTO ALEGRE,Rio Grande do Sul,-30.03003677,-51.22866046
2,https://www.agrocontinental.com.br/,painel pinus,NOT_FOUND,Nao foram encontrados itens de 'painel pinus' (ou equivalentes) com dimensoes no nome neste site.,['painel pinus'],,,,,,,,,,,,,Agro Pecuaria Continental S A,PORTO ALEGRE,PORTO ALEGRE,Rio Grande do Sul,-30.03003677,-51.22866046
3,https://www.agrocontinental.com.br/,painel pinus,NOT_FOUND,Nao foram encontrados itens de 'painel pinus' (ou equivalentes) com dimensoes no nome neste site.,['painel pinus'],,,,,,,,,,,,,Agro Pecuaria Continental S A,PORTO ALEGRE,PORTO ALEGRE,Rio Grande do Sul,-30.03003677,-51.22866046
4,https://www.agrocontinental.com.br/,painel pinus,NOT_FOUND,Nao foram encontrados itens de 'painel pinus' (ou equivalentes) com dimensoes no nome neste site.,['painel pinus'],,,,,,,,,,,,,Agro Pecuaria Continental S A,PORTO ALEGRE,PORTO ALEGRE,Rio Grande do Sul,-30.03003677,-51.22866046
5,https://www.agrocontinental.com.br/,painel pinus,NOT_FOUND,Nao foram encontrados itens de 'painel pinus' (ou equivalentes) com dimensoes no nome neste site.,['painel pinus'],,,,,,,,,,,,,Agro Pecuaria Continental S A,PORTO ALEGRE,PORTO ALEGRE,Rio Grande do Sul,-30.03003677,-51.22866046
6,https://www.agrocontinental.com.br/,painel pinus,NOT_FOUND,Nao foram encontrados itens de 'painel pinus' (ou equivalentes) com dimensoes no nome neste site.,['painel pinus'],,,,,,,,,,,,,Agro Pecuaria Continental S A,PORTO ALEGRE,PORTO ALEGRE,Rio Grande do Sul,-30.03003677,-51.22866046
7,https://www.agrocontinental.com.br/,painel pinus,NOT_FOUND,Nao foram encontrados itens de 'painel pinus' (ou equivalentes) com dimensoes no nome neste site.,['painel pinus'],,,,,,,,,,,,,Agro Pecuaria Continental S A,PORTO ALEGRE,PORTO ALEGRE,Rio Grande do Sul,-30.03003677,-51.22866046
8,https://www.agrocontinental.com.br/,painel pinus,NOT_FOUND,Nao foram encontrados itens de 'painel pinus' (ou equivalentes) com dimensoes no nome neste site.,['painel pinus'],,,,,,,,,,,,,Agro Pecuaria Continental S A,PORTO ALEGRE,PORTO ALEGRE,Rio Grande do Sul,-30.03003677,-51.22866046
9,https://www.barcelona.com.br,painel pinus,NOT_FOUND,Nao foram encontrados itens de 'painel pinus' (ou equivalentes) com dimensoes no nome neste site.,['painel pinus'],,,,,,,,,,,,,Barcelona Moveis,CAXIAS DO SUL,CAXIAS DO SUL,Rio Grande do Sul,-29.16689901,-51.17886021
10,https://www.barcelona.com.br,painel pinus,NOT_FOUND,Nao foram encontrados itens de 'painel pinus' (ou equivalentes) com dimensoes no nome neste site.,['painel pinus'],,,,,,,,,,,,,Barcelona Moveis,CAXIAS DO SUL,CAXIAS DO SUL,Rio Grande do Sul,-29.16689901,-51.17886021
11,https://www.barcelona.com.br,painel pinus,NOT_FOUND,Nao foram encontrados itens de 'painel pinus' (ou equivalentes) com dimensoes no nome neste site.,['painel pinus'],,,,,,,,,,,,,Barcelona Moveis,CAXIAS DO SUL,CAXIAS DO SUL,Rio Grande do Sul,-29.16689901,-51.17886021
12,https://www.barcelona.com.br,painel pinus,NOT_FOUND,Nao foram encontrados itens de 'painel pinus' (ou equivalentes) com dimensoes no nome neste site.,['painel pinus'],,,,,,,,,,,,,Barcelona Moveis,CAXIAS DO SUL,CAXIAS DO SUL,Rio Grande do Sul,-29.16689901,-51.17886021
13,https://www.barcelona.com.br,painel pinus,NOT_FOUND,Nao foram encontrados itens de 'painel pinus' (ou equivalentes) com dimensoes no nome neste site.,['painel pinus'],,,,,,,,,,,,,Barcelona Moveis,CAXIAS DO SUL,CAXIAS DO SUL,Rio Grande do Sul,-29.16689901,-51.17886021
14,https://www.barcelona.com.br,painel pinus,NOT_FOUND,Nao foram encontrados itens de 'painel pinus' (ou equivalentes) com dimensoes no nome neste site.,['painel pinus'],,,,,,,,,,,,,Barcelona Moveis,CAXIAS DO SUL,CAXIAS DO SUL,Rio Grande do Sul,-29.16689901,-51.17886021
15,https://www.barcelona.com.br,painel pinus,NOT_FOUND,Nao foram encontrados itens de 'painel pinus' (ou equivalentes) com dimensoes no nome neste site.,['painel pinus'],,,,,,,,,,,,,Barcelona Moveis,CAXIAS DO SUL,CAXIAS DO SUL,Rio Grande do Sul,-29.16689901,-51.17886021
16,https://www.barcelona.com.br,painel pinus,NOT_FOUND,Nao foram encontrados itens de 'painel pinus' (ou equivalentes) com dimensoes no nome neste site.,['painel pinus'],,,,,,,,,,,,,Barcelona Moveis,CAXIAS DO SUL,CAXIAS DO SUL,Rio Grande do Sul,-29.16689901,-51.17886021
17,https://www.asmmateriaisdeconstrucao.com.br/,painel pinus,NOT_FOUND,Nao foram encontrados itens de 'painel pinus' (ou equivalentes) com dimensoes no nome neste site.,['painel pinus'],,,,,,,,,,,,,Asm Materiais De Construcao Ltda,BAGE,BAGE,Rio Grande do Sul,-31.33050184,-54.10708329
18,https://www.asmmateriaisdeconstrucao.com.br/,painel pinus,NOT_FOUND,Nao foram encontrados itens de 'painel pinus' (ou equivalentes) com dimensoes no nome neste site.,['painel pinus'],,,,,,,,,,,,,Asm Materiais De Construcao Ltda,BAGE,BAGE,Rio Grande do Sul,-31.33050184,-54.10708329
19,https://www.asmmateriaisdeconstrucao.com.br/,painel pinus,NOT_FOUND,Nao foram encontrados itens de 'painel pinus' (ou equivalentes) com dimensoes no nome neste site.,['painel pinus'],,,,,,,,,,,,,Asm Materiais De Construcao Ltda,BAGE,BAGE,Rio Grande do Sul,-31.33050184,-54.10708329
20,https://www.adamsredemac.com.br/,painel pinus,NOT_FOUND,Nao foram encontrados itens de 'painel pinus' (ou equivalentes) com dimensoes no nome neste site.,['painel pinus'],,,,,,,,,,,,,Adams Materiais De Construcao Ltda,VENANCIO AIRES,VENANCIO AIRES,Rio Grande do Sul,-29.61165289,-52.19188024
21,https://www.adamsredemac.com.br/,painel pinus,NOT_FOUND,Nao foram encontrados itens de 'painel pinus' (ou equivalentes) com dimensoes no nome neste site.,['painel pinus'],,,,,,,,,,,,,Adams Materiais De Construcao Ltda,VENANCIO AIRES,VENANCIO AIRES,Rio Grande do Sul,-29.61165289,-52.19188024
22,https://www.adamsredemac.com.br/,painel pinus,NOT_FOUND,Nao foram encontrados itens de 'painel pinus' (ou equivalentes) com dimensoes no nome neste site.,['painel pinus'],,,,,,,,,,,,,Adams Materiais De Construcao Ltda,VENANCIO AIRES,VENANCIO AIRES,Rio Grande do Sul,-29.61165289,-52.19188024
23,https://www.adamsredemac.com.br/,painel pinus,NOT_FOUND,Nao foram encontrados itens de 'painel pinus' (ou equivalentes) com dimensoes no nome neste site.,['painel pinus'],,,,,,,,,,,,,Adams Materiais De Construcao Ltda,VENANCIO AIRES,VENANCIO AIRES,Rio Grande do Sul,-29.61165289,-52.19188024
24,https://www.adamsredemac.com.br/,painel pinus,NOT_FOUND,Nao foram encontrados itens de 'painel pinus' (ou equivalentes) com dimensoes no nome neste site.,['painel pinus'],,,,,,,,,,,,,Adams Materiais De Construcao Ltda,VENANCIO AIRES,VENANCIO AIRES,Rio Grande do Sul,-29.61165289,-52.19188024
25,https://www.adamsredemac.com.br/,painel pinus,NOT_FOUND,Nao foram encontrados itens de 'painel pinus' (ou equivalentes) com dimensoes no nome neste site.,['painel pinus'],,,,,,,,,,,,,Adams Materiais De Construcao Ltda,VENANCIO AIRES,VENANCIO AIRES,Rio Grande do Sul,-29.61165289,-52.19188024
26,https://nabcdtem.com.br/,painel pinus,NOT_FOUND,Nao foram encontrados itens de 'painel pinus' (ou equivalentes) com dimensoes no nome neste site.,['painel pinus'],,,,,,,,,,,,,Bcd Casa E Construcao,ROSARIO DO SUL,ROSARIO DO SUL,Rio Grande do Sul,-30.24403324,-54.94576086
27,https://nabcdtem.com.br/,painel pinus,NOT_FOUND,Nao foram encontrados itens de 'painel pinus' (ou equivalentes) com dimensoes no nome neste site.,['painel pinus'],,,,,,,,,,,,,Bcd Casa E Construcao,ROSARIO DO SUL,ROSARIO DO SUL,Rio Grande do Sul,-30.24403324,-54.94576086
28,https://nabcdtem.com.br/,painel pinus,NOT_FOUND,Nao foram encontrados itens de 'painel pinus' (ou equivalentes) com dimensoes no nome neste site.,['painel pinus'],,,,,,,,,,,,,Bcd Casa E Construcao,ROSARIO DO SUL,ROSARIO DO SUL,Rio Grande do Sul,-30.24403324,-54.94576086
29,https://nabcdtem.com.br/,painel pinus,NOT_FOUND,Nao foram encontrados itens de 'painel pinus' (ou equivalentes) com dimensoes no nome neste site.,['painel pinus'],,,,,,,,,,,,,Bcd Casa E Construcao,ROSARIO DO SUL,ROSARIO DO SUL,Rio Grande do Sul,-30.24403324,-54.94576086
30,https://belizzemoveis.com.br,painel pinus,NOT_FOUND,Nao foram encontrados itens de 'painel pinus' (ou equivalentes) com dimensoes no nome neste site.,['painel pinus'],,,,,,,,,,,,,Belizze Industria De Moveis Ltda,LAGOA VERMELHA,LAGOA VERMELHA,Rio Grande do Sul,-28.20887025,-51.52722853
31,https://belizzemoveis.com.br,painel pinus,NOT_FOUND,Nao foram encontrados itens de 'painel pinus' (ou equivalentes) com dimensoes no nome neste site.,['painel pinus'],,,,,,,,,,,,,Belizze Industria De Moveis Ltda,LAGOA VERMELHA,LAGOA VERMELHA,Rio Grande do Sul,-28.20887025,-51.52722853
32,https://belizzemoveis.com.br,painel pinus,NOT_FOUND,Nao foram encontrados itens de 'painel pinus' (ou equivalentes) com dimensoes no nome neste site.,['painel pinus'],,,,,,,,,,,,,Belizze Industria De Moveis Ltda,LAGOA VERMELHA,LAGOA VERMELHA,Rio Grande do Sul,-28.20887025,-51.52722853
33,https://belizzemoveis.com.br,painel pinus,NOT_FOUND,Nao foram encontrados itens de 'painel pinus' (ou equivalentes) com dimensoes no nome neste site.,['painel pinus'],,,,,,,,,,,,,Belizze Industria De Moveis Ltda,LAGOA VERMELHA,LAGOA VERMELHA,Rio Grande do Sul,-28.20887025,-51.52722853
34,https://belizzemoveis.com.br,painel pinus,NOT_FOUND,Nao foram encontrados itens de 'painel pinus' (ou equivalentes) com dimensoes no nome neste site.,['painel pinus'],,,,,,,,,,,,,Belizze Industria De Moveis Ltda,LAGOA VERMELHA,LAGOA VERMELHA,Rio Grande do Sul,-28.20887025,-51.52722853
35,https://brv.com.br/,painel pinus,NOT_FOUND,Nao foram encontrados itens de 'painel pinus' (ou equivalentes) com dimensoes no nome neste site.,['painel pinus'],,,,,,,,,,,,,Brv - Moveis Ltda.,BENTO GONCALVES,BENTO GONCALVES,Rio Grande do Sul,-29.16740193,-51.51556031
36,https://brv.com.br/,painel pinus,NOT_FOUND,Nao foram encontrados itens de 'painel pinus' (ou equivalentes) com dimensoes no nome neste site.,['painel pinus'],,,,,,,,,,,,,Brv - Moveis Ltda.,BENTO GONCALVES,BENTO GONCALVES,Rio Grande do Sul,-29.16740193,-51.51556031
37,https://brv.com.br/,painel pinus,NOT_FOUND,Nao foram encontrados itens de 'painel pinus' (ou equivalentes) com dimensoes no nome neste site.,['painel pinus'],,,,,,,,,,,,,Brv - Moveis Ltda.,BENTO GONCALVES,BENTO GONCALVES,Rio Grande do Sul,-29.16740193,-51.51556031
38,https://brv.com.br/,painel pinus,NOT_FOUND,Nao foram encontrados itens de 'painel pinus' (ou equivalentes) com dimensoes no nome neste site.,['painel pinus'],,,,,,,,,,,,,Brv - Moveis Ltda.,BENTO GONCALVES,BENTO GONCALVES,Rio Grande do Sul,-29.16740193,-51.51556031
39,https://brv.com.br/,painel pinus,NOT_FOUND,Nao foram encontrados itens de 'painel pinus' (ou equivalentes) com dimensoes no nome neste site.,['painel pinus'],,,,,,,,,,,,,Brv - Moveis Ltda.,BENTO GONCALVES,BENTO GONCALVES,Rio Grande do Sul,-29.16740193,-51.51556031
40,https://brv.com.br/,painel pinus,NOT_FOUND,Nao foram encontrados itens de 'painel pinus' (ou equivalentes) com dimensoes no nome neste site.,['painel pinus'],,,,,,,,,,,,,Brv - Moveis Ltda.,BENTO GONCALVES,BENTO GONCALVES,Rio Grande do Sul,-29.16740193,-51.51556031
41,https://brv.com.br/,painel pinus,NOT_FOUND,Nao foram encontrados itens de 'painel pinus' (ou equivalentes) com dimensoes no nome neste site.,['painel pinus'],,,,,,,,,,,,,Brv - Moveis Ltda.,BENTO GONCALVES,BENTO GONCALVES,Rio Grande do Sul,-29.16740193,-51.51556031
42,https://www.atacadosaojorge.com.br/,painel pinus,NOT_FOUND,Nao foram encontrados itens de 'painel pinus' (ou equivalentes) com dimensoes no nome neste site.,['painel pinus'],,,,,,,,,,,,,Madeireira Sao Jorge,PORTAO,PORTAO,Rio Grande do Sul,-29.6962586,-51.23014964
43,https://www.atacadosaojorge.com.br/,painel pinus,NOT_FOUND,Nao foram encontrados itens de 'painel pinus' (ou equivalentes) com dimensoes no nome neste site.,['painel pinus'],,,,,,,,,,,,,Madeireira Sao Jorge,PORTAO,PORTAO,Rio Grande do Sul,-29.6962586,-51.23014964
44,https://www.atacadosaojorge.com.br/,painel pinus,NOT_FOUND,Nao foram encontrados itens de 'painel pinus' (ou equivalentes) com dimensoes no nome neste site.,['painel pinus'],,,,,,,,,,,,,Madeireira Sao Jorge,PORTAO,PORTAO,Rio Grande do Sul,-29.6962586,-51.23014964
45,https://www.atacadosaojorge.com.br/,painel pinus,NOT_FOUND,Nao foram encontrados itens de 'painel pinus' (ou equivalentes) com dimensoes no nome neste site.,['painel pinus'],,,,,,,,,,,,,Madeireira Sao Jorge,PORTAO,PORTAO,Rio Grande do Sul,-29.6962586,-51.23014964
46,https://www.calviredemac.com.br/,painel pinus,NOT_FOUND,Nao foram encontrados itens de 'painel pinus' (ou equivalentes) com dimensoes no nome neste site.,['painel pinus'],,,,,,,,,,,,,Calvi,VIAMAO,VIAMAO,Rio Grande do Sul,-30.08189684,-51.02482049
47,https://www.calviredemac.com.br/,painel pinus,NOT_FOUND,Nao foram encontrados itens de 'painel pinus' (ou equivalentes) com dimensoes no nome neste site.,['painel pinus'],,,,,,,,,,,,,Calvi,VIAMAO,VIAMAO,Rio Grande do Sul,-30.08189684,-51.02482049
48,https://www.calviredemac.com.br/,painel pinus,NOT_FOUND,Nao foram encontrados itens de 'painel pinus' (ou equivalentes) com dimensoes no nome neste site.,['painel pinus'],,,,,,,,,,,,,Calvi,VIAMAO,VIAMAO,Rio Grande do Sul,-30.08189684,-51.02482049
49,https://www.calviredemac.com.br/,painel pinus,NOT_FOUND,Nao foram encontrados itens de 'painel pinus' (ou equivalentes) com dimensoes no nome neste site.,['painel pinus'],,,,,,,,,,,,,Calvi,VIAMAO,VIAMAO,Rio Grande do Sul,-30.08189684,-51.02482049
50,https://www.calviredemac.com.br/,painel pinus,NOT_FOUND,Nao foram encontrados itens de 'painel pinus' (ou equivalentes) com dimensoes no nome neste site.,['painel pinus'],,,,,,,,,,,,,Calvi,VIAMAO,VIAMAO,Rio Grande do Sul,-30.08189684,-51.02482049
51,https://www.calviredemac.com.br/,painel pinus,NOT_FOUND,Nao foram encontrados itens de 'painel pinus' (ou equivalentes) com dimensoes no nome neste site.,['painel pinus'],,,,,,,,,,,,,Calvi,VIAMAO,VIAMAO,Rio Grande do Sul,-30.08189684,-51.02482049
52,https://www.caculacentermat.com.br/,painel pinus,NOT_FOUND,Nao foram encontrados itens de 'painel pinus' (ou equivalentes) com dimensoes no nome neste site.,['painel pinus'],,,,,,,,,,,,,Cacula Materiais Para Construcoes Ltda,PORTO ALEGRE,PORTO ALEGRE,Rio Grande do Sul,-30.03003677,-51.22866046
53,https://www.caculacentermat.com.br/,painel pinus,NOT_FOUND,Nao foram encontrados itens de 'painel pinus' (ou equivalentes) com dimensoes no nome neste site.,['painel pinus'],,,,,,,,,,,,,Cacula Materiais Para Construcoes Ltda,PORTO ALEGRE,PORTO ALEGRE,Rio Grande do Sul,-30.03003677,-51.22866046
54,https://www.caculacentermat.com.br/,painel pinus,NOT_FOUND,Nao foram encontrados itens de 'painel pinus' (ou equivalentes) com dimensoes no nome neste site.,['painel pinus'],,,,,,,,,,,,,Cacula Materiais Para Construcoes Ltda,PORTO ALEGRE,PORTO ALEGRE,Rio Grande do Sul,-30.03003677,-51.22866046
55,https://www.caculacentermat.com.br/,painel pinus,NOT_FOUND,Nao foram encontrados itens de 'painel pinus' (ou equivalentes) com dimensoes no nome neste site.,['painel pinus'],,,,,,,,,,,,,Cacula Materiais Para Construcoes Ltda,PORTO ALEGRE,PORTO ALEGRE,Rio Grande do Sul,-30.03003677,-51.22866046
56,https://www.caculacentermat.com.br/,painel pinus,NOT_FOUND,Nao foram encontrados itens de 'painel pinus' (ou equivalentes) com dimensoes no nome neste site.,['painel pinus'],,,,,,,,,,,,,Cacula Materiais Para Construcoes Ltda,PORTO ALEGRE,PORTO ALEGRE,Rio Grande do Sul,-30.03003677,-51.22866046
57,https://www.caculacentermat.com.br/,painel pinus,NOT_FOUND,Nao foram encontrados itens de 'painel pinus' (ou equivalentes) com dimensoes no nome neste site.,['painel pinus'],,,,,,,,,,,,,Cacula Materiais Para Construcoes Ltda,PORTO ALEGRE,PORTO ALEGRE,Rio Grande do Sul,-30.03003677,-51.22866046
58,https://www.caculacentermat.com.br/,painel pinus,NOT_FOUND,Nao foram encontrados itens de 'painel pinus' (ou equivalentes) com dimensoes no nome neste site.,['painel pinus'],,,,,,,,,,,,,Cacula Materiais Para Construcoes Ltda,PORTO ALEGRE,PORTO ALEGRE,Rio Grande do Sul,-30.03003677,-51.22866046
59,https://www.caculacentermat.com.br/,painel pinus,NOT_FOUND,Nao foram encontrados itens de 'painel pinus' (ou equivalentes) com dimensoes no nome neste site.,['painel pinus'],,,,,,,,,,,,,Cacula Materiais Para Construcoes Ltda,PORTO ALEGRE,PORTO ALEGRE,Rio Grande do Sul,-30.03003677,-51.22866046
60,https://www.caculacentermat.com.br/,painel pinus,NOT_FOUND,Nao foram encontrados itens de 'painel pinus' (ou equivalentes) com dimensoes no nome neste site.,['painel pinus'],,,,,,,,,,,,,Cacula Materiais Para Construcoes Ltda,PORTO ALEGRE,PORTO ALEGRE,Rio Grande do Sul,-30.03003677,-51.22866046
61,https://www.briancini.com.br/,painel pinus,NOT_FOUND,Nao foram encontrados itens de 'painel pinus' (ou equivalentes) com dimensoes no nome neste site.,['painel pinus'],,,,,,,,,,,,,"Briancini, Briancini & Cia Ltda",PASSO FUNDO,PASSO FUNDO,Rio Grande do Sul,-28.26176713,-52.40709509
62,https://www.briancini.com.br/,painel pinus,NOT_FOUND,Nao foram encontrados itens de 'painel pinus' (ou equivalentes) com dimensoes no nome neste site.,['painel pinus'],,,,,,,,,,,,,"Briancini, Briancini & Cia Ltda",PASSO FUNDO,PASSO FUNDO,Rio Grande do Sul,-28.26176713,-52.40709509
63,https://www.briancini.com.br/,painel pinus,NOT_FOUND,Nao foram encontrados itens de 'painel pinus' (ou equivalentes) com dimensoes no nome neste site.,['painel pinus'],,,,,,,,,,,,,"Briancini, Briancini & Cia Ltda",PASSO FUNDO,PASSO FUNDO,Rio Grande do Sul,-28.26176713,-52.40709509
64,https://www.briancini.com.br/,painel pinus,NOT_FOUND,Nao foram encontrados itens de 'painel pinus' (ou equivalentes) com dimensoes no nome neste site.,['painel pinus'],,,,,,,,,,,,,"Briancini, Briancini & Cia Ltda",PASSO FUNDO,PASSO FUNDO,Rio Grande do Sul,-28.26176713,-52.40709509
65,https://www.briancini.com.br/,painel pinus,NOT_FOUND,Nao foram encontrados itens de 'painel pinus' (ou equivalentes) com dimensoes no nome neste site.,['painel pinus'],,,,,,,,,,,,,"Briancini, Briancini & Cia Ltda",PASSO FUNDO,PASSO FUNDO,Rio Grande do Sul,-28.26176713,-52.40709509
66,https://www.briancini.com.br/,painel pinus,NOT_FOUND,Nao foram encontrados itens de 'painel pinus' (ou equivalentes) com dimensoes no nome neste site.,['painel pinus'],,,,,,,,,,,,,"Briancini, Briancini & Cia Ltda",PASSO FUNDO,PASSO FUNDO,Rio Grande do Sul,-28.26176713,-52.40709509
67,https://www.briancini.com.br/,painel pinus,NOT_FOUND,Nao foram encontrados itens de 'painel pinus' (ou equivalentes) com dimensoes no nome neste site.,['painel pinus'],,,,,,,,,,,,,"Briancini, Briancini & Cia Ltda",PASSO FUNDO,PASSO FUNDO,Rio Grande do Sul,-28.26176713,-52.40709509
68,https://www.bigolinmateriais.com.br/,painel pinus,NOT_FOUND,Nao foram encontrados itens de 'painel pinus' (ou equivalentes) com dimensoes no nome neste site.,['painel pinus'],,,,,,,,,,,,,Bigolin Materiais Constru,ERECHIM,ERECHIM,Rio Grande do Sul,-27.63340581,-52.2758769
69,https://www.bigolinmateriais.com.br/,painel pinus,NOT_FOUND,Nao foram encontrados itens de 'painel pinus' (ou equivalentes) com dimensoes no nome neste site.,['painel pinus'],,,,,,,,,,,,,Bigolin Materiais Constru,ERECHIM,ERECHIM,Rio Grande do Sul,-27.63340581,-52.2758769
70,https://www.bigolinmateriais.com.br/,painel pinus,NOT_FOUND,Nao foram encontrados itens de 'painel pinus' (ou equivalentes) com dimensoes no nome neste site.,['painel pinus'],,,,,,,,,,,,,Bigolin Materiais Constru,ERECHIM,ERECHIM,Rio Grande do Sul,-27.63340581,-52.2758769
71,https://www.bigolinmateriais.com.br/,painel pinus,NOT_FOUND,Nao foram encontrados itens de 'painel pinus' (ou equivalentes) com dimensoes no nome neste site.,['painel pinus'],,,,,,,,,,,,,Bigolin Materiais Constru,ERECHIM,ERECHIM,Rio Grande do Sul,-27.63340581,-52.2758769
72,https://www.bigolinmateriais.com.br/,painel pinus,NOT_FOUND,Nao foram encontrados itens de 'painel pinus' (ou equivalentes) com dimensoes no nome neste site.,['painel pinus'],,,,,,,,,,,,,Bigolin Materiais Constru,ERECHIM,ERECHIM,Rio Grande do Sul,-27.63340581,-52.2758769
73,https://www.bigolinmateriais.com.br/,painel pinus,NOT_FOUND,Nao foram encontrados itens de 'painel pinus' (ou equivalentes) com dimensoes no nome neste site.,['painel pinus'],,,,,,,,,,,,,Bigolin Materiais Constru,ERECHIM,ERECHIM,Rio Grande do Sul,-27.63340581,-52.2758769
74,https://www.bigolinmateriais.com.br/,painel pinus,NOT_FOUND,Nao foram encontrados itens de 'painel pinus' (ou equivalentes) com dimensoes no nome neste site.,['painel pinus'],,,,,,,,,,,,,Bigolin Materiais Constru,ERECHIM,ERECHIM,Rio Grande do Sul,-27.63340581,-52.2758769
75,https://www.casaserra.com.br/,painel pinus,NOT_FOUND,Nao foram encontrados itens de 'painel pinus' (ou equivalentes) com dimensoes no nome neste site.,['painel pinus'],,,,,,,,,,,,,Casa Serra Comercio De Materiais Para Construcao Ltda.,GRAMADO,GRAMADO,Rio Grande do Sul,-29.37973752,-50.8719457
76,https://www.casaserra.com.br/,painel pinus,NOT_FOUND,Nao foram encontrados itens de 'painel pinus' (ou equivalentes) com dimensoes no nome neste site.,['painel pinus'],,,,,,,,,,,,,Casa Serra Comercio De Materiais Para Construcao Ltda.,GRAMADO,GRAMADO,Rio Grande do Sul,-29.37973752,-50.8719457
77,https://www.casaserra.com.br/,painel pinus,NOT_FOUND,Nao foram encontrados itens de 'painel pinus' (ou equivalentes) com dimensoes no nome neste site.,['painel pinus'],,,,,,,,,,,,,Casa Serra Comercio De Materiais Para Construcao Ltda.,GRAMADO,GRAMADO,Rio Grande do Sul,-29.37973752,-50.8719457
78,https://www.casaserra.com.br/,painel pinus,NOT_FOUND,Nao foram encontrados itens de 'painel pinus' (ou equivalentes) com dimensoes no nome neste site.,['painel pinus'],,,,,,,,,,,,,Casa Serra Comercio De Materiais Para Construcao Ltda.,GRAMADO,GRAMADO,Rio Grande do Sul,-29.37973752,-50.8719457
79,https://www.casaserra.com.br/,painel pinus,NOT_FOUND,Nao foram encontrados itens de 'painel pinus' (ou equivalentes) com dimensoes no nome neste site.,['painel pinus'],,,,,,,,,,,,,Casa Serra Comercio De Materiais Para Construcao Ltda.,GRAMADO,GRAMADO,Rio Grande do Sul,-29.37973752,-50.8719457
80,https://www.casaserra.com.br/,painel pinus,NOT_FOUND,Nao foram encontrados itens de 'painel pinus' (ou equivalentes) com dimensoes no nome neste site.,['painel pinus'],,,,,,,,,,,,,Casa Serra Comercio De Materiais Para Construcao Ltda.,GRAMADO,GRAMADO,Rio Grande do Sul,-29.37973752,-50.8719457
81,https://moveiscasamia.com.br/,painel pinus,NOT_FOUND,Nao foram encontrados itens de 'painel pinus' (ou equivalentes) com dimensoes no nome neste site.,['painel pinus'],,,,,,,,,,,,,Casamia,BENTO GONCALVES,BENTO GONCALVES,Rio Grande do Sul,-29.16740193,-51.51556031
82,https://moveiscasamia.com.br/,painel pinus,NOT_FOUND,Nao foram encontrados itens de 'painel pinus' (ou equivalentes) com dimensoes no nome neste site.,['painel pinus'],,,,,,,,,,,,,Casamia,BENTO GONCALVES,BENTO GONCALVES,Rio Grande do Sul,-29.16740193,-51.51556031
83,https://moveiscasamia.com.br/,painel pinus,NOT_FOUND,Nao foram encontrados itens de 'painel pinus' (ou equivalentes) com dimensoes no nome neste site.,['painel pinus'],,,,,,,,,,,,,Casamia,BENTO GONCALVES,BENTO GONCALVES,Rio Grande do Sul,-29.16740193,-51.51556031
84,https://moveiscasamia.com.br/,painel pinus,NOT_FOUND,Nao foram encontrados itens de 'painel pinus' (ou equivalentes) com dimensoes no nome neste site.,['painel pinus'],,,,,,,,,,,,,Casamia,BENTO GONCALVES,BENTO GONCALVES,Rio Grande do Sul,-29.16740193,-51.51556031
85,https://moveiscasamia.com.br/,painel pinus,NOT_FOUND,Nao foram encontrados itens de 'painel pinus' (ou equivalentes) com dimensoes no nome neste site.,['painel pinus'],,,,,,,,,,,,,Casamia,BENTO GONCALVES,BENTO GONCALVES,Rio Grande do Sul,-29.16740193,-51.51556031
86,https://moveiscasamia.com.br/,painel pinus,NOT_FOUND,Nao foram encontrados itens de 'painel pinus' (ou equivalentes) com dimensoes no nome neste site.,['painel pinus'],,,,,,,,,,,,,Casamia,BENTO GONCALVES,BENTO GONCALVES,Rio Grande do Sul,-29.16740193,-51.51556031
87,https://moveiscasamia.com.br/,painel pinus,NOT_FOUND,Nao foram encontrados itens de 'painel pinus' (ou equivalentes) com dimensoes no nome neste site.,['painel pinus'],,,,,,,,,,,,,Casamia,BENTO GONCALVES,BENTO GONCALVES,Rio Grande do Sul,-29.16740193,-51.51556031
88,https://www.construmar.com.br/,painel pinus,NOT_FOUND,Nao foram encontrados itens de 'painel pinus' (ou equivalentes) com dimensoes no nome neste site.,['painel pinus'],,,,,,,,,,,,,Consttrumar,TRAMANDAI,TRAMANDAI,Rio Grande do Sul,-29.98730195,-50.1303765
89,https://www.construmar.com.br/,painel pinus,NOT_FOUND,Nao foram encontrados itens de 'painel pinus' (ou equivalentes) com dimensoes no nome neste site.,['painel pinus'],,,,,,,,,,,,,Consttrumar,TRAMANDAI,TRAMANDAI,Rio Grande do Sul,-29.98730195,-50.1303765
90,https://www.construmar.com.br/,painel pinus,NOT_FOUND,Nao foram encontrados itens de 'painel pinus' (ou equivalentes) com dimensoes no nome neste site.,['painel pinus'],,,,,,,,,,,,,Consttrumar,TRAMANDAI,TRAMANDAI,Rio Grande do Sul,-29.98730195,-50.1303765
91,https://www.cemear.com.br/,painel pinus,NOT_FOUND,Nao foram encontrados itens de 'painel pinus' (ou equivalentes) com dimensoes no nome neste site.,['painel pinus'],,,,,,,,,,,,,Cemear Comercio E Representacao Ltda,PORTO ALEGRE,PORTO ALEGRE,Rio Grande do Sul,-30.03003677,-51.22866046
92,https://www.cemear.com.br/,painel pinus,NOT_FOUND,Nao foram encontrados itens de 'painel pinus' (ou equivalentes) com dimensoes no nome neste site.,['painel pinus'],,,,,,,,,,,,,Cemear Comercio E Representacao Ltda,PORTO ALEGRE,PORTO ALEGRE,Rio Grande do Sul,-30.03003677,-51.22866046
93,https://www.cemear.com.br/,painel pinus,NOT_FOUND,Nao foram encontrados itens de 'painel pinus' (ou equivalentes) com dimensoes no nome neste site.,['painel pinus'],,,,,,,,,,,,,Cemear Comercio E Representacao Ltda,PORTO ALEGRE,PORTO ALEGRE,Rio Grande do Sul,-30.03003677,-51.22866046
94,https://www.cemear.com.br/,painel pinus,NOT_FOUND,Nao foram encontrados itens de 'painel pinus' (ou equivalentes) com dimensoes no nome neste site.,['painel pinus'],,,,,,,,,,,,,Cemear Comercio E Representacao Ltda,PORTO ALEGRE,PORTO ALEGRE,Rio Grande do Sul,-30.03003677,-51.22866046
95,https://www.cemear.com.br/,painel pinus,NOT_FOUND,Nao foram encontrados itens de 'painel pinus' (ou equivalentes) com dimensoes no nome neste site.,['painel pinus'],,,,,,,,,,,,,Cemear Comercio E Representacao Ltda,PORTO ALEGRE,PORTO ALEGRE,Rio Grande do Sul,-30.03003677,-51.22866046
96,https://www.cemear.com.br/,painel pinus,NOT_FOUND,Nao foram encontrados itens de 'painel pinus' (ou equivalentes) com dimensoes no nome neste site.,['painel pinus'],,,,,,,,,,,,,Cemear Comercio E Representacao Ltda,PORTO ALEGRE,PORTO ALEGRE,Rio Grande do Sul,-30.03003677,-51.22866046
97,https://www.cemear.com.br/,painel pinus,NOT_FOUND,Nao foram encontrados itens de 'painel pinus' (ou equivalentes) com dimensoes no nome neste site.,['painel pinus'],,,,,,,,,,,,,Cemear Comercio E Representacao Ltda,PORTO ALEGRE,PORTO ALEGRE,Rio Grande do Sul,-30.03003677,-51.22866046
98,https://www.cemear.com.br/,painel pinus,NOT_FOUND,Nao foram encontrados itens de 'painel pinus' (ou equivalentes) com dimensoes no nome neste site.,['painel pinus'],,,,,,,,,,,,,Cemear Comercio E Representacao Ltda,PORTO ALEGRE,PORTO ALEGRE,Rio Grande do Sul,-30.03003677,-51.22866046
99,https://www.cemear.com.br/,painel pinus,NOT_FOUND,Nao foram encontrados itens de 'painel pinus' (ou equivalentes) com dimensoes no nome neste site.,['painel pinus'],,,,,,,,,,,,,Cemear Comercio E Representacao Ltda,PORTO ALEGRE,PORTO ALEGRE,Rio Grande do Sul,-30.03003677,-51.22866046
100,https://brazilcontemporaneo.com.br,painel pinus,NOT_FOUND,Nao foram encontrados itens de 'painel pinus' (ou equivalentes) com dimensoes no nome neste site.,['painel pinus'],,,,,,,,,,,,,Casa Urbana Moveis Ltda,GRAMADO,GRAMADO,Rio Grande do Sul,-29.37973752,-50.8719457
101,https://brazilcontemporaneo.com.br,painel pinus,NOT_FOUND,Nao foram encontrados itens de 'painel pinus' (ou equivalentes) com dimensoes no nome neste site.,['painel pinus'],,,,,,,,,,,,,Casa Urbana Moveis Ltda,GRAMADO,GRAMADO,Rio Grande do Sul,-29.37973752,-50.8719457
102,https://brazilcontemporaneo.com.br,painel pinus,NOT_FOUND,Nao foram encontrados itens de 'painel pinus' (ou equivalentes) com dimensoes no nome neste site.,['painel pinus'],,,,,,,,,,,,,Casa Urbana Moveis Ltda,GRAMADO,GRAMADO,Rio Grande do Sul,-29.37973752,-50.8719457
103,https://brazilcontemporaneo.com.br,painel pinus,NOT_FOUND,Nao foram encontrados itens de 'painel pinus' (ou equivalentes) com dimensoes no nome neste site.,['painel pinus'],,,,,,,,,,,,,Casa Urbana Moveis Ltda,GRAMADO,GRAMADO,Rio Grande do Sul,-29.37973752,-50.8719457
104,https://brazilcontemporaneo.com.br,painel pinus,NOT_FOUND,Nao foram encontrados itens de 'painel pinus' (ou equivalentes) com dimensoes no nome neste site.,['painel pinus'],,,,,,,,,,,,,Casa Urbana Moveis Ltda,GRAMADO,GRAMADO,Rio Grande do Sul,-29.37973752,-50.8719457
105,https://brazilcontemporaneo.com.br,painel pinus,NOT_FOUND,Nao foram encontrados itens de 'painel pinus' (ou equivalentes) com dimensoes no nome neste site.,['painel pinus'],,,,,,,,,,,,,Casa Urbana Moveis Ltda,GRAMADO,GRAMADO,Rio Grande do Sul,-29.37973752,-50.8719457
106,https://www.ofertasredeconstruir.com.br/mc-da-rosa,painel pinus,NOT_FOUND,Nao foram encontrados itens de 'painel pinus' (ou equivalentes) com dimensoes no nome neste site.,['painel pinus'],,,,,,,,,,,,,Mc Da Rosa Materiais De Construcao E Acabamentos - Xangri,LA,,,,
107,https://dema.com.br/,painel pinus,NOT_FOUND,Nao foram encontrados itens de 'painel pinus' (ou equivalentes) com dimensoes no nome neste site.,['painel pinus'],,,,,,,,,,,,,Dema - Revestimentos E Acabamentos Ltda - Xangri,LA,,,,
108,https://www.cimafer.com.br/,painel pinus,NOT_FOUND,Nao foram encontrados itens de 'painel pinus' (ou equivalentes) com dimensoes no nome neste site.,['painel pinus'],,,,,,,,,,,,,Cimafer Comercio De Material Construcao Ltda,PORTO ALEGRE,PORTO ALEGRE,Rio Grande do Sul,-30.03003677,-51.22866046
109,https://www.cimafer.com.br/,painel pinus,NOT_FOUND,Nao foram encontrados itens de 'painel pinus' (ou equivalentes) com dimensoes no nome neste site.,['painel pinus'],,,,,,,,,,,,,Cimafer Comercio De Material Construcao Ltda,PORTO ALEGRE,PORTO ALEGRE,Rio Grande do Sul,-30.03003677,-51.22866046
110,https://www.cimafer.com.br/,painel pinus,NOT_FOUND,Nao foram encontrados itens de 'painel pinus' (ou equivalentes) com dimensoes no nome neste site.,['painel pinus'],,,,,,,,,,,,,Cimafer Comercio De Material Construcao Ltda,PORTO ALEGRE,PORTO ALEGRE,Rio Grande do Sul,-30.03003677,-51.22866046
111,https://www.cimafer.com.br/,painel pinus,NOT_FOUND,Nao foram encontrados itens de 'painel pinus' (ou equivalentes) com dimensoes no nome neste site.,['painel pinus'],,,,,,,,,,,,,Cimafer Comercio De Material Construcao Ltda,PORTO ALEGRE,PORTO ALEGRE,Rio Grande do Sul,-30.03003677,-51.22866046
112,https://www.cimafer.com.br/,painel pinus,NOT_FOUND,Nao foram encontrados itens de 'painel pinus' (ou equivalentes) com dimensoes no nome neste site.,['painel pinus'],,,,,,,,,,,,,Cimafer Comercio De Material Construcao Ltda,PORTO ALEGRE,PORTO ALEGRE,Rio Grande do Sul,-30.03003677,-51.22866046
113,https://www.cimafer.com.br/,painel pinus,NOT_FOUND,Nao foram encontrados itens de 'painel pinus' (ou equivalentes) com dimensoes no nome neste site.,['painel pinus'],,,,,,,,,,,,,Cimafer Comercio De Material Construcao Ltda,PORTO ALEGRE,PORTO ALEGRE,Rio Grande do Sul,-30.03003677,-51.22866046
114,https://www.cimafer.com.br/,painel pinus,NOT_FOUND,Nao foram encontrados itens de 'painel pinus' (ou equivalentes) com dimensoes no nome neste site.,['painel pinus'],,,,,,,,,,,,,Cimafer Comercio De Material Construcao Ltda,PORTO ALEGRE,PORTO ALEGRE,Rio Grande do Sul,-30.03003677,-51.22866046
115,https://www.cimafer.com.br/,painel pinus,NOT_FOUND,Nao foram encontrados itens de 'painel pinus' (ou equivalentes) com dimensoes no nome neste site.,['painel pinus'],,,,,,,,,,,,,Cimafer Comercio De Material Construcao Ltda,PORTO ALEGRE,PORTO ALEGRE,Rio Grande do Sul,-30.03003677,-51.22866046
116,https://www.cimafer.com.br/,painel pinus,NOT_FOUND,Nao foram encontrados itens de 'painel pinus' (ou equivalentes) com dimensoes no nome neste site.,['painel pinus'],,,,,,,,,,,,,Cimafer Comercio De Material Construcao Ltda,PORTO ALEGRE,PORTO ALEGRE,Rio Grande do Sul,-30.03003677,-51.22866046
117,www.costaneira.com.br,painel pinus,NOT_FOUND,Nao foram encontrados itens de 'painel pinus' (ou equivalentes) com dimensoes no nome neste site.,['painel pinus'],,,,,,,,,,,,,Costaneira - Arno Johann S.A. Comercio De Materiais De Construcao,BENTO GONCALVES,BENTO GONCALVES,Rio Grande do Sul,-29.16740193,-51.51556031
118,www.costaneira.com.br,painel pinus,NOT_FOUND,Nao foram encontrados itens de 'painel pinus' (ou equivalentes) com dimensoes no nome neste site.,['painel pinus'],,,,,,,,,,,,,Costaneira - Arno Johann S.A. Comercio De Materiais De Construcao,BENTO GONCALVES,BENTO GONCALVES,Rio Grande do Sul,-29.16740193,-51.51556031
119,www.costaneira.com.br,painel pinus,NOT_FOUND,Nao foram encontrados itens de 'painel pinus' (ou equivalentes) com dimensoes no nome neste site.,['painel pinus'],,,,,,,,,,,,,Costaneira - Arno Johann S.A. Comercio De Materiais De Construcao,BENTO GONCALVES,BENTO GONCALVES,Rio Grande do Sul,-29.16740193,-51.51556031
120,www.costaneira.com.br,painel pinus,NOT_FOUND,Nao foram encontrados itens de 'painel pinus' (ou equivalentes) com dimensoes no nome neste site.,['painel pinus'],,,,,,,,,,,,,Costaneira - Arno Johann S.A. Comercio De Materiais De Construcao,BENTO GONCALVES,BENTO GONCALVES,Rio Grande do Sul,-29.16740193,-51.51556031
121,www.costaneira.com.br,painel pinus,NOT_FOUND,Nao foram encontrados itens de 'painel pinus' (ou equivalentes) com dimensoes no nome neste site.,['painel pinus'],,,,,,,,,,,,,Costaneira - Arno Johann S.A. Comercio De Materiais De Construcao,BENTO GONCALVES,BENTO GONCALVES,Rio Grande do Sul,-29.16740193,-51.51556031
122,www.costaneira.com.br,painel pinus,NOT_FOUND,Nao foram encontrados itens de 'painel pinus' (ou equivalentes) com dimensoes no nome neste site.,['painel pinus'],,,,,,,,,,,,,Costaneira - Arno Johann S.A. Comercio De Materiais De Construcao,BENTO GONCALVES,BENTO GONCALVES,Rio Grande do Sul,-29.16740193,-51.51556031
123,www.costaneira.com.br,painel pinus,NOT_FOUND,Nao foram encontrados itens de 'painel pinus' (ou equivalentes) com dimensoes no nome neste site.,['painel pinus'],,,,,,,,,,,,,Costaneira - Arno Johann S.A. Comercio De Materiais De Construcao,BENTO GONCALVES,BENTO GONCALVES,Rio Grande do Sul,-29.16740193,-51.51556031
124,https://www.delaminas.com.br/,painel pinus,NOT_FOUND,Nao foram encontrados itens de 'painel pinus' (ou equivalentes) com dimensoes no nome neste site.,['painel pinus'],,,,,,,,,,,,,Delaminas Industria E Comercio De Moveis Ltda Em Recuperacao Judicial,PORTO ALEGRE,PORTO ALEGRE,Rio Grande do Sul,-30.03003677,-51.22866046
125,https://www.delaminas.com.br/,painel pinus,NOT_FOUND,Nao foram encontrados itens de 'painel pinus' (ou equivalentes) com dimensoes no nome neste site.,['painel pinus'],,,,,,,,,,,,,Delaminas Industria E Comercio De Moveis Ltda Em Recuperacao Judicial,PORTO ALEGRE,PORTO ALEGRE,Rio Grande do Sul,-30.03003677,-51.22866046
126,https://www.delaminas.com.br/,painel pinus,NOT_FOUND,Nao foram encontrados itens de 'painel pinus' (ou equivalentes) com dimensoes no nome neste site.,['painel pinus'],,,,,,,,,,,,,Delaminas Industria E Comercio De Moveis Ltda Em Recuperacao Judicial,PORTO ALEGRE,PORTO ALEGRE,Rio Grande do Sul,-30.03003677,-51.22866046
127,https://www.delaminas.com.br/,painel pinus,NOT_FOUND,Nao foram encontrados itens de 'painel pinus' (ou equivalentes) com dimensoes no nome neste site.,['painel pinus'],,,,,,,,,,,,,Delaminas Industria E Comercio De Moveis Ltda Em Recuperacao Judicial,PORTO ALEGRE,PORTO ALEGRE,Rio Grande do Sul,-30.03003677,-51.22866046
128,https://www.delaminas.com.br/,painel pinus,NOT_FOUND,Nao foram encontrados itens de 'painel pinus' (ou equivalentes) com dimensoes no nome neste site.,['painel pinus'],,,,,,,,,,,,,Delaminas Industria E Comercio De Moveis Ltda Em Recuperacao Judicial,PORTO ALEGRE,PORTO ALEGRE,Rio Grande do Sul,-30.03003677,-51.22866046
129,https://www.delaminas.com.br/,painel pinus,NOT_FOUND,Nao foram encontrados itens de 'painel pinus' (ou equivalentes) com dimensoes no nome neste site.,['painel pinus'],,,,,,,,,,,,,Delaminas Industria E Comercio De Moveis Ltda Em Recuperacao Judicial,PORTO ALEGRE,PORTO ALEGRE,Rio Grande do Sul,-30.03003677,-51.22866046
130,https://www.delaminas.com.br/,painel pinus,NOT_FOUND,Nao foram encontrados itens de 'painel pinus' (ou equivalentes) com dimensoes no nome neste site.,['painel pinus'],,,,,,,,,,,,,Delaminas Industria E Comercio De Moveis Ltda Em Recuperacao Judicial,PORTO ALEGRE,PORTO ALEGRE,Rio Grande do Sul,-30.03003677,-51.22866046
131,https://www.delaminas.com.br/,painel pinus,NOT_FOUND,Nao foram encontrados itens de 'painel pinus' (ou equivalentes) com dimensoes no nome neste site.,['painel pinus'],,,,,,,,,,,,,Delaminas Industria E Comercio De Moveis Ltda Em Recuperacao Judicial,PORTO ALEGRE,PORTO ALEGRE,Rio Grande do Sul,-30.03003677,-51.22866046
132,https://www.delaminas.com.br/,painel pinus,NOT_FOUND,Nao foram encontrados itens de 'painel pinus' (ou equivalentes) com dimensoes no nome neste site.,['painel pinus'],,,,,,,,,,,,,Delaminas Industria E Comercio De Moveis Ltda Em Recuperacao Judicial,PORTO ALEGRE,PORTO ALEGRE,Rio Grande do Sul,-30.03003677,-51.22866046
133,https://www.cassol.com.br,painel pinus,NOT_FOUND,Nao foram encontrados itens de 'painel pinus' (ou equivalentes) com dimensoes no nome neste site.,['painel pinus'],,,,,,,,,,,,,Cassol Center Lar,CANOAS,CANOAS,Rio Grande do Sul,-29.91869671,-51.18102978
134,https://www.cassol.com.br,painel pinus,NOT_FOUND,Nao foram encontrados itens de 'painel pinus' (ou equivalentes) com dimensoes no nome neste site.,['painel pinus'],,,,,,,,,,,,,Cassol Center Lar,CANOAS,CANOAS,Rio Grande do Sul,-29.91869671,-51.18102978
135,https://www.cassol.com.br,painel pinus,NOT_FOUND,Nao foram encontrados itens de 'painel pinus' (ou equivalentes) com dimensoes no nome neste site.,['painel pinus'],,,,,,,,,,,,,Cassol Center Lar,CANOAS,CANOAS,Rio Grande do Sul,-29.91869671,-51.18102978
136,https://www.cassol.com.br,painel pinus,NOT_FOUND,Nao foram encontrados itens de 'painel pinus' (ou equivalentes) com dimensoes no nome neste site.,['painel pinus'],,,,,,,,,,,,,Cassol Center Lar,CANOAS,CANOAS,Rio Grande do Sul,-29.91869671,-51.18102978
137,https://www.cassol.com.br,painel pinus,NOT_FOUND,Nao foram encontrados itens de 'painel pinus' (ou equivalentes) com dimensoes no nome neste site.,['painel pinus'],,,,,,,,,,,,,Cassol Center Lar,CANOAS,CANOAS,Rio Grande do Sul,-29.91869671,-51.18102978
138,https://www.cassol.com.br,painel pinus,NOT_FOUND,Nao foram encontrados itens de 'painel pinus' (ou equivalentes) com dimensoes no nome neste site.,['painel pinus'],,,,,,,,,,,,,Cassol Center Lar,CANOAS,CANOAS,Rio Grande do Sul,-29.91869671,-51.18102978
139,https://www.cassol.com.br,painel pinus,NOT_FOUND,Nao foram encontrados itens de 'painel pinus' (ou equivalentes) com dimensoes no nome neste site.,['painel pinus'],,,,,,,,,,,,,Cassol Center Lar,CANOAS,CANOAS,Rio Grande do Sul,-29.91869671,-51.18102978
140,https://dinamicareal.com.br,painel pinus,NOT_FOUND,Nao foram encontrados itens de 'painel pinus' (ou equivalentes) com dimensoes no nome neste site.,['painel pinus'],,,,,,,,,,,,,Dinamica Importacao & Exportacao,ARROIO GRANDE,ARROIO GRANDE,Rio Grande do Sul,-32.23634413,-53.08224835
141,https://dinamicareal.com.br,painel pinus,NOT_FOUND,Nao foram encontrados itens de 'painel pinus' (ou equivalentes) com dimensoes no nome neste site.,['painel pinus'],,,,,,,,,,,,,Dinamica Importacao & Exportacao,ARROIO GRANDE,ARROIO GRANDE,Rio Grande do Sul,-32.23634413,-53.08224835
142,https://dinamicareal.com.br,painel pinus,NOT_FOUND,Nao foram encontrados itens de 'painel pinus' (ou equivalentes) com dimensoes no nome neste site.,['painel pinus'],,,,,,,,,,,,,Dinamica Importacao & Exportacao,ARROIO GRANDE,ARROIO GRANDE,Rio Grande do Sul,-32.23634413,-53.08224835
143,https://www.cotrisal.com.br/,painel pinus,NOT_FOUND,Nao foram encontrados itens de 'painel pinus' (ou equivalentes) com dimensoes no nome neste site.,['painel pinus'],,,,,,,,,,,,,Cotrisal,SARANDI,SARANDI,Paraná,-23.44317201,-51.87368204
144,https://www.cotrisal.com.br/,painel pinus,NOT_FOUND,Nao foram encontrados itens de 'painel pinus' (ou equivalentes) com dimensoes no nome neste site.,['painel pinus'],,,,,,,,,,,,,Cotrisal,SARANDI,SARANDI,Paraná,-23.44317201,-51.87368204
145,https://www.cotrisal.com.br/,painel pinus,NOT_FOUND,Nao foram encontrados itens de 'painel pinus' (ou equivalentes) com dimensoes no nome neste site.,['painel pinus'],,,,,,,,,,,,,Cotrisal,SARANDI,SARANDI,Paraná,-23.44317201,-51.87368204
146,https://www.cotrisal.com.br/,painel pinus,NOT_FOUND,Nao foram encontrados itens de 'painel pinus' (ou equivalentes) com dimensoes no nome neste site.,['painel pinus'],,,,,,,,,,,,,Cotrisal,SARANDI,SARANDI,Paraná,-23.44317201,-51.87368204
147,https://www.cotrisal.com.br/,painel pinus,NOT_FOUND,Nao foram encontrados itens de 'painel pinus' (ou equivalentes) com dimensoes no nome neste site.,['painel pinus'],,,,,,,,,,,,,Cotrisal,SARANDI,SARANDI,Paraná,-23.44317201,-51.87368204
148,https://www.cotrisal.com.br/,painel pinus,NOT_FOUND,Nao foram encontrados itens de 'painel pinus' (ou equivalentes) com dimensoes no nome neste site.,['painel pinus'],,,,,,,,,,,,,Cotrisal,SARANDI,SARANDI,Rio Grande do Sul,-27.94359518,-52.92546106
149,https://www.cotrisal.com.br/,painel pinus,NOT_FOUND,Nao foram encontrados itens de 'painel pinus' (ou equivalentes) com dimensoes no nome neste site.,['painel pinus'],,,,,,,,,,,,,Cotrisal,SARANDI,SARANDI,Rio Grande do Sul,-27.94359518,-52.92546106
150,https://www.cotrisal.com.br/,painel pinus,NOT_FOUND,Nao foram encontrados itens de 'painel pinus' (ou equivalentes) com dimensoes no nome neste site.,['painel pinus'],,,,,,,,,,,,,Cotrisal,SARANDI,SARANDI,Rio Grande do Sul,-27.94359518,-52.92546106
151,https://www.divicarmoveis.com.br/,painel pinus,FOUND,Itens encontrados.,['painel pinus'],Painel Árvore com Cabideiros Coleção Hora de Brincar,Alt.202 Larg.135 Prof.2 cm,"R$ 399,00",https://www.divicarmoveis.com.br/painel-arvore-com-cabideiros-colecao-hora-de-brincar,,,,399.0,BRL,1.0,,,Divicar Moveis Ltda,LAGOA VERMELHA,LAGOA VERMELHA,Rio Grande do Sul,-28.20887025,-51.52722853
152,https://www.divicarmoveis.com.br/,painel pinus,FOUND,Itens encontrados.,['painel pinus'],Painel Árvore com Cabideiros Coleção Hora de Brincar,Alt.202 Larg.135 Prof.2 cm,"R$ 399,00",https://www.divicarmoveis.com.br/painel-arvore-com-cabideiros-colecao-hora-de-brincar,,,,399.0,BRL,1.0,,,Divicar Moveis Ltda,LAGOA VERMELHA,LAGOA VERMELHA,Rio Grande do Sul,-28.20887025,-51.52722853
153,https://www.divicarmoveis.com.br/,painel pinus,FOUND,Itens encontrados.,['painel pinus'],Painel Árvore com Cabideiros Coleção Hora de Brincar,Alt.202 Larg.135 Prof.2 cm,"R$ 399,00",https://www.divicarmoveis.com.br/painel-arvore-com-cabideiros-colecao-hora-de-brincar,,,,399.0,BRL,1.0,,,Divicar Moveis Ltda,LAGOA VERMELHA,LAGOA VERMELHA,Rio Grande do Sul,-28.20887025,-51.52722853
154,https://www.divicarmoveis.com.br/,painel pinus,FOUND,Itens encontrados.,['painel pinus'],Painel Árvore com Cabideiros Coleção Hora de Brincar,Alt.202 Larg.135 Prof.2 cm,"R$ 399,00",https://www.divicarmoveis.com.br/painel-arvore-com-cabideiros-colecao-hora-de-brincar,,,,399.0,BRL,1.0,,,Divicar Moveis Ltda,LAGOA VERMELHA,LAGOA VERMELHA,Rio Grande do Sul,-28.20887025,-51.52722853
155,https://www.divicarmoveis.com.br/,painel pinus,FOUND,Itens encontrados.,['painel pinus'],Painel Árvore com Cabideiros Coleção Hora de Brincar,Alt.202 Larg.135 Prof.2 cm,"R$ 399,00",https://www.divicarmoveis.com.br/painel-arvore-com-cabideiros-colecao-hora-de-brincar,,,,399.0,BRL,1.0,,,Divicar Moveis Ltda,LAGOA VERMELHA,LAGOA VERMELHA,Rio Grande do Sul,-28.20887025,-51.52722853
156,https://www.lojadienstmann.com.br/,painel pinus,NOT_FOUND,Nao foram encontrados itens de 'painel pinus' (ou equivalentes) com dimensoes no nome neste site.,['painel pinus'],,,,,,,,,,,,,Loja Dienstmann - Centro Tecnico Profissional,PORTO ALEGRE,PORTO ALEGRE,Rio Grande do Sul,-30.03003677,-51.22866046
157,https://www.lojadienstmann.com.br/,painel pinus,NOT_FOUND,Nao foram encontrados itens de 'painel pinus' (ou equivalentes) com dimensoes no nome neste site.,['painel pinus'],,,,,,,,,,,,,Loja Dienstmann - Centro Tecnico Profissional,PORTO ALEGRE,PORTO ALEGRE,Rio Grande do Sul,-30.03003677,-51.22866046
158,https://www.lojadienstmann.com.br/,painel pinus,NOT_FOUND,Nao foram encontrados itens de 'painel pinus' (ou equivalentes) com dimensoes no nome neste site.,['painel pinus'],,,,,,,,,,,,,Loja Dienstmann - Centro Tecnico Profissional,PORTO ALEGRE,PORTO ALEGRE,Rio Grande do Sul,-30.03003677,-51.22866046
159,https://www.lojadienstmann.com.br/,painel pinus,NOT_FOUND,Nao foram encontrados itens de 'painel pinus' (ou equivalentes) com dimensoes no nome neste site.,['painel pinus'],,,,,,,,,,,,,Loja Dienstmann - Centro Tecnico Profissional,PORTO ALEGRE,PORTO ALEGRE,Rio Grande do Sul,-30.03003677,-51.22866046
160,https://www.lojadienstmann.com.br/,painel pinus,NOT_FOUND,Nao foram encontrados itens de 'painel pinus' (ou equivalentes) com dimensoes no nome neste site.,['painel pinus'],,,,,,,,,,,,,Loja Dienstmann - Centro Tecnico Profissional,PORTO ALEGRE,PORTO ALEGRE,Rio Grande do Sul,-30.03003677,-51.22866046
161,https://www.lojadienstmann.com.br/,painel pinus,NOT_FOUND,Nao foram encontrados itens de 'painel pinus' (ou equivalentes) com dimensoes no nome neste site.,['painel pinus'],,,,,,,,,,,,,Loja Dienstmann - Centro Tecnico Profissional,PORTO ALEGRE,PORTO ALEGRE,Rio Grande do Sul,-30.03003677,-51.22866046
162,https://www.lojadienstmann.com.br/,painel pinus,NOT_FOUND,Nao foram encontrados itens de 'painel pinus' (ou equivalentes) com dimensoes no nome neste site.,['painel pinus'],,,,,,,,,,,,,Loja Dienstmann - Centro Tecnico Profissional,PORTO ALEGRE,PORTO ALEGRE,Rio Grande do Sul,-30.03003677,-51.22866046
163,https://www.lojadienstmann.com.br/,painel pinus,NOT_FOUND,Nao foram encontrados itens de 'painel pinus' (ou equivalentes) com dimensoes no nome neste site.,['painel pinus'],,,,,,,,,,,,,Loja Dienstmann - Centro Tecnico Profissional,PORTO ALEGRE,PORTO ALEGRE,Rio Grande do Sul,-30.03003677,-51.22866046
164,https://www.lojadienstmann.com.br/,painel pinus,NOT_FOUND,Nao foram encontrados itens de 'painel pinus' (ou equivalentes) com dimensoes no nome neste site.,['painel pinus'],,,,,,,,,,,,,Loja Dienstmann - Centro Tecnico Profissional,PORTO ALEGRE,PORTO ALEGRE,Rio Grande do Sul,-30.03003677,-51.22866046
165,https://www.essenzamoveis.com.br,painel pinus,NOT_FOUND,Nao foram encontrados itens de 'painel pinus' (ou equivalentes) com dimensoes no nome neste site.,['painel pinus'],,,,,,,,,,,,,Ezzenza Design,ANTONIO PRADO,ANTONIO PRADO,Rio Grande do Sul,-28.85543762,-51.28357692
166,https://www.essenzamoveis.com.br,painel pinus,NOT_FOUND,Nao foram encontrados itens de 'painel pinus' (ou equivalentes) com dimensoes no nome neste site.,['painel pinus'],,,,,,,,,,,,,Ezzenza Design,ANTONIO PRADO,ANTONIO PRADO,Rio Grande do Sul,-28.85543762,-51.28357692
167,https://www.essenzamoveis.com.br,painel pinus,NOT_FOUND,Nao foram encontrados itens de 'painel pinus' (ou equivalentes) com dimensoes no nome neste site.,['painel pinus'],,,,,,,,,,,,,Ezzenza Design,ANTONIO PRADO,ANTONIO PRADO,Rio Grande do Sul,-28.85543762,-51.28357692
168,https://www.fabicompensados.com.br/,painel pinus,FOUND,Itens encontrados.,['painel pinus'],PAINEL DE PINUS TAB INT COLADAS LAT 200X100X18MM D3 A,200X100X18MM,"R$ 0,00",https://www.fabicompensados.com.br/produto/00003504/PAINELDEPINUSTABINTCOLADASLAT200X100X18MMD3A,200.0,100.0,18.0,0.0,BRL,1.0,0.00036,0.0,Fabi Comercio De Compensados Ltda,CRUZEIRO DO SUL,CRUZEIRO DO SUL,Acre,-7.630690005,-72.67253132
169,https://www.fabicompensados.com.br/,painel pinus,FOUND,Itens encontrados.,['painel pinus'],PAINEL DE PINUS TAB INT COLADAS LAT 200X100X18MM D3 A,200X100X18MM,"R$ 0,00",https://www.fabicompensados.com.br/produto/00003504/PAINELDEPINUSTABINTCOLADASLAT200X100X18MMD3A,200.0,100.0,18.0,0.0,BRL,1.0,0.00036,0.0,Fabi Comercio De Compensados Ltda,CRUZEIRO DO SUL,CRUZEIRO DO SUL,Acre,-7.630690005,-72.67253132
170,https://www.fabicompensados.com.br/,painel pinus,FOUND,Itens encontrados.,['painel pinus'],PAINEL DE PINUS TAB INT COLADAS LAT 200X100X18MM D3 A,200X100X18MM,"R$ 0,00",https://www.fabicompensados.com.br/produto/00003504/PAINELDEPINUSTABINTCOLADASLAT200X100X18MMD3A,200.0,100.0,18.0,0.0,BRL,1.0,0.00036,0.0,Fabi Comercio De Compensados Ltda,CRUZEIRO DO SUL,CRUZEIRO DO SUL,Acre,-7.630690005,-72.67253132
171,https://www.fabicompensados.com.br/,painel pinus,FOUND,Itens encontrados.,['painel pinus'],PAINEL DE PINUS TAB INT COLADAS LAT 200X100X18MM D3 A,200X100X18MM,"R$ 0,00",https://www.fabicompensados.com.br/produto/00003504/PAINELDEPINUSTABINTCOLADASLAT200X100X18MMD3A,200.0,100.0,18.0,0.0,BRL,1.0,0.00036,0.0,Fabi Comercio De Compensados Ltda,CRUZEIRO DO SUL,CRUZEIRO DO SUL,Acre,-7.630690005,-72.67253132
172,https://www.fabicompensados.com.br/,painel pinus,FOUND,Itens encontrados.,['painel pinus'],PAINEL DE PINUS TAB INT COLADAS LAT 200X100X18MM D3 A,200X100X18MM,"R$ 0,00",https://www.fabicompensados.com.br/produto/00003504/PAINELDEPINUSTABINTCOLADASLAT200X100X18MMD3A,200.0,100.0,18.0,0.0,BRL,1.0,0.00036,0.0,Fabi Comercio De Compensados Ltda,CRUZEIRO DO SUL,CRUZEIRO DO SUL,Rio Grande do Sul,-29.50829097,-51.99157589
173,https://www.fabicompensados.com.br/,painel pinus,FOUND,Itens encontrados.,['painel pinus'],PAINEL DE PINUS TAB INT COLADAS LAT 200X100X18MM D3 A,200X100X18MM,"R$ 0,00",https://www.fabicompensados.com.br/produto/00003504/PAINELDEPINUSTABINTCOLADASLAT200X100X18MMD3A,200.0,100.0,18.0,0.0,BRL,1.0,0.00036,0.0,Fabi Comercio De Compensados Ltda,CRUZEIRO DO SUL,CRUZEIRO DO SUL,Rio Grande do Sul,-29.50829097,-51.99157589
174,https://www.fabicompensados.com.br/,painel pinus,FOUND,Itens encontrados.,['painel pinus'],PAINEL DE PINUS TAB INT COLADAS LAT 200X100X18MM D3 A,200X100X18MM,"R$ 0,00",https://www.fabicompensados.com.br/produto/00003504/PAINELDEPINUSTABINTCOLADASLAT200X100X18MMD3A,200.0,100.0,18.0,0.0,BRL,1.0,0.00036,0.0,Fabi Comercio De Compensados Ltda,CRUZEIRO DO SUL,CRUZEIRO DO SUL,Rio Grande do Sul,-29.50829097,-51.99157589
175,https://www.fabicompensados.com.br/,painel pinus,FOUND,Itens encontrados.,['painel pinus'],PAINEL DE PINUS TAB INT COLADAS LAT 200X100X18MM D3 A,200X100X18MM,"R$ 0,00",https://www.fabicompensados.com.br/produto/00003504/PAINELDEPINUSTABINTCOLADASLAT200X100X18MMD3A,200.0,100.0,18.0,0.0,BRL,1.0,0.00036,0.0,Fabi Comercio De Compensados Ltda,CRUZEIRO DO SUL,CRUZEIRO DO SUL,Rio Grande do Sul,-29.50829097,-51.99157589
176,https://esteio.redemac.com.br/,painel pinus,NOT_FOUND,Nao foram encontrados itens de 'painel pinus' (ou equivalentes) com dimensoes no nome neste site.,['painel pinus'],,,,,,,,,,,,,Redemac Esteio,ESTEIO,ESTEIO,Rio Grande do Sul,-29.8521863,-51.14383734
177,https://esteio.redemac.com.br/,painel pinus,NOT_FOUND,Nao foram encontrados itens de 'painel pinus' (ou equivalentes) com dimensoes no nome neste site.,['painel pinus'],,,,,,,,,,,,,Redemac Esteio,ESTEIO,ESTEIO,Rio Grande do Sul,-29.8521863,-51.14383734
178,https://esteio.redemac.com.br/,painel pinus,NOT_FOUND,Nao foram encontrados itens de 'painel pinus' (ou equivalentes) com dimensoes no nome neste site.,['painel pinus'],,,,,,,,,,,,,Redemac Esteio,ESTEIO,ESTEIO,Rio Grande do Sul,-29.8521863,-51.14383734
179,https://esteio.redemac.com.br/,painel pinus,NOT_FOUND,Nao foram encontrados itens de 'painel pinus' (ou equivalentes) com dimensoes no nome neste site.,['painel pinus'],,,,,,,,,,,,,Redemac Esteio,ESTEIO,ESTEIO,Rio Grande do Sul,-29.8521863,-51.14383734
180,https://esteio.redemac.com.br/,painel pinus,NOT_FOUND,Nao foram encontrados itens de 'painel pinus' (ou equivalentes) com dimensoes no nome neste site.,['painel pinus'],,,,,,,,,,,,,Redemac Esteio,ESTEIO,ESTEIO,Rio Grande do Sul,-29.8521863,-51.14383734
181,https://www.homelydesign.com.br/,painel pinus,NOT_FOUND,Nao foram encontrados itens de 'painel pinus' (ou equivalentes) com dimensoes no nome neste site.,['painel pinus'],,,,,,,,,,,,,Homely,CAXIAS DO SUL,CAXIAS DO SUL,Rio Grande do Sul,-29.16689901,-51.17886021
182,https://www.homelydesign.com.br/,painel pinus,NOT_FOUND,Nao foram encontrados itens de 'painel pinus' (ou equivalentes) com dimensoes no nome neste site.,['painel pinus'],,,,,,,,,,,,,Homely,CAXIAS DO SUL,CAXIAS DO SUL,Rio Grande do Sul,-29.16689901,-51.17886021
183,https://www.homelydesign.com.br/,painel pinus,NOT_FOUND,Nao foram encontrados itens de 'painel pinus' (ou equivalentes) com dimensoes no nome neste site.,['painel pinus'],,,,,,,,,,,,,Homely,CAXIAS DO SUL,CAXIAS DO SUL,Rio Grande do Sul,-29.16689901,-51.17886021
184,https://www.homelydesign.com.br/,painel pinus,NOT_FOUND,Nao foram encontrados itens de 'painel pinus' (ou equivalentes) com dimensoes no nome neste site.,['painel pinus'],,,,,,,,,,,,,Homely,CAXIAS DO SUL,CAXIAS DO SUL,Rio Grande do Sul,-29.16689901,-51.17886021
185,https://www.homelydesign.com.br/,painel pinus,NOT_FOUND,Nao foram encontrados itens de 'painel pinus' (ou equivalentes) com dimensoes no nome neste site.,['painel pinus'],,,,,,,,,,,,,Homely,CAXIAS DO SUL,CAXIAS DO SUL,Rio Grande do Sul,-29.16689901,-51.17886021
186,https://www.homelydesign.com.br/,painel pinus,NOT_FOUND,Nao foram encontrados itens de 'painel pinus' (ou equivalentes) com dimensoes no nome neste site.,['painel pinus'],,,,,,,,,,,,,Homely,CAXIAS DO SUL,CAXIAS DO SUL,Rio Grande do Sul,-29.16689901,-51.17886021
187,https://www.homelydesign.com.br/,painel pinus,NOT_FOUND,Nao foram encontrados itens de 'painel pinus' (ou equivalentes) com dimensoes no nome neste site.,['painel pinus'],,,,,,,,,,,,,Homely,CAXIAS DO SUL,CAXIAS DO SUL,Rio Grande do Sul,-29.16689901,-51.17886021
188,https://www.homelydesign.com.br/,painel pinus,NOT_FOUND,Nao foram encontrados itens de 'painel pinus' (ou equivalentes) com dimensoes no nome neste site.,['painel pinus'],,,,,,,,,,,,,Homely,CAXIAS DO SUL,CAXIAS DO SUL,Rio Grande do Sul,-29.16689901,-51.17886021
189,https://www.elevato.com.br,painel pinus,NOT_FOUND,Nao foram encontrados itens de 'painel pinus' (ou equivalentes) com dimensoes no nome neste site.,['painel pinus'],,,,,,,,,,,,,Elevato Materiais De Construcao E Decoracao Ltda,NOVO HAMBURGO,NOVO HAMBURGO,Rio Grande do Sul,-29.68632603,-51.12860528
190,https://www.elevato.com.br,painel pinus,NOT_FOUND,Nao foram encontrados itens de 'painel pinus' (ou equivalentes) com dimensoes no nome neste site.,['painel pinus'],,,,,,,,,,,,,Elevato Materiais De Construcao E Decoracao Ltda,NOVO HAMBURGO,NOVO HAMBURGO,Rio Grande do Sul,-29.68632603,-51.12860528
191,https://www.elevato.com.br,painel pinus,NOT_FOUND,Nao foram encontrados itens de 'painel pinus' (ou equivalentes) com dimensoes no nome neste site.,['painel pinus'],,,,,,,,,,,,,Elevato Materiais De Construcao E Decoracao Ltda,NOVO HAMBURGO,NOVO HAMBURGO,Rio Grande do Sul,-29.68632603,-51.12860528
192,https://www.elevato.com.br,painel pinus,NOT_FOUND,Nao foram encontrados itens de 'painel pinus' (ou equivalentes) com dimensoes no nome neste site.,['painel pinus'],,,,,,,,,,,,,Elevato Materiais De Construcao E Decoracao Ltda,NOVO HAMBURGO,NOVO HAMBURGO,Rio Grande do Sul,-29.68632603,-51.12860528
193,https://www.elevato.com.br,painel pinus,NOT_FOUND,Nao foram encontrados itens de 'painel pinus' (ou equivalentes) com dimensoes no nome neste site.,['painel pinus'],,,,,,,,,,,,,Elevato Materiais De Construcao E Decoracao Ltda,NOVO HAMBURGO,NOVO HAMBURGO,Rio Grande do Sul,-29.68632603,-51.12860528
194,https://www.elevato.com.br,painel pinus,NOT_FOUND,Nao foram encontrados itens de 'painel pinus' (ou equivalentes) com dimensoes no nome neste site.,['painel pinus'],,,,,,,,,,,,,Elevato Materiais De Construcao E Decoracao Ltda,NOVO HAMBURGO,NOVO HAMBURGO,Rio Grande do Sul,-29.68632603,-51.12860528
195,https://www.elevato.com.br,painel pinus,NOT_FOUND,Nao foram encontrados itens de 'painel pinus' (ou equivalentes) com dimensoes no nome neste site.,['painel pinus'],,,,,,,,,,,,,Elevato Materiais De Construcao E Decoracao Ltda,NOVO HAMBURGO,NOVO HAMBURGO,Rio Grande do Sul,-29.68632603,-51.12860528
196,https://www.elevato.com.br,painel pinus,NOT_FOUND,Nao foram encontrados itens de 'painel pinus' (ou equivalentes) com dimensoes no nome neste site.,['painel pinus'],,,,,,,,,,,,,Elevato Materiais De Construcao E Decoracao Ltda,NOVO HAMBURGO,NOVO HAMBURGO,Rio Grande do Sul,-29.68632603,-51.12860528
197,https://www.lorenzet.com.br,painel pinus,NOT_FOUND,Nao foram encontrados itens de 'painel pinus' (ou equivalentes) com dimensoes no nome neste site.,['painel pinus'],,,,,,,,,,,,,Pracasa - Lorenzet,PELOTAS,PELOTAS,Rio Grande do Sul,-31.71959788,-52.34432006
198,https://www.lorenzet.com.br,painel pinus,NOT_FOUND,Nao foram encontrados itens de 'painel pinus' (ou equivalentes) com dimensoes no nome neste site.,['painel pinus'],,,,,,,,,,,,,Pracasa - Lorenzet,PELOTAS,PELOTAS,Rio Grande do Sul,-31.71959788,-52.34432006
199,https://www.lorenzet.com.br,painel pinus,NOT_FOUND,Nao foram encontrados itens de 'painel pinus' (ou equivalentes) com dimensoes no nome neste site.,['painel pinus'],,,,,,,,,,,,,Pracasa - Lorenzet,PELOTAS,PELOTAS,Rio Grande do Sul,-31.71959788,-52.34432006
200,https://www.lorenzet.com.br,painel pinus,NOT_FOUND,Nao foram encontrados itens de 'painel pinus' (ou equivalentes) com dimensoes no nome neste site.,['painel pinus'],,,,,,,,,,,,,Pracasa - Lorenzet,PELOTAS,PELOTAS,Rio Grande do Sul,-31.71959788,-52.34432006
201,https://www.lorenzet.com.br,painel pinus,NOT_FOUND,Nao foram encontrados itens de 'painel pinus' (ou equivalentes) com dimensoes no nome neste site.,['painel pinus'],,,,,,,,,,,,,Pracasa - Lorenzet,PELOTAS,PELOTAS,Rio Grande do Sul,-31.71959788,-52.34432006
202,https://www.lorenzet.com.br,painel pinus,NOT_FOUND,Nao foram encontrados itens de 'painel pinus' (ou equivalentes) com dimensoes no nome neste site.,['painel pinus'],,,,,,,,,,,,,Pracasa - Lorenzet,PELOTAS,PELOTAS,Rio Grande do Sul,-31.71959788,-52.34432006
203,https://www.lorenzet.com.br,painel pinus,NOT_FOUND,Nao foram encontrados itens de 'painel pinus' (ou equivalentes) com dimensoes no nome neste site.,['painel pinus'],,,,,,,,,,,,,Pracasa - Lorenzet,PELOTAS,PELOTAS,Rio Grande do Sul,-31.71959788,-52.34432006
204,https://www.moveisherval.com.br/,painel pinus,NOT_FOUND,Nao foram encontrados itens de 'painel pinus' (ou equivalentes) com dimensoes no nome neste site.,['painel pinus'],,,,,,,,,,,,,"Herval Industria De Moveis, Colchoes E Espumas Ltda.",DOIS IRMAOS,DOIS IRMAOS,Rio Grande do Sul,-29.58415878,-51.08761931
205,https://www.moveisherval.com.br/,painel pinus,NOT_FOUND,Nao foram encontrados itens de 'painel pinus' (ou equivalentes) com dimensoes no nome neste site.,['painel pinus'],,,,,,,,,,,,,"Herval Industria De Moveis, Colchoes E Espumas Ltda.",DOIS IRMAOS,DOIS IRMAOS,Rio Grande do Sul,-29.58415878,-51.08761931
206,https://www.moveisherval.com.br/,painel pinus,NOT_FOUND,Nao foram encontrados itens de 'painel pinus' (ou equivalentes) com dimensoes no nome neste site.,['painel pinus'],,,,,,,,,,,,,"Herval Industria De Moveis, Colchoes E Espumas Ltda.",DOIS IRMAOS,DOIS IRMAOS,Rio Grande do Sul,-29.58415878,-51.08761931
207,https://www.moveisherval.com.br/,painel pinus,NOT_FOUND,Nao foram encontrados itens de 'painel pinus' (ou equivalentes) com dimensoes no nome neste site.,['painel pinus'],,,,,,,,,,,,,"Herval Industria De Moveis, Colchoes E Espumas Ltda.",DOIS IRMAOS,DOIS IRMAOS,Rio Grande do Sul,-29.58415878,-51.08761931
208,https://www.moveisherval.com.br/,painel pinus,NOT_FOUND,Nao foram encontrados itens de 'painel pinus' (ou equivalentes) com dimensoes no nome neste site.,['painel pinus'],,,,,,,,,,,,,"Herval Industria De Moveis, Colchoes E Espumas Ltda.",DOIS IRMAOS,DOIS IRMAOS,Rio Grande do Sul,-29.58415878,-51.08761931
209,https://store.originbrazil.com,painel pinus,NOT_FOUND,Nao foram encontrados itens de 'painel pinus' (ou equivalentes) com dimensoes no nome neste site.,['painel pinus'],,,,,,,,,,,,,Go Green Industria De Utilidades Ltda,CAXIAS DO SUL,CAXIAS DO SUL,Rio Grande do Sul,-29.16689901,-51.17886021
210,https://store.originbrazil.com,painel pinus,NOT_FOUND,Nao foram encontrados itens de 'painel pinus' (ou equivalentes) com dimensoes no nome neste site.,['painel pinus'],,,,,,,,,,,,,Go Green Industria De Utilidades Ltda,CAXIAS DO SUL,CAXIAS DO SUL,Rio Grande do Sul,-29.16689901,-51.17886021
211,https://store.originbrazil.com,painel pinus,NOT_FOUND,Nao foram encontrados itens de 'painel pinus' (ou equivalentes) com dimensoes no nome neste site.,['painel pinus'],,,,,,,,,,,,,Go Green Industria De Utilidades Ltda,CAXIAS DO SUL,CAXIAS DO SUL,Rio Grande do Sul,-29.16689901,-51.17886021
212,https://store.originbrazil.com,painel pinus,NOT_FOUND,Nao foram encontrados itens de 'painel pinus' (ou equivalentes) com dimensoes no nome neste site.,['painel pinus'],,,,,,,,,,,,,Go Green Industria De Utilidades Ltda,CAXIAS DO SUL,CAXIAS DO SUL,Rio Grande do Sul,-29.16689901,-51.17886021
213,https://store.originbrazil.com,painel pinus,NOT_FOUND,Nao foram encontrados itens de 'painel pinus' (ou equivalentes) com dimensoes no nome neste site.,['painel pinus'],,,,,,,,,,,,,Go Green Industria De Utilidades Ltda,CAXIAS DO SUL,CAXIAS DO SUL,Rio Grande do Sul,-29.16689901,-51.17886021
214,https://store.originbrazil.com,painel pinus,NOT_FOUND,Nao foram encontrados itens de 'painel pinus' (ou equivalentes) com dimensoes no nome neste site.,['painel pinus'],,,,,,,,,,,,,Go Green Industria De Utilidades Ltda,CAXIAS DO SUL,CAXIAS DO SUL,Rio Grande do Sul,-29.16689901,-51.17886021
215,https://store.originbrazil.com,painel pinus,NOT_FOUND,Nao foram encontrados itens de 'painel pinus' (ou equivalentes) com dimensoes no nome neste site.,['painel pinus'],,,,,,,,,,,,,Go Green Industria De Utilidades Ltda,CAXIAS DO SUL,CAXIAS DO SUL,Rio Grande do Sul,-29.16689901,-51.17886021
216,https://store.originbrazil.com,painel pinus,NOT_FOUND,Nao foram encontrados itens de 'painel pinus' (ou equivalentes) com dimensoes no nome neste site.,['painel pinus'],,,,,,,,,,,,,Go Green Industria De Utilidades Ltda,CAXIAS DO SUL,CAXIAS DO SUL,Rio Grande do Sul,-29.16689901,-51.17886021
217,https://gmcasaeconstrucao.com.br/,painel pinus,NOT_FOUND,Nao foram encontrados itens de 'painel pinus' (ou equivalentes) com dimensoes no nome neste site.,['painel pinus'],,,,,,,,,,,,,Gm Materiais De Construcao,PASSO FUNDO,PASSO FUNDO,Rio Grande do Sul,-28.26176713,-52.40709509
218,https://gmcasaeconstrucao.com.br/,painel pinus,NOT_FOUND,Nao foram encontrados itens de 'painel pinus' (ou equivalentes) com dimensoes no nome neste site.,['painel pinus'],,,,,,,,,,,,,Gm Materiais De Construcao,PASSO FUNDO,PASSO FUNDO,Rio Grande do Sul,-28.26176713,-52.40709509
219,https://gmcasaeconstrucao.com.br/,painel pinus,NOT_FOUND,Nao foram encontrados itens de 'painel pinus' (ou equivalentes) com dimensoes no nome neste site.,['painel pinus'],,,,,,,,,,,,,Gm Materiais De Construcao,PASSO FUNDO,PASSO FUNDO,Rio Grande do Sul,-28.26176713,-52.40709509
220,https://gmcasaeconstrucao.com.br/,painel pinus,NOT_FOUND,Nao foram encontrados itens de 'painel pinus' (ou equivalentes) com dimensoes no nome neste site.,['painel pinus'],,,,,,,,,,,,,Gm Materiais De Construcao,PASSO FUNDO,PASSO FUNDO,Rio Grande do Sul,-28.26176713,-52.40709509
221,https://gmcasaeconstrucao.com.br/,painel pinus,NOT_FOUND,Nao foram encontrados itens de 'painel pinus' (ou equivalentes) com dimensoes no nome neste site.,['painel pinus'],,,,,,,,,,,,,Gm Materiais De Construcao,PASSO FUNDO,PASSO FUNDO,Rio Grande do Sul,-28.26176713,-52.40709509
222,https://gmcasaeconstrucao.com.br/,painel pinus,NOT_FOUND,Nao foram encontrados itens de 'painel pinus' (ou equivalentes) com dimensoes no nome neste site.,['painel pinus'],,,,,,,,,,,,,Gm Materiais De Construcao,PASSO FUNDO,PASSO FUNDO,Rio Grande do Sul,-28.26176713,-52.40709509
223,https://gmcasaeconstrucao.com.br/,painel pinus,NOT_FOUND,Nao foram encontrados itens de 'painel pinus' (ou equivalentes) com dimensoes no nome neste site.,['painel pinus'],,,,,,,,,,,,,Gm Materiais De Construcao,PASSO FUNDO,PASSO FUNDO,Rio Grande do Sul,-28.26176713,-52.40709509
224,https://www.geracaomateriais.com.br,painel pinus,NOT_FOUND,Nao foram encontrados itens de 'painel pinus' (ou equivalentes) com dimensoes no nome neste site.,['painel pinus'],,,,,,,,,,,,,Geracao Materiais Para Moveis Ltda,CAXIAS DO SUL,CAXIAS DO SUL,Rio Grande do Sul,-29.16689901,-51.17886021
225,https://www.geracaomateriais.com.br,painel pinus,NOT_FOUND,Nao foram encontrados itens de 'painel pinus' (ou equivalentes) com dimensoes no nome neste site.,['painel pinus'],,,,,,,,,,,,,Geracao Materiais Para Moveis Ltda,CAXIAS DO SUL,CAXIAS DO SUL,Rio Grande do Sul,-29.16689901,-51.17886021
226,https://www.geracaomateriais.com.br,painel pinus,NOT_FOUND,Nao foram encontrados itens de 'painel pinus' (ou equivalentes) com dimensoes no nome neste site.,['painel pinus'],,,,,,,,,,,,,Geracao Materiais Para Moveis Ltda,CAXIAS DO SUL,CAXIAS DO SUL,Rio Grande do Sul,-29.16689901,-51.17886021
227,https://www.geracaomateriais.com.br,painel pinus,NOT_FOUND,Nao foram encontrados itens de 'painel pinus' (ou equivalentes) com dimensoes no nome neste site.,['painel pinus'],,,,,,,,,,,,,Geracao Materiais Para Moveis Ltda,CAXIAS DO SUL,CAXIAS DO SUL,Rio Grande do Sul,-29.16689901,-51.17886021
228,https://www.geracaomateriais.com.br,painel pinus,NOT_FOUND,Nao foram encontrados itens de 'painel pinus' (ou equivalentes) com dimensoes no nome neste site.,['painel pinus'],,,,,,,,,,,,,Geracao Materiais Para Moveis Ltda,CAXIAS DO SUL,CAXIAS DO SUL,Rio Grande do Sul,-29.16689901,-51.17886021
229,https://www.geracaomateriais.com.br,painel pinus,NOT_FOUND,Nao foram encontrados itens de 'painel pinus' (ou equivalentes) com dimensoes no nome neste site.,['painel pinus'],,,,,,,,,,,,,Geracao Materiais Para Moveis Ltda,CAXIAS DO SUL,CAXIAS DO SUL,Rio Grande do Sul,-29.16689901,-51.17886021
230,https://www.geracaomateriais.com.br,painel pinus,NOT_FOUND,Nao foram encontrados itens de 'painel pinus' (ou equivalentes) com dimensoes no nome neste site.,['painel pinus'],,,,,,,,,,,,,Geracao Materiais Para Moveis Ltda,CAXIAS DO SUL,CAXIAS DO SUL,Rio Grande do Sul,-29.16689901,-51.17886021
231,https://www.geracaomateriais.com.br,painel pinus,NOT_FOUND,Nao foram encontrados itens de 'painel pinus' (ou equivalentes) com dimensoes no nome neste site.,['painel pinus'],,,,,,,,,,,,,Geracao Materiais Para Moveis Ltda,CAXIAS DO SUL,CAXIAS DO SUL,Rio Grande do Sul,-29.16689901,-51.17886021
232,https://albacete.com.br,painel pinus,NOT_FOUND,Nao foram encontrados itens de 'painel pinus' (ou equivalentes) com dimensoes no nome neste site.,['painel pinus'],,,,,,,,,,,,,Central De Distribuicao Albacete Sul,PORTO ALEGRE,PORTO ALEGRE,Rio Grande do Sul,-30.03003677,-51.22866046
233,https://albacete.com.br,painel pinus,NOT_FOUND,Nao foram encontrados itens de 'painel pinus' (ou equivalentes) com dimensoes no nome neste site.,['painel pinus'],,,,,,,,,,,,,Central De Distribuicao Albacete Sul,PORTO ALEGRE,PORTO ALEGRE,Rio Grande do Sul,-30.03003677,-51.22866046
234,https://albacete.com.br,painel pinus,NOT_FOUND,Nao foram encontrados itens de 'painel pinus' (ou equivalentes) com dimensoes no nome neste site.,['painel pinus'],,,,,,,,,,,,,Central De Distribuicao Albacete Sul,PORTO ALEGRE,PORTO ALEGRE,Rio Grande do Sul,-30.03003677,-51.22866046
235,https://albacete.com.br,painel pinus,NOT_FOUND,Nao foram encontrados itens de 'painel pinus' (ou equivalentes) com dimensoes no nome neste site.,['painel pinus'],,,,,,,,,,,,,Central De Distribuicao Albacete Sul,PORTO ALEGRE,PORTO ALEGRE,Rio Grande do Sul,-30.03003677,-51.22866046
236,https://albacete.com.br,painel pinus,NOT_FOUND,Nao foram encontrados itens de 'painel pinus' (ou equivalentes) com dimensoes no nome neste site.,['painel pinus'],,,,,,,,,,,,,Central De Distribuicao Albacete Sul,PORTO ALEGRE,PORTO ALEGRE,Rio Grande do Sul,-30.03003677,-51.22866046
237,https://albacete.com.br,painel pinus,NOT_FOUND,Nao foram encontrados itens de 'painel pinus' (ou equivalentes) com dimensoes no nome neste site.,['painel pinus'],,,,,,,,,,,,,Central De Distribuicao Albacete Sul,PORTO ALEGRE,PORTO ALEGRE,Rio Grande do Sul,-30.03003677,-51.22866046
238,https://albacete.com.br,painel pinus,NOT_FOUND,Nao foram encontrados itens de 'painel pinus' (ou equivalentes) com dimensoes no nome neste site.,['painel pinus'],,,,,,,,,,,,,Central De Distribuicao Albacete Sul,PORTO ALEGRE,PORTO ALEGRE,Rio Grande do Sul,-30.03003677,-51.22866046
239,https://albacete.com.br,painel pinus,NOT_FOUND,Nao foram encontrados itens de 'painel pinus' (ou equivalentes) com dimensoes no nome neste site.,['painel pinus'],,,,,,,,,,,,,Central De Distribuicao Albacete Sul,PORTO ALEGRE,PORTO ALEGRE,Rio Grande do Sul,-30.03003677,-51.22866046
240,https://albacete.com.br,painel pinus,NOT_FOUND,Nao foram encontrados itens de 'painel pinus' (ou equivalentes) com dimensoes no nome neste site.,['painel pinus'],,,,,,,,,,,,,Central De Distribuicao Albacete Sul,PORTO ALEGRE,PORTO ALEGRE,Rio Grande do Sul,-30.03003677,-51.22866046
241,https://bebmoveis.com.br/,painel pinus,NOT_FOUND,Nao foram encontrados itens de 'painel pinus' (ou equivalentes) com dimensoes no nome neste site.,['painel pinus'],,,,,,,,,,,,,B & B Moveis,VERANOPOLIS,VERANOPOLIS,Rio Grande do Sul,-28.93395734,-51.5522869
242,https://bebmoveis.com.br/,painel pinus,NOT_FOUND,Nao foram encontrados itens de 'painel pinus' (ou equivalentes) com dimensoes no nome neste site.,['painel pinus'],,,,,,,,,,,,,B & B Moveis,VERANOPOLIS,VERANOPOLIS,Rio Grande do Sul,-28.93395734,-51.5522869
243,https://bebmoveis.com.br/,painel pinus,NOT_FOUND,Nao foram encontrados itens de 'painel pinus' (ou equivalentes) com dimensoes no nome neste site.,['painel pinus'],,,,,,,,,,,,,B & B Moveis,VERANOPOLIS,VERANOPOLIS,Rio Grande do Sul,-28.93395734,-51.5522869
244,https://bebmoveis.com.br/,painel pinus,NOT_FOUND,Nao foram encontrados itens de 'painel pinus' (ou equivalentes) com dimensoes no nome neste site.,['painel pinus'],,,,,,,,,,,,,B & B Moveis,VERANOPOLIS,VERANOPOLIS,Rio Grande do Sul,-28.93395734,-51.5522869
245,https://bebmoveis.com.br/,painel pinus,NOT_FOUND,Nao foram encontrados itens de 'painel pinus' (ou equivalentes) com dimensoes no nome neste site.,['painel pinus'],,,,,,,,,,,,,B & B Moveis,VERANOPOLIS,VERANOPOLIS,Rio Grande do Sul,-28.93395734,-51.5522869
246,https://lajesul.com.br/,painel pinus,NOT_FOUND,Nao foram encontrados itens de 'painel pinus' (ou equivalentes) com dimensoes no nome neste site.,['painel pinus'],,,,,,,,,,,,,Lajesul Comercio De Materiais De Construcao Ltda,FAZENDA VILANOVA,FAZENDA VILANOVA,Rio Grande do Sul,-29.58857453,-51.82118304
247,https://lajesul.com.br/,painel pinus,NOT_FOUND,Nao foram encontrados itens de 'painel pinus' (ou equivalentes) com dimensoes no nome neste site.,['painel pinus'],,,,,,,,,,,,,Lajesul Comercio De Materiais De Construcao Ltda,FAZENDA VILANOVA,FAZENDA VILANOVA,Rio Grande do Sul,-29.58857453,-51.82118304
248,https://www.jaelimoveis.com.br/,painel pinus,NOT_FOUND,Nao foram encontrados itens de 'painel pinus' (ou equivalentes) com dimensoes no nome neste site.,['painel pinus'],,,,,,,,,,,,,Jaeli Moveis,NOVA CANDELARIA,NOVA CANDELARIA,Rio Grande do Sul,-27.61209816,-54.10411424
249,https://www.jaelimoveis.com.br/,painel pinus,NOT_FOUND,Nao foram encontrados itens de 'painel pinus' (ou equivalentes) com dimensoes no nome neste site.,['painel pinus'],,,,,,,,,,,,,Jaeli Moveis,NOVA CANDELARIA,NOVA CANDELARIA,Rio Grande do Sul,-27.61209816,-54.10411424
250,https://www.josane.com.br/,painel pinus,NOT_FOUND,Nao foram encontrados itens de 'painel pinus' (ou equivalentes) com dimensoes no nome neste site.,['painel pinus'],,,,,,,,,,,,,Joseange Materiais De Construcao E Obras De Engenharia Ltda,GUAIBA,GUAIBA,Rio Grande do Sul,-30.10860192,-51.31468366
251,https://www.josane.com.br/,painel pinus,NOT_FOUND,Nao foram encontrados itens de 'painel pinus' (ou equivalentes) com dimensoes no nome neste site.,['painel pinus'],,,,,,,,,,,,,Joseange Materiais De Construcao E Obras De Engenharia Ltda,GUAIBA,GUAIBA,Rio Grande do Sul,-30.10860192,-51.31468366
252,https://www.josane.com.br/,painel pinus,NOT_FOUND,Nao foram encontrados itens de 'painel pinus' (ou equivalentes) com dimensoes no nome neste site.,['painel pinus'],,,,,,,,,,,,,Joseange Materiais De Construcao E Obras De Engenharia Ltda,GUAIBA,GUAIBA,Rio Grande do Sul,-30.10860192,-51.31468366
253,https://www.josane.com.br/,painel pinus,NOT_FOUND,Nao foram encontrados itens de 'painel pinus' (ou equivalentes) com dimensoes no nome neste site.,['painel pinus'],,,,,,,,,,,,,Joseange Materiais De Construcao E Obras De Engenharia Ltda,GUAIBA,GUAIBA,Rio Grande do Sul,-30.10860192,-51.31468366
254,https://madeireirakf.com/,painel pinus,NOT_FOUND,Nao foram encontrados itens de 'painel pinus' (ou equivalentes) com dimensoes no nome neste site.,['painel pinus'],,,,,,,,,,,,,Kellermann & Freitas Ltda,VIAMAO,VIAMAO,Rio Grande do Sul,-30.08189684,-51.02482049
255,https://madeireirakf.com/,painel pinus,NOT_FOUND,Nao foram encontrados itens de 'painel pinus' (ou equivalentes) com dimensoes no nome neste site.,['painel pinus'],,,,,,,,,,,,,Kellermann & Freitas Ltda,VIAMAO,VIAMAO,Rio Grande do Sul,-30.08189684,-51.02482049
256,https://madeireirakf.com/,painel pinus,NOT_FOUND,Nao foram encontrados itens de 'painel pinus' (ou equivalentes) com dimensoes no nome neste site.,['painel pinus'],,,,,,,,,,,,,Kellermann & Freitas Ltda,VIAMAO,VIAMAO,Rio Grande do Sul,-30.08189684,-51.02482049
257,https://madeireirakf.com/,painel pinus,NOT_FOUND,Nao foram encontrados itens de 'painel pinus' (ou equivalentes) com dimensoes no nome neste site.,['painel pinus'],,,,,,,,,,,,,Kellermann & Freitas Ltda,VIAMAO,VIAMAO,Rio Grande do Sul,-30.08189684,-51.02482049
258,https://madeireirakf.com/,painel pinus,NOT_FOUND,Nao foram encontrados itens de 'painel pinus' (ou equivalentes) com dimensoes no nome neste site.,['painel pinus'],,,,,,,,,,,,,Kellermann & Freitas Ltda,VIAMAO,VIAMAO,Rio Grande do Sul,-30.08189684,-51.02482049
259,https://madeireirakf.com/,painel pinus,NOT_FOUND,Nao foram encontrados itens de 'painel pinus' (ou equivalentes) com dimensoes no nome neste site.,['painel pinus'],,,,,,,,,,,,,Kellermann & Freitas Ltda,VIAMAO,VIAMAO,Rio Grande do Sul,-30.08189684,-51.02482049
260,https://www.lojasbecker.com,painel pinus,NOT_FOUND,Nao foram encontrados itens de 'painel pinus' (ou equivalentes) com dimensoes no nome neste site.,['painel pinus'],,,,,,,,,,,,,Lojas Becker,TAQUARI,TAQUARI,Rio Grande do Sul,-29.80280085,-51.86277648
261,https://www.lojasbecker.com,painel pinus,NOT_FOUND,Nao foram encontrados itens de 'painel pinus' (ou equivalentes) com dimensoes no nome neste site.,['painel pinus'],,,,,,,,,,,,,Lojas Becker,TAQUARI,TAQUARI,Rio Grande do Sul,-29.80280085,-51.86277648
262,https://www.lojasbecker.com,painel pinus,NOT_FOUND,Nao foram encontrados itens de 'painel pinus' (ou equivalentes) com dimensoes no nome neste site.,['painel pinus'],,,,,,,,,,,,,Lojas Becker,TAQUARI,TAQUARI,Rio Grande do Sul,-29.80280085,-51.86277648
263,http://jjmachadors.com.br,painel pinus,NOT_FOUND,Nao foram encontrados itens de 'painel pinus' (ou equivalentes) com dimensoes no nome neste site.,['painel pinus'],,,,,,,,,,,,,Jj Machado - Xangri,LA,,,,
264,https://www.loja.fricke.com.br/,painel pinus,NOT_FOUND,Nao foram encontrados itens de 'painel pinus' (ou equivalentes) com dimensoes no nome neste site.,['painel pinus'],,,,,,,,,,,,,Lojas Fricke Ltda.,IJUI,IJUI,Rio Grande do Sul,-28.38853654,-53.91806684
265,https://www.loja.fricke.com.br/,painel pinus,NOT_FOUND,Nao foram encontrados itens de 'painel pinus' (ou equivalentes) com dimensoes no nome neste site.,['painel pinus'],,,,,,,,,,,,,Lojas Fricke Ltda.,IJUI,IJUI,Rio Grande do Sul,-28.38853654,-53.91806684
266,https://www.loja.fricke.com.br/,painel pinus,NOT_FOUND,Nao foram encontrados itens de 'painel pinus' (ou equivalentes) com dimensoes no nome neste site.,['painel pinus'],,,,,,,,,,,,,Lojas Fricke Ltda.,IJUI,IJUI,Rio Grande do Sul,-28.38853654,-53.91806684
267,https://www.loja.fricke.com.br/,painel pinus,NOT_FOUND,Nao foram encontrados itens de 'painel pinus' (ou equivalentes) com dimensoes no nome neste site.,['painel pinus'],,,,,,,,,,,,,Lojas Fricke Ltda.,IJUI,IJUI,Rio Grande do Sul,-28.38853654,-53.91806684
268,https://www.loja.fricke.com.br/,painel pinus,NOT_FOUND,Nao foram encontrados itens de 'painel pinus' (ou equivalentes) com dimensoes no nome neste site.,['painel pinus'],,,,,,,,,,,,,Lojas Fricke Ltda.,IJUI,IJUI,Rio Grande do Sul,-28.38853654,-53.91806684
269,https://www.jrcimento.com.br,painel pinus,NOT_FOUND,Nao foram encontrados itens de 'painel pinus' (ou equivalentes) com dimensoes no nome neste site.,['painel pinus'],,,,,,,,,,,,,Jr Comercio De Cimento E Concreto Ltda,PASSO FUNDO,PASSO FUNDO,Rio Grande do Sul,-28.26176713,-52.40709509
270,https://www.jrcimento.com.br,painel pinus,NOT_FOUND,Nao foram encontrados itens de 'painel pinus' (ou equivalentes) com dimensoes no nome neste site.,['painel pinus'],,,,,,,,,,,,,Jr Comercio De Cimento E Concreto Ltda,PASSO FUNDO,PASSO FUNDO,Rio Grande do Sul,-28.26176713,-52.40709509
271,https://www.jrcimento.com.br,painel pinus,NOT_FOUND,Nao foram encontrados itens de 'painel pinus' (ou equivalentes) com dimensoes no nome neste site.,['painel pinus'],,,,,,,,,,,,,Jr Comercio De Cimento E Concreto Ltda,PASSO FUNDO,PASSO FUNDO,Rio Grande do Sul,-28.26176713,-52.40709509
272,https://www.jrcimento.com.br,painel pinus,NOT_FOUND,Nao foram encontrados itens de 'painel pinus' (ou equivalentes) com dimensoes no nome neste site.,['painel pinus'],,,,,,,,,,,,,Jr Comercio De Cimento E Concreto Ltda,PASSO FUNDO,PASSO FUNDO,Rio Grande do Sul,-28.26176713,-52.40709509
273,https://www.jrcimento.com.br,painel pinus,NOT_FOUND,Nao foram encontrados itens de 'painel pinus' (ou equivalentes) com dimensoes no nome neste site.,['painel pinus'],,,,,,,,,,,,,Jr Comercio De Cimento E Concreto Ltda,PASSO FUNDO,PASSO FUNDO,Rio Grande do Sul,-28.26176713,-52.40709509
274,https://www.jrcimento.com.br,painel pinus,NOT_FOUND,Nao foram encontrados itens de 'painel pinus' (ou equivalentes) com dimensoes no nome neste site.,['painel pinus'],,,,,,,,,,,,,Jr Comercio De Cimento E Concreto Ltda,PASSO FUNDO,PASSO FUNDO,Rio Grande do Sul,-28.26176713,-52.40709509
275,https://www.jrcimento.com.br,painel pinus,NOT_FOUND,Nao foram encontrados itens de 'painel pinus' (ou equivalentes) com dimensoes no nome neste site.,['painel pinus'],,,,,,,,,,,,,Jr Comercio De Cimento E Concreto Ltda,PASSO FUNDO,PASSO FUNDO,Rio Grande do Sul,-28.26176713,-52.40709509
276,https://www.madehar.com.br/,painel pinus,NOT_FOUND,Nao foram encontrados itens de 'painel pinus' (ou equivalentes) com dimensoes no nome neste site.,['painel pinus'],,,,,,,,,,,,,Madehar Comercio De Materiais De Construcao Ltda,SAO LOURENCO DO SUL,SAO LOURENCO DO SUL,Rio Grande do Sul,-31.36402372,-51.97691524
277,https://www.madehar.com.br/,painel pinus,NOT_FOUND,Nao foram encontrados itens de 'painel pinus' (ou equivalentes) com dimensoes no nome neste site.,['painel pinus'],,,,,,,,,,,,,Madehar Comercio De Materiais De Construcao Ltda,SAO LOURENCO DO SUL,SAO LOURENCO DO SUL,Rio Grande do Sul,-31.36402372,-51.97691524
278,https://www.madehar.com.br/,painel pinus,NOT_FOUND,Nao foram encontrados itens de 'painel pinus' (ou equivalentes) com dimensoes no nome neste site.,['painel pinus'],,,,,,,,,,,,,Madehar Comercio De Materiais De Construcao Ltda,SAO LOURENCO DO SUL,SAO LOURENCO DO SUL,Rio Grande do Sul,-31.36402372,-51.97691524
279,https://www.castilhosrc.com.br/,painel pinus,NOT_FOUND,Nao foram encontrados itens de 'painel pinus' (ou equivalentes) com dimensoes no nome neste site.,['painel pinus'],,,,,,,,,,,,,Madeireira Castilhos,TRAMANDAI,TRAMANDAI,Rio Grande do Sul,-29.98730195,-50.1303765
280,https://www.castilhosrc.com.br/,painel pinus,NOT_FOUND,Nao foram encontrados itens de 'painel pinus' (ou equivalentes) com dimensoes no nome neste site.,['painel pinus'],,,,,,,,,,,,,Madeireira Castilhos,TRAMANDAI,TRAMANDAI,Rio Grande do Sul,-29.98730195,-50.1303765
281,https://www.castilhosrc.com.br/,painel pinus,NOT_FOUND,Nao foram encontrados itens de 'painel pinus' (ou equivalentes) com dimensoes no nome neste site.,['painel pinus'],,,,,,,,,,,,,Madeireira Castilhos,TRAMANDAI,TRAMANDAI,Rio Grande do Sul,-29.98730195,-50.1303765
282,https://www.madesa.com/,painel pinus,NOT_FOUND,Nao foram encontrados itens de 'painel pinus' (ou equivalentes) com dimensoes no nome neste site.,['painel pinus'],,,,,,,,,,,,,M D Moveis Ltda,BOM PRINCIPIO,BOM PRINCIPIO,Rio Grande do Sul,-29.49448511,-51.3555191
283,https://www.madesa.com/,painel pinus,NOT_FOUND,Nao foram encontrados itens de 'painel pinus' (ou equivalentes) com dimensoes no nome neste site.,['painel pinus'],,,,,,,,,,,,,M D Moveis Ltda,BOM PRINCIPIO,BOM PRINCIPIO,Rio Grande do Sul,-29.49448511,-51.3555191
284,https://www.madesa.com/,painel pinus,NOT_FOUND,Nao foram encontrados itens de 'painel pinus' (ou equivalentes) com dimensoes no nome neste site.,['painel pinus'],,,,,,,,,,,,,M D Moveis Ltda,BOM PRINCIPIO,BOM PRINCIPIO,Rio Grande do Sul,-29.49448511,-51.3555191
285,https://www.madesa.com/,painel pinus,NOT_FOUND,Nao foram encontrados itens de 'painel pinus' (ou equivalentes) com dimensoes no nome neste site.,['painel pinus'],,,,,,,,,,,,,M D Moveis Ltda,BOM PRINCIPIO,BOM PRINCIPIO,Rio Grande do Sul,-29.49448511,-51.3555191
286,https://macromadeiras.com.br/,painel pinus,NOT_FOUND,Nao foram encontrados itens de 'painel pinus' (ou equivalentes) com dimensoes no nome neste site.,['painel pinus'],,,,,,,,,,,,,Macro Madeiras Ltda,CAXIAS DO SUL,CAXIAS DO SUL,Rio Grande do Sul,-29.16689901,-51.17886021
287,https://macromadeiras.com.br/,painel pinus,NOT_FOUND,Nao foram encontrados itens de 'painel pinus' (ou equivalentes) com dimensoes no nome neste site.,['painel pinus'],,,,,,,,,,,,,Macro Madeiras Ltda,CAXIAS DO SUL,CAXIAS DO SUL,Rio Grande do Sul,-29.16689901,-51.17886021
288,https://macromadeiras.com.br/,painel pinus,NOT_FOUND,Nao foram encontrados itens de 'painel pinus' (ou equivalentes) com dimensoes no nome neste site.,['painel pinus'],,,,,,,,,,,,,Macro Madeiras Ltda,CAXIAS DO SUL,CAXIAS DO SUL,Rio Grande do Sul,-29.16689901,-51.17886021
289,https://macromadeiras.com.br/,painel pinus,NOT_FOUND,Nao foram encontrados itens de 'painel pinus' (ou equivalentes) com dimensoes no nome neste site.,['painel pinus'],,,,,,,,,,,,,Macro Madeiras Ltda,CAXIAS DO SUL,CAXIAS DO SUL,Rio Grande do Sul,-29.16689901,-51.17886021
290,https://macromadeiras.com.br/,painel pinus,NOT_FOUND,Nao foram encontrados itens de 'painel pinus' (ou equivalentes) com dimensoes no nome neste site.,['painel pinus'],,,,,,,,,,,,,Macro Madeiras Ltda,CAXIAS DO SUL,CAXIAS DO SUL,Rio Grande do Sul,-29.16689901,-51.17886021
291,https://macromadeiras.com.br/,painel pinus,NOT_FOUND,Nao foram encontrados itens de 'painel pinus' (ou equivalentes) com dimensoes no nome neste site.,['painel pinus'],,,,,,,,,,,,,Macro Madeiras Ltda,CAXIAS DO SUL,CAXIAS DO SUL,Rio Grande do Sul,-29.16689901,-51.17886021
292,https://macromadeiras.com.br/,painel pinus,NOT_FOUND,Nao foram encontrados itens de 'painel pinus' (ou equivalentes) com dimensoes no nome neste site.,['painel pinus'],,,,,,,,,,,,,Macro Madeiras Ltda,CAXIAS DO SUL,CAXIAS DO SUL,Rio Grande do Sul,-29.16689901,-51.17886021
293,https://macromadeiras.com.br/,painel pinus,NOT_FOUND,Nao foram encontrados itens de 'painel pinus' (ou equivalentes) com dimensoes no nome neste site.,['painel pinus'],,,,,,,,,,,,,Macro Madeiras Ltda,CAXIAS DO SUL,CAXIAS DO SUL,Rio Grande do Sul,-29.16689901,-51.17886021
294,https://www.leroymerlin.com.br/,painel pinus,FOUND,Itens encontrados.,['painel pinus'],Painel de madeira pinus 17mm mel 30x200cm settis,"17mm, 30x200cm","R$ 139,90 cada",https://www.leroymerlin.com.br/painel-de-madeira-pinus-17mm-mel-30x200cm-settis_92407910?referrer=category-page,30.0,200.0,17.0,139.9,BRL,1.0,0.000102,1371568.6274509805,Leroy Merlin Companhia Brasileira De Bricolagem,CACHOEIRINHA,CACHOEIRINHA,Rio Grande do Sul,-29.95062944,-51.09367695
295,https://www.leroymerlin.com.br/,painel pinus,FOUND,Itens encontrados.,['painel pinus'],Painel de madeira pinus 17mm mel 30x200cm settis,"17mm, 30x200cm","R$ 139,90 cada",https://www.leroymerlin.com.br/painel-de-madeira-pinus-17mm-mel-30x200cm-settis_92407910?referrer=category-page,30.0,200.0,17.0,139.9,BRL,1.0,0.000102,1371568.6274509805,Leroy Merlin Companhia Brasileira De Bricolagem,CACHOEIRINHA,CACHOEIRINHA,Rio Grande do Sul,-29.95062944,-51.09367695
296,https://www.leroymerlin.com.br/,painel pinus,FOUND,Itens encontrados.,['painel pinus'],Painel de madeira pinus 17mm mel 30x200cm settis,"17mm, 30x200cm","R$ 139,90 cada",https://www.leroymerlin.com.br/painel-de-madeira-pinus-17mm-mel-30x200cm-settis_92407910?referrer=category-page,30.0,200.0,17.0,139.9,BRL,1.0,0.000102,1371568.6274509805,Leroy Merlin Companhia Brasileira De Bricolagem,CACHOEIRINHA,CACHOEIRINHA,Rio Grande do Sul,-29.95062944,-51.09367695
297,https://www.leroymerlin.com.br/,painel pinus,FOUND,Itens encontrados.,['painel pinus'],Painel de madeira pinus 17mm mel 30x200cm settis,"17mm, 30x200cm","R$ 139,90 cada",https://www.leroymerlin.com.br/painel-de-madeira-pinus-17mm-mel-30x200cm-settis_92407910?referrer=category-page,30.0,200.0,17.0,139.9,BRL,1.0,0.000102,1371568.6274509805,Leroy Merlin Companhia Brasileira De Bricolagem,CACHOEIRINHA,CACHOEIRINHA,Rio Grande do Sul,-29.95062944,-51.09367695
298,https://www.leroymerlin.com.br/,painel pinus,FOUND,Itens encontrados.,['painel pinus'],Painel de madeira pinus 17mm mel 30x200cm settis,"17mm, 30x200cm","R$ 139,90 cada",https://www.leroymerlin.com.br/painel-de-madeira-pinus-17mm-mel-30x200cm-settis_92407910?referrer=category-page,30.0,200.0,17.0,139.9,BRL,1.0,0.000102,1371568.6274509805,Leroy Merlin Companhia Brasileira De Bricolagem,CACHOEIRINHA,CACHOEIRINHA,Rio Grande do Sul,-29.95062944,-51.09367695
299,https://www.leroymerlin.com.br/,painel pinus,FOUND,Itens encontrados.,['painel pinus'],Painel de madeira pinus 17mm mel 30x200cm settis,"17mm, 30x200cm","R$ 139,90 cada",https://www.leroymerlin.com.br/painel-de-madeira-pinus-17mm-mel-30x200cm-settis_92407910?referrer=category-page,30.0,200.0,17.0,139.9,BRL,1.0,0.000102,1371568.6274509805,Leroy Merlin Companhia Brasileira De Bricolagem,CACHOEIRINHA,CACHOEIRINHA,Rio Grande do Sul,-29.95062944,-51.09367695
300,https://www.leroymerlin.com.br/,painel pinus,FOUND,Itens encontrados.,['painel pinus'],Painel de madeira pinus 17mm mel 30x200cm settis,"17mm, 30x200cm","R$ 139,90 cada",https://www.leroymerlin.com.br/painel-de-madeira-pinus-17mm-mel-30x200cm-settis_92407910?referrer=category-page,30.0,200.0,17.0,139.9,BRL,1.0,0.000102,1371568.6274509805,Leroy Merlin Companhia Brasileira De Bricolagem,CACHOEIRINHA,CACHOEIRINHA,Rio Grande do Sul,-29.95062944,-51.09367695
301,https://www.leroymerlin.com.br/,painel pinus,FOUND,Itens encontrados.,['painel pinus'],Painel sarrafeado pinus 18mm,18mm,"R$ 707,25 cada",https://www.leroymerlin.com.br/painel-sarrafeado-pinus-18mm_1570817378?referrer=category-page,,,18.0,707.25,BRL,1.0,,,Leroy Merlin Companhia Brasileira De Bricolagem,CACHOEIRINHA,CACHOEIRINHA,Rio Grande do Sul,-29.95062944,-51.09367695
302,https://www.leroymerlin.com.br/,painel pinus,FOUND,Itens encontrados.,['painel pinus'],Painel sarrafeado pinus 18mm,18mm,"R$ 707,25 cada",https://www.leroymerlin.com.br/painel-sarrafeado-pinus-18mm_1570817378?referrer=category-page,,,18.0,707.25,BRL,1.0,,,Leroy Merlin Companhia Brasileira De Bricolagem,CACHOEIRINHA,CACHOEIRINHA,Rio Grande do Sul,-29.95062944,-51.09367695
303,https://www.leroymerlin.com.br/,painel pinus,FOUND,Itens encontrados.,['painel pinus'],Painel sarrafeado pinus 18mm,18mm,"R$ 707,25 cada",https://www.leroymerlin.com.br/painel-sarrafeado-pinus-18mm_1570817378?referrer=category-page,,,18.0,707.25,BRL,1.0,,,Leroy Merlin Companhia Brasileira De Bricolagem,CACHOEIRINHA,CACHOEIRINHA,Rio Grande do Sul,-29.95062944,-51.09367695
304,https://www.leroymerlin.com.br/,painel pinus,FOUND,Itens encontrados.,['painel pinus'],Painel sarrafeado pinus 18mm,18mm,"R$ 707,25 cada",https://www.leroymerlin.com.br/painel-sarrafeado-pinus-18mm_1570817378?referrer=category-page,,,18.0,707.25,BRL,1.0,,,Leroy Merlin Companhia Brasileira De Bricolagem,CACHOEIRINHA,CACHOEIRINHA,Rio Grande do Sul,-29.95062944,-51.09367695
305,https://www.leroymerlin.com.br/,painel pinus,FOUND,Itens encontrados.,['painel pinus'],Painel sarrafeado pinus 18mm,18mm,"R$ 707,25 cada",https://www.leroymerlin.com.br/painel-sarrafeado-pinus-18mm_1570817378?referrer=category-page,,,18.0,707.25,BRL,1.0,,,Leroy Merlin Companhia Brasileira De Bricolagem,CACHOEIRINHA,CACHOEIRINHA,Rio Grande do Sul,-29.95062944,-51.09367695
306,https://www.leroymerlin.com.br/,painel pinus,FOUND,Itens encontrados.,['painel pinus'],Painel sarrafeado pinus 18mm,18mm,"R$ 707,25 cada",https://www.leroymerlin.com.br/painel-sarrafeado-pinus-18mm_1570817378?referrer=category-page,,,18.0,707.25,BRL,1.0,,,Leroy Merlin Companhia Brasileira De Bricolagem,CACHOEIRINHA,CACHOEIRINHA,Rio Grande do Sul,-29.95062944,-51.09367695
307,https://www.leroymerlin.com.br/,painel pinus,FOUND,Itens encontrados.,['painel pinus'],Painel sarrafeado pinus 18mm,18mm,"R$ 707,25 cada",https://www.leroymerlin.com.br/painel-sarrafeado-pinus-18mm_1570817378?referrer=category-page,,,18.0,707.25,BRL,1.0,,,Leroy Merlin Companhia Brasileira De Bricolagem,CACHOEIRINHA,CACHOEIRINHA,Rio Grande do Sul,-29.95062944,-51.09367695
308,https://www.leroymerlin.com.br/,painel pinus,FOUND,Itens encontrados.,['painel pinus'],Painel Chapa Madeira Natural Tramontina - 1m X 30cm Com 18mm,1m x 30cm com 18mm de espessura,"R$ 71,90 cada",https://www.leroymerlin.com.br/painel-chapa-madeira-natural-tramontina-1m-x-30cm-com-18mm-de-espessura_1566925979?referrer=category-page,,,18.0,71.9,BRL,1.0,,,Leroy Merlin Companhia Brasileira De Bricolagem,CACHOEIRINHA,CACHOEIRINHA,Rio Grande do Sul,-29.95062944,-51.09367695
309,https://www.leroymerlin.com.br/,painel pinus,FOUND,Itens encontrados.,['painel pinus'],Painel Chapa Madeira Natural Tramontina - 1m X 30cm Com 18mm,1m x 30cm com 18mm de espessura,"R$ 71,90 cada",https://www.leroymerlin.com.br/painel-chapa-madeira-natural-tramontina-1m-x-30cm-com-18mm-de-espessura_1566925979?referrer=category-page,,,18.0,71.9,BRL,1.0,,,Leroy Merlin Companhia Brasileira De Bricolagem,CACHOEIRINHA,CACHOEIRINHA,Rio Grande do Sul,-29.95062944,-51.09367695
310,https://www.leroymerlin.com.br/,painel pinus,FOUND,Itens encontrados.,['painel pinus'],Painel Chapa Madeira Natural Tramontina - 1m X 30cm Com 18mm,1m x 30cm com 18mm de espessura,"R$ 71,90 cada",https://www.leroymerlin.com.br/painel-chapa-madeira-natural-tramontina-1m-x-30cm-com-18mm-de-espessura_1566925979?referrer=category-page,,,18.0,71.9,BRL,1.0,,,Leroy Merlin Companhia Brasileira De Bricolagem,CACHOEIRINHA,CACHOEIRINHA,Rio Grande do Sul,-29.95062944,-51.09367695
311,https://www.leroymerlin.com.br/,painel pinus,FOUND,Itens encontrados.,['painel pinus'],Painel Chapa Madeira Natural Tramontina - 1m X 30cm Com 18mm,1m x 30cm com 18mm de espessura,"R$ 71,90 cada",https://www.leroymerlin.com.br/painel-chapa-madeira-natural-tramontina-1m-x-30cm-com-18mm-de-espessura_1566925979?referrer=category-page,,,18.0,71.9,BRL,1.0,,,Leroy Merlin Companhia Brasileira De Bricolagem,CACHOEIRINHA,CACHOEIRINHA,Rio Grande do Sul,-29.95062944,-51.09367695
312,https://www.leroymerlin.com.br/,painel pinus,FOUND,Itens encontrados.,['painel pinus'],Painel Chapa Madeira Natural Tramontina - 1m X 30cm Com 18mm,1m x 30cm com 18mm de espessura,"R$ 71,90 cada",https://www.leroymerlin.com.br/painel-chapa-madeira-natural-tramontina-1m-x-30cm-com-18mm-de-espessura_1566925979?referrer=category-page,,,18.0,71.9,BRL,1.0,,,Leroy Merlin Companhia Brasileira De Bricolagem,CACHOEIRINHA,CACHOEIRINHA,Rio Grande do Sul,-29.95062944,-51.09367695
313,https://www.leroymerlin.com.br/,painel pinus,FOUND,Itens encontrados.,['painel pinus'],Painel Chapa Madeira Natural Tramontina - 1m X 30cm Com 18mm,1m x 30cm com 18mm de espessura,"R$ 71,90 cada",https://www.leroymerlin.com.br/painel-chapa-madeira-natural-tramontina-1m-x-30cm-com-18mm-de-espessura_1566925979?referrer=category-page,,,18.0,71.9,BRL,1.0,,,Leroy Merlin Companhia Brasileira De Bricolagem,CACHOEIRINHA,CACHOEIRINHA,Rio Grande do Sul,-29.95062944,-51.09367695
314,https://www.leroymerlin.com.br/,painel pinus,FOUND,Itens encontrados.,['painel pinus'],Painel Chapa Madeira Natural Tramontina - 1m X 30cm Com 18mm,1m x 30cm com 18mm de espessura,"R$ 71,90 cada",https://www.leroymerlin.com.br/painel-chapa-madeira-natural-tramontina-1m-x-30cm-com-18mm-de-espessura_1566925979?referrer=category-page,,,18.0,71.9,BRL,1.0,,,Leroy Merlin Companhia Brasileira De Bricolagem,CACHOEIRINHA,CACHOEIRINHA,Rio Grande do Sul,-29.95062944,-51.09367695
315,https://redemac.com.br/,painel pinus,NOT_FOUND,Nao foram encontrados itens de 'painel pinus' (ou equivalentes) com dimensoes no nome neste site.,['painel pinus'],,,,,,,,,,,,,Materiais De Construcao Elem,LAVRAS DO SUL,LAVRAS DO SUL,Rio Grande do Sul,-30.81200999,-53.89847666
316,http://www.madeleinet.com.br,painel pinus,NOT_FOUND,Nao foram encontrados itens de 'painel pinus' (ou equivalentes) com dimensoes no nome neste site.,['painel pinus'],,,,,,,,,,,,,Madelei Produtos Para Moveis E Decoracao Ltda,PORTO ALEGRE,PORTO ALEGRE,Rio Grande do Sul,-30.03003677,-51.22866046
317,http://www.madeleinet.com.br,painel pinus,NOT_FOUND,Nao foram encontrados itens de 'painel pinus' (ou equivalentes) com dimensoes no nome neste site.,['painel pinus'],,,,,,,,,,,,,Madelei Produtos Para Moveis E Decoracao Ltda,PORTO ALEGRE,PORTO ALEGRE,Rio Grande do Sul,-30.03003677,-51.22866046
318,http://www.madeleinet.com.br,painel pinus,NOT_FOUND,Nao foram encontrados itens de 'painel pinus' (ou equivalentes) com dimensoes no nome neste site.,['painel pinus'],,,,,,,,,,,,,Madelei Produtos Para Moveis E Decoracao Ltda,PORTO ALEGRE,PORTO ALEGRE,Rio Grande do Sul,-30.03003677,-51.22866046
319,http://www.madeleinet.com.br,painel pinus,NOT_FOUND,Nao foram encontrados itens de 'painel pinus' (ou equivalentes) com dimensoes no nome neste site.,['painel pinus'],,,,,,,,,,,,,Madelei Produtos Para Moveis E Decoracao Ltda,PORTO ALEGRE,PORTO ALEGRE,Rio Grande do Sul,-30.03003677,-51.22866046
320,http://www.madeleinet.com.br,painel pinus,NOT_FOUND,Nao foram encontrados itens de 'painel pinus' (ou equivalentes) com dimensoes no nome neste site.,['painel pinus'],,,,,,,,,,,,,Madelei Produtos Para Moveis E Decoracao Ltda,PORTO ALEGRE,PORTO ALEGRE,Rio Grande do Sul,-30.03003677,-51.22866046
321,http://www.madeleinet.com.br,painel pinus,NOT_FOUND,Nao foram encontrados itens de 'painel pinus' (ou equivalentes) com dimensoes no nome neste site.,['painel pinus'],,,,,,,,,,,,,Madelei Produtos Para Moveis E Decoracao Ltda,PORTO ALEGRE,PORTO ALEGRE,Rio Grande do Sul,-30.03003677,-51.22866046
322,http://www.madeleinet.com.br,painel pinus,NOT_FOUND,Nao foram encontrados itens de 'painel pinus' (ou equivalentes) com dimensoes no nome neste site.,['painel pinus'],,,,,,,,,,,,,Madelei Produtos Para Moveis E Decoracao Ltda,PORTO ALEGRE,PORTO ALEGRE,Rio Grande do Sul,-30.03003677,-51.22866046
323,http://www.madeleinet.com.br,painel pinus,NOT_FOUND,Nao foram encontrados itens de 'painel pinus' (ou equivalentes) com dimensoes no nome neste site.,['painel pinus'],,,,,,,,,,,,,Madelei Produtos Para Moveis E Decoracao Ltda,PORTO ALEGRE,PORTO ALEGRE,Rio Grande do Sul,-30.03003677,-51.22866046
324,http://www.madeleinet.com.br,painel pinus,NOT_FOUND,Nao foram encontrados itens de 'painel pinus' (ou equivalentes) com dimensoes no nome neste site.,['painel pinus'],,,,,,,,,,,,,Madelei Produtos Para Moveis E Decoracao Ltda,PORTO ALEGRE,PORTO ALEGRE,Rio Grande do Sul,-30.03003677,-51.22866046
325,https://www.queroquero.com.br/,painel pinus,FOUND,Itens encontrados.,['painel pinus'],"Painel de Madeira Pinus Fingada Santa Luzia 1,7x30x90","1,7x30x90","R$ 28,49",https://www.queroquero.com.br/painel-de-madeira-pinus-fingada-santa-luzia-1-7x30x90/p,17.0,30.0,,28.49,BRL,1.0,,,Lojas Quero-Quero,TRAMANDAI,TRAMANDAI,Rio Grande do Sul,-29.98730195,-50.1303765
326,https://www.queroquero.com.br/,painel pinus,FOUND,Itens encontrados.,['painel pinus'],"Painel de Madeira Pinus Fingada Santa Luzia 1,7x30x90","1,7x30x90","R$ 28,49",https://www.queroquero.com.br/painel-de-madeira-pinus-fingada-santa-luzia-1-7x30x90/p,17.0,30.0,,28.49,BRL,1.0,,,Lojas Quero-Quero,TRAMANDAI,TRAMANDAI,Rio Grande do Sul,-29.98730195,-50.1303765
327,https://www.queroquero.com.br/,painel pinus,FOUND,Itens encontrados.,['painel pinus'],"Painel de Madeira Pinus Fingada Santa Luzia 1,7x30x90","1,7x30x90","R$ 28,49",https://www.queroquero.com.br/painel-de-madeira-pinus-fingada-santa-luzia-1-7x30x90/p,17.0,30.0,,28.49,BRL,1.0,,,Lojas Quero-Quero,TRAMANDAI,TRAMANDAI,Rio Grande do Sul,-29.98730195,-50.1303765
328,https://www.queroquero.com.br/,painel pinus,FOUND,Itens encontrados.,['painel pinus'],"Painel de Madeira Pinus Fingada Santa Luzia 1,7x30x60","1,7x30x60","R$ 18,99",https://www.queroquero.com.br/painel-de-madeira-pinus-fingada-santa-luzia-1-7x30x60/p,17.0,30.0,,18.99,BRL,1.0,,,Lojas Quero-Quero,TRAMANDAI,TRAMANDAI,Rio Grande do Sul,-29.98730195,-50.1303765
329,https://www.queroquero.com.br/,painel pinus,FOUND,Itens encontrados.,['painel pinus'],"Painel de Madeira Pinus Fingada Santa Luzia 1,7x30x60","1,7x30x60","R$ 18,99",https://www.queroquero.com.br/painel-de-madeira-pinus-fingada-santa-luzia-1-7x30x60/p,17.0,30.0,,18.99,BRL,1.0,,,Lojas Quero-Quero,TRAMANDAI,TRAMANDAI,Rio Grande do Sul,-29.98730195,-50.1303765
330,https://www.queroquero.com.br/,painel pinus,FOUND,Itens encontrados.,['painel pinus'],"Painel de Madeira Pinus Fingada Santa Luzia 1,7x30x60","1,7x30x60","R$ 18,99",https://www.queroquero.com.br/painel-de-madeira-pinus-fingada-santa-luzia-1-7x30x60/p,17.0,30.0,,18.99,BRL,1.0,,,Lojas Quero-Quero,TRAMANDAI,TRAMANDAI,Rio Grande do Sul,-29.98730195,-50.1303765
331,https://www.queroquero.com.br/,painel pinus,FOUND,Itens encontrados.,['painel pinus'],"Painel de Madeira Pinus Fingada Santa Luzia 1,7x30x120","1,7x30x120","R$ 37,99",https://www.queroquero.com.br/painel-de-madeira-pinus-fingada-santa-luzia-1-7x30x120/p,17.0,30.0,,37.99,BRL,1.0,,,Lojas Quero-Quero,TRAMANDAI,TRAMANDAI,Rio Grande do Sul,-29.98730195,-50.1303765
332,https://www.queroquero.com.br/,painel pinus,FOUND,Itens encontrados.,['painel pinus'],"Painel de Madeira Pinus Fingada Santa Luzia 1,7x30x120","1,7x30x120","R$ 37,99",https://www.queroquero.com.br/painel-de-madeira-pinus-fingada-santa-luzia-1-7x30x120/p,17.0,30.0,,37.99,BRL,1.0,,,Lojas Quero-Quero,TRAMANDAI,TRAMANDAI,Rio Grande do Sul,-29.98730195,-50.1303765
333,https://www.queroquero.com.br/,painel pinus,FOUND,Itens encontrados.,['painel pinus'],"Painel de Madeira Pinus Fingada Santa Luzia 1,7x30x120","1,7x30x120","R$ 37,99",https://www.queroquero.com.br/painel-de-madeira-pinus-fingada-santa-luzia-1-7x30x120/p,17.0,30.0,,37.99,BRL,1.0,,,Lojas Quero-Quero,TRAMANDAI,TRAMANDAI,Rio Grande do Sul,-29.98730195,-50.1303765
334,https://www.queroquero.com.br/,painel pinus,FOUND,Itens encontrados.,['painel pinus'],Painel Sarrafeado Pinus 18mm,18mm,"R$ 707,25",https://www.queroquero.com.br/painel-sarrafeado-pinus-18mm-609429/p,,,18.0,707.25,BRL,1.0,,,Lojas Quero-Quero,TRAMANDAI,TRAMANDAI,Rio Grande do Sul,-29.98730195,-50.1303765
335,https://www.queroquero.com.br/,painel pinus,FOUND,Itens encontrados.,['painel pinus'],Painel Sarrafeado Pinus 18mm,18mm,"R$ 707,25",https://www.queroquero.com.br/painel-sarrafeado-pinus-18mm-609429/p,,,18.0,707.25,BRL,1.0,,,Lojas Quero-Quero,TRAMANDAI,TRAMANDAI,Rio Grande do Sul,-29.98730195,-50.1303765
336,https://www.queroquero.com.br/,painel pinus,FOUND,Itens encontrados.,['painel pinus'],Painel Sarrafeado Pinus 18mm,18mm,"R$ 707,25",https://www.queroquero.com.br/painel-sarrafeado-pinus-18mm-609429/p,,,18.0,707.25,BRL,1.0,,,Lojas Quero-Quero,TRAMANDAI,TRAMANDAI,Rio Grande do Sul,-29.98730195,-50.1303765
337,https://www.queroquero.com.br/,painel pinus,FOUND,Itens encontrados.,['painel pinus'],Painel Chapa Madeira Modulare Em Madeira Pinus 2000x300x18 Mm,2000x300x18 Mm,"R$ 69,20",https://www.queroquero.com.br/painel-chapa-madeira-modulare-em-madeira-pinus-2000x300x18-mm-----2m-x-30cm-co-466217/p,2000.0,300.0,18.0,69.2,BRL,1.0,0.0108,6407.407407407407,Lojas Quero-Quero,TRAMANDAI,TRAMANDAI,Rio Grande do Sul,-29.98730195,-50.1303765
338,https://www.queroquero.com.br/,painel pinus,FOUND,Itens encontrados.,['painel pinus'],Painel Chapa Madeira Modulare Em Madeira Pinus 2000x300x18 Mm,2000x300x18 Mm,"R$ 69,20",https://www.queroquero.com.br/painel-chapa-madeira-modulare-em-madeira-pinus-2000x300x18-mm-----2m-x-30cm-co-466217/p,2000.0,300.0,18.0,69.2,BRL,1.0,0.0108,6407.407407407407,Lojas Quero-Quero,TRAMANDAI,TRAMANDAI,Rio Grande do Sul,-29.98730195,-50.1303765
339,https://www.queroquero.com.br/,painel pinus,FOUND,Itens encontrados.,['painel pinus'],Painel Chapa Madeira Modulare Em Madeira Pinus 2000x300x18 Mm,2000x300x18 Mm,"R$ 69,20",https://www.queroquero.com.br/painel-chapa-madeira-modulare-em-madeira-pinus-2000x300x18-mm-----2m-x-30cm-co-466217/p,2000.0,300.0,18.0,69.2,BRL,1.0,0.0108,6407.407407407407,Lojas Quero-Quero,TRAMANDAI,TRAMANDAI,Rio Grande do Sul,-29.98730195,-50.1303765
340,https://www.queroquero.com.br/,painel pinus,FOUND,Itens encontrados.,['painel pinus'],Painel Tramontina Modulare Madeira Pinus Acabamento Mel 1000x200x18mm,1000x200x18mm,"R$ 65,47",https://www.queroquero.com.br/painel-tramontina-modulare-madeira-pinus-acabamento-mel-1000x200x18mm-tramontina-478355/p,1000.0,200.0,18.0,65.47,BRL,1.0,0.0036,18186.11111111111,Lojas Quero-Quero,TRAMANDAI,TRAMANDAI,Rio Grande do Sul,-29.98730195,-50.1303765
341,https://www.queroquero.com.br/,painel pinus,FOUND,Itens encontrados.,['painel pinus'],Painel Tramontina Modulare Madeira Pinus Acabamento Mel 1000x200x18mm,1000x200x18mm,"R$ 65,47",https://www.queroquero.com.br/painel-tramontina-modulare-madeira-pinus-acabamento-mel-1000x200x18mm-tramontina-478355/p,1000.0,200.0,18.0,65.47,BRL,1.0,0.0036,18186.11111111111,Lojas Quero-Quero,TRAMANDAI,TRAMANDAI,Rio Grande do Sul,-29.98730195,-50.1303765
342,https://www.queroquero.com.br/,painel pinus,FOUND,Itens encontrados.,['painel pinus'],Painel Tramontina Modulare Madeira Pinus Acabamento Mel 1000x200x18mm,1000x200x18mm,"R$ 65,47",https://www.queroquero.com.br/painel-tramontina-modulare-madeira-pinus-acabamento-mel-1000x200x18mm-tramontina-478355/p,1000.0,200.0,18.0,65.47,BRL,1.0,0.0036,18186.11111111111,Lojas Quero-Quero,TRAMANDAI,TRAMANDAI,Rio Grande do Sul,-29.98730195,-50.1303765
343,https://www.queroquero.com.br/,painel pinus,FOUND,Itens encontrados.,['painel pinus'],Painel Modulare em Madeira Pinus 2000X200X18 Mm,2000X200X18 Mm,"R$ 132,79",https://www.queroquero.com.br/painel-modulare-em-madeira-pinus-2000x200x18-mm-266118/p,2000.0,200.0,18.0,132.79,BRL,1.0,0.0072,18443.055555555555,Lojas Quero-Quero,TRAMANDAI,TRAMANDAI,Rio Grande do Sul,-29.98730195,-50.1303765
344,https://www.queroquero.com.br/,painel pinus,FOUND,Itens encontrados.,['painel pinus'],Painel Modulare em Madeira Pinus 2000X200X18 Mm,2000X200X18 Mm,"R$ 132,79",https://www.queroquero.com.br/painel-modulare-em-madeira-pinus-2000x200x18-mm-266118/p,2000.0,200.0,18.0,132.79,BRL,1.0,0.0072,18443.055555555555,Lojas Quero-Quero,TRAMANDAI,TRAMANDAI,Rio Grande do Sul,-29.98730195,-50.1303765
345,https://www.queroquero.com.br/,painel pinus,FOUND,Itens encontrados.,['painel pinus'],Painel Modulare em Madeira Pinus 2000X200X18 Mm,2000X200X18 Mm,"R$ 132,79",https://www.queroquero.com.br/painel-modulare-em-madeira-pinus-2000x200x18-mm-266118/p,2000.0,200.0,18.0,132.79,BRL,1.0,0.0072,18443.055555555555,Lojas Quero-Quero,TRAMANDAI,TRAMANDAI,Rio Grande do Sul,-29.98730195,-50.1303765
346,https://www.queroquero.com.br/,painel pinus,FOUND,Itens encontrados.,['painel pinus'],"Painel De Madeira De Pinus 1,8x40x150 Cubomob Natural","1,8x40x150","R$ 104,00",https://www.queroquero.com.br/painel-de-madeira-de-pinus-18x40x150-cubomob-natural-442717/p,18.0,40.0,,104.0,BRL,1.0,,,Lojas Quero-Quero,TRAMANDAI,TRAMANDAI,Rio Grande do Sul,-29.98730195,-50.1303765
347,https://www.queroquero.com.br/,painel pinus,FOUND,Itens encontrados.,['painel pinus'],"Painel De Madeira De Pinus 1,8x40x150 Cubomob Natural","1,8x40x150","R$ 104,00",https://www.queroquero.com.br/painel-de-madeira-de-pinus-18x40x150-cubomob-natural-442717/p,18.0,40.0,,104.0,BRL,1.0,,,Lojas Quero-Quero,TRAMANDAI,TRAMANDAI,Rio Grande do Sul,-29.98730195,-50.1303765
348,https://www.queroquero.com.br/,painel pinus,FOUND,Itens encontrados.,['painel pinus'],"Painel De Madeira De Pinus 1,8x40x150 Cubomob Natural","1,8x40x150","R$ 104,00",https://www.queroquero.com.br/painel-de-madeira-de-pinus-18x40x150-cubomob-natural-442717/p,18.0,40.0,,104.0,BRL,1.0,,,Lojas Quero-Quero,TRAMANDAI,TRAMANDAI,Rio Grande do Sul,-29.98730195,-50.1303765
349,https://www.queroquero.com.br/,painel pinus,FOUND,Itens encontrados.,['painel pinus'],Painel Modulare em Madeira Pinus 1500X400X18 Mm,1500X400X18 Mm,"R$ 180,92",https://www.queroquero.com.br/painel-modulare-em-madeira-pinus-1500x400x18-mm-266111/p,1500.0,400.0,18.0,180.92,BRL,1.0,0.0108,16751.85185185185,Lojas Quero-Quero,TRAMANDAI,TRAMANDAI,Rio Grande do Sul,-29.98730195,-50.1303765
350,https://www.queroquero.com.br/,painel pinus,FOUND,Itens encontrados.,['painel pinus'],Painel Modulare em Madeira Pinus 1500X400X18 Mm,1500X400X18 Mm,"R$ 180,92",https://www.queroquero.com.br/painel-modulare-em-madeira-pinus-1500x400x18-mm-266111/p,1500.0,400.0,18.0,180.92,BRL,1.0,0.0108,16751.85185185185,Lojas Quero-Quero,TRAMANDAI,TRAMANDAI,Rio Grande do Sul,-29.98730195,-50.1303765
351,https://www.queroquero.com.br/,painel pinus,FOUND,Itens encontrados.,['painel pinus'],Painel Modulare em Madeira Pinus 1500X400X18 Mm,1500X400X18 Mm,"R$ 180,92",https://www.queroquero.com.br/painel-modulare-em-madeira-pinus-1500x400x18-mm-266111/p,1500.0,400.0,18.0,180.92,BRL,1.0,0.0108,16751.85185185185,Lojas Quero-Quero,TRAMANDAI,TRAMANDAI,Rio Grande do Sul,-29.98730195,-50.1303765
352,https://www.queroquero.com.br/,painel pinus,FOUND,Itens encontrados.,['painel pinus'],Painel Modulare em Madeira Pinus 1000X300X18 Mm,1000X300X18 Mm,"R$ 99,80",https://www.queroquero.com.br/painel-modulare-em-madeira-pinus-1000x300x18-mm-266099/p,1000.0,300.0,18.0,99.8,BRL,1.0,0.0054,18481.48148148148,Lojas Quero-Quero,TRAMANDAI,TRAMANDAI,Rio Grande do Sul,-29.98730195,-50.1303765
353,https://www.queroquero.com.br/,painel pinus,FOUND,Itens encontrados.,['painel pinus'],Painel Modulare em Madeira Pinus 1000X300X18 Mm,1000X300X18 Mm,"R$ 99,80",https://www.queroquero.com.br/painel-modulare-em-madeira-pinus-1000x300x18-mm-266099/p,1000.0,300.0,18.0,99.8,BRL,1.0,0.0054,18481.48148148148,Lojas Quero-Quero,TRAMANDAI,TRAMANDAI,Rio Grande do Sul,-29.98730195,-50.1303765
354,https://www.queroquero.com.br/,painel pinus,FOUND,Itens encontrados.,['painel pinus'],Painel Modulare em Madeira Pinus 1000X300X18 Mm,1000X300X18 Mm,"R$ 99,80",https://www.queroquero.com.br/painel-modulare-em-madeira-pinus-1000x300x18-mm-266099/p,1000.0,300.0,18.0,99.8,BRL,1.0,0.0054,18481.48148148148,Lojas Quero-Quero,TRAMANDAI,TRAMANDAI,Rio Grande do Sul,-29.98730195,-50.1303765
355,https://www.queroquero.com.br/,painel pinus,FOUND,Itens encontrados.,['painel pinus'],Painel Modulare em Madeira Pinus 600X300X18 Mm,600X300X18 Mm,"R$ 59,76",https://www.queroquero.com.br/painel-modulare-em-madeira-pinus-600x300x18-mm-266106/p,600.0,300.0,18.0,59.76,BRL,1.0,0.00324,18444.444444444445,Lojas Quero-Quero,TRAMANDAI,TRAMANDAI,Rio Grande do Sul,-29.98730195,-50.1303765
356,https://www.queroquero.com.br/,painel pinus,FOUND,Itens encontrados.,['painel pinus'],Painel Modulare em Madeira Pinus 600X300X18 Mm,600X300X18 Mm,"R$ 59,76",https://www.queroquero.com.br/painel-modulare-em-madeira-pinus-600x300x18-mm-266106/p,600.0,300.0,18.0,59.76,BRL,1.0,0.00324,18444.444444444445,Lojas Quero-Quero,TRAMANDAI,TRAMANDAI,Rio Grande do Sul,-29.98730195,-50.1303765
357,https://www.queroquero.com.br/,painel pinus,FOUND,Itens encontrados.,['painel pinus'],Painel Modulare em Madeira Pinus 600X300X18 Mm,600X300X18 Mm,"R$ 59,76",https://www.queroquero.com.br/painel-modulare-em-madeira-pinus-600x300x18-mm-266106/p,600.0,300.0,18.0,59.76,BRL,1.0,0.00324,18444.444444444445,Lojas Quero-Quero,TRAMANDAI,TRAMANDAI,Rio Grande do Sul,-29.98730195,-50.1303765
358,https://www.queroquero.com.br/,painel pinus,FOUND,Itens encontrados.,['painel pinus'],Painel Tramontina Modulare Madeira Pinus Acabamento Mel 1200x200x18mm,1200x200x18mm,"R$ 87,32",https://www.queroquero.com.br/painel-tramontina-modulare-madeira-pinus-acabamento-mel-1200x200x18mm-tramontina-541309/p,1200.0,200.0,18.0,87.32,BRL,1.0,0.00432,20212.96296296296,Lojas Quero-Quero,TRAMANDAI,TRAMANDAI,Rio Grande do Sul,-29.98730195,-50.1303765
359,https://www.queroquero.com.br/,painel pinus,FOUND,Itens encontrados.,['painel pinus'],Painel Tramontina Modulare Madeira Pinus Acabamento Mel 1200x200x18mm,1200x200x18mm,"R$ 87,32",https://www.queroquero.com.br/painel-tramontina-modulare-madeira-pinus-acabamento-mel-1200x200x18mm-tramontina-541309/p,1200.0,200.0,18.0,87.32,BRL,1.0,0.00432,20212.96296296296,Lojas Quero-Quero,TRAMANDAI,TRAMANDAI,Rio Grande do Sul,-29.98730195,-50.1303765
360,https://www.queroquero.com.br/,painel pinus,FOUND,Itens encontrados.,['painel pinus'],Painel Tramontina Modulare Madeira Pinus Acabamento Mel 1200x200x18mm,1200x200x18mm,"R$ 87,32",https://www.queroquero.com.br/painel-tramontina-modulare-madeira-pinus-acabamento-mel-1200x200x18mm-tramontina-541309/p,1200.0,200.0,18.0,87.32,BRL,1.0,0.00432,20212.96296296296,Lojas Quero-Quero,TRAMANDAI,TRAMANDAI,Rio Grande do Sul,-29.98730195,-50.1303765
361,https://www.queroquero.com.br/,painel pinus,FOUND,Itens encontrados.,['painel pinus'],Painel Tramontina Modulare Em Madeira Pinus Com Acabamento Castanho Escuro 1200x200x12 Mm,1200x200x12 Mm,"R$ 75,05",https://www.queroquero.com.br/painel-tramontina-modulare-em-madeira-pinus-com-acabamento-castanho-escuro-1200x200x12-mm-tramontina-252645/p,1200.0,200.0,12.0,75.05,BRL,1.0,0.00288,26059.027777777774,Lojas Quero-Quero,TRAMANDAI,TRAMANDAI,Rio Grande do Sul,-29.98730195,-50.1303765
362,https://www.queroquero.com.br/,painel pinus,FOUND,Itens encontrados.,['painel pinus'],Painel Tramontina Modulare Em Madeira Pinus Com Acabamento Castanho Escuro 1200x200x12 Mm,1200x200x12 Mm,"R$ 75,05",https://www.queroquero.com.br/painel-tramontina-modulare-em-madeira-pinus-com-acabamento-castanho-escuro-1200x200x12-mm-tramontina-252645/p,1200.0,200.0,12.0,75.05,BRL,1.0,0.00288,26059.027777777774,Lojas Quero-Quero,TRAMANDAI,TRAMANDAI,Rio Grande do Sul,-29.98730195,-50.1303765
363,https://www.queroquero.com.br/,painel pinus,FOUND,Itens encontrados.,['painel pinus'],Painel Tramontina Modulare Em Madeira Pinus Com Acabamento Castanho Escuro 1200x200x12 Mm,1200x200x12 Mm,"R$ 75,05",https://www.queroquero.com.br/painel-tramontina-modulare-em-madeira-pinus-com-acabamento-castanho-escuro-1200x200x12-mm-tramontina-252645/p,1200.0,200.0,12.0,75.05,BRL,1.0,0.00288,26059.027777777774,Lojas Quero-Quero,TRAMANDAI,TRAMANDAI,Rio Grande do Sul,-29.98730195,-50.1303765
364,https://www.queroquero.com.br/,painel pinus,FOUND,Itens encontrados.,['painel pinus'],Painel Modulare em Madeira Pinus 1000X400X18 Mm,1000X400X18 Mm,"R$ 102,55",https://www.queroquero.com.br/painel-modulare-em-madeira-pinus-1000x400x18-mm-266108/p,1000.0,400.0,18.0,102.55,BRL,1.0,0.0072,14243.055555555555,Lojas Quero-Quero,TRAMANDAI,TRAMANDAI,Rio Grande do Sul,-29.98730195,-50.1303765
365,https://www.queroquero.com.br/,painel pinus,FOUND,Itens encontrados.,['painel pinus'],Painel Modulare em Madeira Pinus 1000X400X18 Mm,1000X400X18 Mm,"R$ 102,55",https://www.queroquero.com.br/painel-modulare-em-madeira-pinus-1000x400x18-mm-266108/p,1000.0,400.0,18.0,102.55,BRL,1.0,0.0072,14243.055555555555,Lojas Quero-Quero,TRAMANDAI,TRAMANDAI,Rio Grande do Sul,-29.98730195,-50.1303765
366,https://www.queroquero.com.br/,painel pinus,FOUND,Itens encontrados.,['painel pinus'],Painel Modulare em Madeira Pinus 1000X400X18 Mm,1000X400X18 Mm,"R$ 102,55",https://www.queroquero.com.br/painel-modulare-em-madeira-pinus-1000x400x18-mm-266108/p,1000.0,400.0,18.0,102.55,BRL,1.0,0.0072,14243.055555555555,Lojas Quero-Quero,TRAMANDAI,TRAMANDAI,Rio Grande do Sul,-29.98730195,-50.1303765
367,https://www.queroquero.com.br/,painel pinus,FOUND,Itens encontrados.,['painel pinus'],Painel Modulare em Madeira Pinus 800X300X18 Mm,800X300X18 Mm,"R$ 79,82",https://www.queroquero.com.br/painel-modulare-em-madeira-pinus-800x300x18-mm-266102/p,800.0,300.0,18.0,79.82,BRL,1.0,0.00432,18476.85185185185,Lojas Quero-Quero,TRAMANDAI,TRAMANDAI,Rio Grande do Sul,-29.98730195,-50.1303765
368,https://www.queroquero.com.br/,painel pinus,FOUND,Itens encontrados.,['painel pinus'],Painel Modulare em Madeira Pinus 800X300X18 Mm,800X300X18 Mm,"R$ 79,82",https://www.queroquero.com.br/painel-modulare-em-madeira-pinus-800x300x18-mm-266102/p,800.0,300.0,18.0,79.82,BRL,1.0,0.00432,18476.85185185185,Lojas Quero-Quero,TRAMANDAI,TRAMANDAI,Rio Grande do Sul,-29.98730195,-50.1303765
369,https://www.queroquero.com.br/,painel pinus,FOUND,Itens encontrados.,['painel pinus'],Painel Modulare em Madeira Pinus 800X300X18 Mm,800X300X18 Mm,"R$ 79,82",https://www.queroquero.com.br/painel-modulare-em-madeira-pinus-800x300x18-mm-266102/p,800.0,300.0,18.0,79.82,BRL,1.0,0.00432,18476.85185185185,Lojas Quero-Quero,TRAMANDAI,TRAMANDAI,Rio Grande do Sul,-29.98730195,-50.1303765
370,https://www.queroquero.com.br/,painel pinus,FOUND,Itens encontrados.,['painel pinus'],Painel Tramontina Modulare Em Madeira Pinus Com Acabamento Natural 600x200x18 Mm,600x200x18 Mm,"R$ 40,09",https://www.queroquero.com.br/painel-tramontina-modulare-em-madeira-pinus-com-acabamento-natural-600x200x18-mm-258876/p,600.0,200.0,18.0,40.09,BRL,1.0,0.00216,18560.185185185186,Lojas Quero-Quero,TRAMANDAI,TRAMANDAI,Rio Grande do Sul,-29.98730195,-50.1303765
371,https://www.queroquero.com.br/,painel pinus,FOUND,Itens encontrados.,['painel pinus'],Painel Tramontina Modulare Em Madeira Pinus Com Acabamento Natural 600x200x18 Mm,600x200x18 Mm,"R$ 40,09",https://www.queroquero.com.br/painel-tramontina-modulare-em-madeira-pinus-com-acabamento-natural-600x200x18-mm-258876/p,600.0,200.0,18.0,40.09,BRL,1.0,0.00216,18560.185185185186,Lojas Quero-Quero,TRAMANDAI,TRAMANDAI,Rio Grande do Sul,-29.98730195,-50.1303765
372,https://www.queroquero.com.br/,painel pinus,FOUND,Itens encontrados.,['painel pinus'],Painel Tramontina Modulare Em Madeira Pinus Com Acabamento Natural 600x200x18 Mm,600x200x18 Mm,"R$ 40,09",https://www.queroquero.com.br/painel-tramontina-modulare-em-madeira-pinus-com-acabamento-natural-600x200x18-mm-258876/p,600.0,200.0,18.0,40.09,BRL,1.0,0.00216,18560.185185185186,Lojas Quero-Quero,TRAMANDAI,TRAMANDAI,Rio Grande do Sul,-29.98730195,-50.1303765
373,https://www.queroquero.com.br/,painel pinus,FOUND,Itens encontrados.,['painel pinus'],Painel Tramontina Modulare Em Madeira Pinus Com Acabamento Branco E Borda Em Pvc 1500x300x18 Mm,1500x300x18 Mm,"R$ 225,21",https://www.queroquero.com.br/painel-tramontina-modulare-em-madeira-pinus-com-acabamento-branco-e-borda-em-pvc-1500x300x18-mm-252646/p,1500.0,300.0,18.0,225.21,BRL,1.0,0.0081,27803.703703703704,Lojas Quero-Quero,TRAMANDAI,TRAMANDAI,Rio Grande do Sul,-29.98730195,-50.1303765
374,https://www.queroquero.com.br/,painel pinus,FOUND,Itens encontrados.,['painel pinus'],Painel Tramontina Modulare Em Madeira Pinus Com Acabamento Branco E Borda Em Pvc 1500x300x18 Mm,1500x300x18 Mm,"R$ 225,21",https://www.queroquero.com.br/painel-tramontina-modulare-em-madeira-pinus-com-acabamento-branco-e-borda-em-pvc-1500x300x18-mm-252646/p,1500.0,300.0,18.0,225.21,BRL,1.0,0.0081,27803.703703703704,Lojas Quero-Quero,TRAMANDAI,TRAMANDAI,Rio Grande do Sul,-29.98730195,-50.1303765
375,https://www.queroquero.com.br/,painel pinus,FOUND,Itens encontrados.,['painel pinus'],Painel Tramontina Modulare Em Madeira Pinus Com Acabamento Branco E Borda Em Pvc 1500x300x18 Mm,1500x300x18 Mm,"R$ 225,21",https://www.queroquero.com.br/painel-tramontina-modulare-em-madeira-pinus-com-acabamento-branco-e-borda-em-pvc-1500x300x18-mm-252646/p,1500.0,300.0,18.0,225.21,BRL,1.0,0.0081,27803.703703703704,Lojas Quero-Quero,TRAMANDAI,TRAMANDAI,Rio Grande do Sul,-29.98730195,-50.1303765
376,https://www.queroquero.com.br/,painel pinus,FOUND,Itens encontrados.,['painel pinus'],Painel Horizontal Pinus Casa UD Com Stein 50x100cm,50x100cm,Indisponível,https://www.queroquero.com.br/painel-horizontal-pinus-casa-ud-com-stein-50x100cm/p,50.0,100.0,,,,1.0,,,Lojas Quero-Quero,TRAMANDAI,TRAMANDAI,Rio Grande do Sul,-29.98730195,-50.1303765
377,https://www.queroquero.com.br/,painel pinus,FOUND,Itens encontrados.,['painel pinus'],Painel Horizontal Pinus Casa UD Com Stein 50x100cm,50x100cm,Indisponível,https://www.queroquero.com.br/painel-horizontal-pinus-casa-ud-com-stein-50x100cm/p,50.0,100.0,,,,1.0,,,Lojas Quero-Quero,TRAMANDAI,TRAMANDAI,Rio Grande do Sul,-29.98730195,-50.1303765
378,https://www.queroquero.com.br/,painel pinus,FOUND,Itens encontrados.,['painel pinus'],Painel Horizontal Pinus Casa UD Com Stein 50x100cm,50x100cm,Indisponível,https://www.queroquero.com.br/painel-horizontal-pinus-casa-ud-com-stein-50x100cm/p,50.0,100.0,,,,1.0,,,Lojas Quero-Quero,TRAMANDAI,TRAMANDAI,Rio Grande do Sul,-29.98730195,-50.1303765
379,https://www.queroquero.com.br/,painel pinus,FOUND,Itens encontrados.,['painel pinus'],Painel Horizontal Pinus Casa UD Com Stein 30x50cm,30x50cm,Indisponível,https://www.queroquero.com.br/painel-horizontal-pinus-casa-ud-com-stein-30x50cm/p,30.0,50.0,,,,1.0,,,Lojas Quero-Quero,TRAMANDAI,TRAMANDAI,Rio Grande do Sul,-29.98730195,-50.1303765
380,https://www.queroquero.com.br/,painel pinus,FOUND,Itens encontrados.,['painel pinus'],Painel Horizontal Pinus Casa UD Com Stein 30x50cm,30x50cm,Indisponível,https://www.queroquero.com.br/painel-horizontal-pinus-casa-ud-com-stein-30x50cm/p,30.0,50.0,,,,1.0,,,Lojas Quero-Quero,TRAMANDAI,TRAMANDAI,Rio Grande do Sul,-29.98730195,-50.1303765
381,https://www.queroquero.com.br/,painel pinus,FOUND,Itens encontrados.,['painel pinus'],Painel Horizontal Pinus Casa UD Com Stein 30x50cm,30x50cm,Indisponível,https://www.queroquero.com.br/painel-horizontal-pinus-casa-ud-com-stein-30x50cm/p,30.0,50.0,,,,1.0,,,Lojas Quero-Quero,TRAMANDAI,TRAMANDAI,Rio Grande do Sul,-29.98730195,-50.1303765
382,https://www.rossicar.com.br,painel pinus,NOT_FOUND,Nao foram encontrados itens de 'painel pinus' (ou equivalentes) com dimensoes no nome neste site.,['painel pinus'],,,,,,,,,,,,,Rossi,FARROUPILHA,FARROUPILHA,Rio Grande do Sul,-29.22367919,-51.34834957
383,https://www.rossicar.com.br,painel pinus,NOT_FOUND,Nao foram encontrados itens de 'painel pinus' (ou equivalentes) com dimensoes no nome neste site.,['painel pinus'],,,,,,,,,,,,,Rossi,FARROUPILHA,FARROUPILHA,Rio Grande do Sul,-29.22367919,-51.34834957
384,https://www.rossicar.com.br,painel pinus,NOT_FOUND,Nao foram encontrados itens de 'painel pinus' (ou equivalentes) com dimensoes no nome neste site.,['painel pinus'],,,,,,,,,,,,,Rossi,FARROUPILHA,FARROUPILHA,Rio Grande do Sul,-29.22367919,-51.34834957
385,https://www.rossicar.com.br,painel pinus,NOT_FOUND,Nao foram encontrados itens de 'painel pinus' (ou equivalentes) com dimensoes no nome neste site.,['painel pinus'],,,,,,,,,,,,,Rossi,FARROUPILHA,FARROUPILHA,Rio Grande do Sul,-29.22367919,-51.34834957
386,https://www.rossicar.com.br,painel pinus,NOT_FOUND,Nao foram encontrados itens de 'painel pinus' (ou equivalentes) com dimensoes no nome neste site.,['painel pinus'],,,,,,,,,,,,,Rossi,FARROUPILHA,FARROUPILHA,Rio Grande do Sul,-29.22367919,-51.34834957
387,https://www.rossicar.com.br,painel pinus,NOT_FOUND,Nao foram encontrados itens de 'painel pinus' (ou equivalentes) com dimensoes no nome neste site.,['painel pinus'],,,,,,,,,,,,,Rossi,FARROUPILHA,FARROUPILHA,Rio Grande do Sul,-29.22367919,-51.34834957
388,https://dauge.com.br/,painel pinus,NOT_FOUND,Nao foram encontrados itens de 'painel pinus' (ou equivalentes) com dimensoes no nome neste site.,['painel pinus'],,,,,,,,,,,,,Dauge,PORTO ALEGRE,PORTO ALEGRE,Rio Grande do Sul,-30.03003677,-51.22866046
389,https://dauge.com.br/,painel pinus,NOT_FOUND,Nao foram encontrados itens de 'painel pinus' (ou equivalentes) com dimensoes no nome neste site.,['painel pinus'],,,,,,,,,,,,,Dauge,PORTO ALEGRE,PORTO ALEGRE,Rio Grande do Sul,-30.03003677,-51.22866046
390,https://dauge.com.br/,painel pinus,NOT_FOUND,Nao foram encontrados itens de 'painel pinus' (ou equivalentes) com dimensoes no nome neste site.,['painel pinus'],,,,,,,,,,,,,Dauge,PORTO ALEGRE,PORTO ALEGRE,Rio Grande do Sul,-30.03003677,-51.22866046
391,https://dauge.com.br/,painel pinus,NOT_FOUND,Nao foram encontrados itens de 'painel pinus' (ou equivalentes) com dimensoes no nome neste site.,['painel pinus'],,,,,,,,,,,,,Dauge,PORTO ALEGRE,PORTO ALEGRE,Rio Grande do Sul,-30.03003677,-51.22866046
392,https://dauge.com.br/,painel pinus,NOT_FOUND,Nao foram encontrados itens de 'painel pinus' (ou equivalentes) com dimensoes no nome neste site.,['painel pinus'],,,,,,,,,,,,,Dauge,PORTO ALEGRE,PORTO ALEGRE,Rio Grande do Sul,-30.03003677,-51.22866046
393,https://dauge.com.br/,painel pinus,NOT_FOUND,Nao foram encontrados itens de 'painel pinus' (ou equivalentes) com dimensoes no nome neste site.,['painel pinus'],,,,,,,,,,,,,Dauge,PORTO ALEGRE,PORTO ALEGRE,Rio Grande do Sul,-30.03003677,-51.22866046
394,https://dauge.com.br/,painel pinus,NOT_FOUND,Nao foram encontrados itens de 'painel pinus' (ou equivalentes) com dimensoes no nome neste site.,['painel pinus'],,,,,,,,,,,,,Dauge,PORTO ALEGRE,PORTO ALEGRE,Rio Grande do Sul,-30.03003677,-51.22866046
395,https://dauge.com.br/,painel pinus,NOT_FOUND,Nao foram encontrados itens de 'painel pinus' (ou equivalentes) com dimensoes no nome neste site.,['painel pinus'],,,,,,,,,,,,,Dauge,PORTO ALEGRE,PORTO ALEGRE,Rio Grande do Sul,-30.03003677,-51.22866046
396,https://dauge.com.br/,painel pinus,NOT_FOUND,Nao foram encontrados itens de 'painel pinus' (ou equivalentes) com dimensoes no nome neste site.,['painel pinus'],,,,,,,,,,,,,Dauge,PORTO ALEGRE,PORTO ALEGRE,Rio Grande do Sul,-30.03003677,-51.22866046
397,https://www.loja.marelli.com.br/,painel pinus,NOT_FOUND,Nao foram encontrados itens de 'painel pinus' (ou equivalentes) com dimensoes no nome neste site.,['painel pinus'],,,,,,,,,,,,,Marelli Moveis Para Escritorio S/A,CAXIAS DO SUL,CAXIAS DO SUL,Rio Grande do Sul,-29.16689901,-51.17886021
398,https://www.loja.marelli.com.br/,painel pinus,NOT_FOUND,Nao foram encontrados itens de 'painel pinus' (ou equivalentes) com dimensoes no nome neste site.,['painel pinus'],,,,,,,,,,,,,Marelli Moveis Para Escritorio S/A,CAXIAS DO SUL,CAXIAS DO SUL,Rio Grande do Sul,-29.16689901,-51.17886021
399,https://www.loja.marelli.com.br/,painel pinus,NOT_FOUND,Nao foram encontrados itens de 'painel pinus' (ou equivalentes) com dimensoes no nome neste site.,['painel pinus'],,,,,,,,,,,,,Marelli Moveis Para Escritorio S/A,CAXIAS DO SUL,CAXIAS DO SUL,Rio Grande do Sul,-29.16689901,-51.17886021
400,https://www.loja.marelli.com.br/,painel pinus,NOT_FOUND,Nao foram encontrados itens de 'painel pinus' (ou equivalentes) com dimensoes no nome neste site.,['painel pinus'],,,,,,,,,,,,,Marelli Moveis Para Escritorio S/A,CAXIAS DO SUL,CAXIAS DO SUL,Rio Grande do Sul,-29.16689901,-51.17886021
401,https://www.loja.marelli.com.br/,painel pinus,NOT_FOUND,Nao foram encontrados itens de 'painel pinus' (ou equivalentes) com dimensoes no nome neste site.,['painel pinus'],,,,,,,,,,,,,Marelli Moveis Para Escritorio S/A,CAXIAS DO SUL,CAXIAS DO SUL,Rio Grande do Sul,-29.16689901,-51.17886021
402,https://www.loja.marelli.com.br/,painel pinus,NOT_FOUND,Nao foram encontrados itens de 'painel pinus' (ou equivalentes) com dimensoes no nome neste site.,['painel pinus'],,,,,,,,,,,,,Marelli Moveis Para Escritorio S/A,CAXIAS DO SUL,CAXIAS DO SUL,Rio Grande do Sul,-29.16689901,-51.17886021
403,https://www.loja.marelli.com.br/,painel pinus,NOT_FOUND,Nao foram encontrados itens de 'painel pinus' (ou equivalentes) com dimensoes no nome neste site.,['painel pinus'],,,,,,,,,,,,,Marelli Moveis Para Escritorio S/A,CAXIAS DO SUL,CAXIAS DO SUL,Rio Grande do Sul,-29.16689901,-51.17886021
404,https://www.loja.marelli.com.br/,painel pinus,NOT_FOUND,Nao foram encontrados itens de 'painel pinus' (ou equivalentes) com dimensoes no nome neste site.,['painel pinus'],,,,,,,,,,,,,Marelli Moveis Para Escritorio S/A,CAXIAS DO SUL,CAXIAS DO SUL,Rio Grande do Sul,-29.16689901,-51.17886021
405,https://www.moveiscastro.com.br,painel pinus,NOT_FOUND,Nao foram encontrados itens de 'painel pinus' (ou equivalentes) com dimensoes no nome neste site.,['painel pinus'],,,,,,,,,,,,,Moveis Castro,TAQUARI,TAQUARI,Rio Grande do Sul,-29.80280085,-51.86277648
406,https://www.moveiscastro.com.br,painel pinus,NOT_FOUND,Nao foram encontrados itens de 'painel pinus' (ou equivalentes) com dimensoes no nome neste site.,['painel pinus'],,,,,,,,,,,,,Moveis Castro,TAQUARI,TAQUARI,Rio Grande do Sul,-29.80280085,-51.86277648
407,https://www.moveiscastro.com.br,painel pinus,NOT_FOUND,Nao foram encontrados itens de 'painel pinus' (ou equivalentes) com dimensoes no nome neste site.,['painel pinus'],,,,,,,,,,,,,Moveis Castro,TAQUARI,TAQUARI,Rio Grande do Sul,-29.80280085,-51.86277648
408,https://morelli.redemac.com.br/,painel pinus,NOT_FOUND,Nao foram encontrados itens de 'painel pinus' (ou equivalentes) com dimensoes no nome neste site.,['painel pinus'],,,,,,,,,,,,,Morelli Comercio De Materiais De Construcao Ltda,ESTRELA,ESTRELA,Rio Grande do Sul,-29.50347188,-51.97026029
409,https://morelli.redemac.com.br/,painel pinus,NOT_FOUND,Nao foram encontrados itens de 'painel pinus' (ou equivalentes) com dimensoes no nome neste site.,['painel pinus'],,,,,,,,,,,,,Morelli Comercio De Materiais De Construcao Ltda,ESTRELA,ESTRELA,Rio Grande do Sul,-29.50347188,-51.97026029
410,https://morelli.redemac.com.br/,painel pinus,NOT_FOUND,Nao foram encontrados itens de 'painel pinus' (ou equivalentes) com dimensoes no nome neste site.,['painel pinus'],,,,,,,,,,,,,Morelli Comercio De Materiais De Construcao Ltda,ESTRELA,ESTRELA,Rio Grande do Sul,-29.50347188,-51.97026029
411,https://morelli.redemac.com.br/,painel pinus,NOT_FOUND,Nao foram encontrados itens de 'painel pinus' (ou equivalentes) com dimensoes no nome neste site.,['painel pinus'],,,,,,,,,,,,,Morelli Comercio De Materiais De Construcao Ltda,ESTRELA,ESTRELA,Rio Grande do Sul,-29.50347188,-51.97026029
412,https://loja.carraro.com.br/,painel pinus,NOT_FOUND,Nao foram encontrados itens de 'painel pinus' (ou equivalentes) com dimensoes no nome neste site.,['painel pinus'],,,,,,,,,,,,,Moveis Carraro Ltda,BENTO GONCALVES,BENTO GONCALVES,Rio Grande do Sul,-29.16740193,-51.51556031
413,https://loja.carraro.com.br/,painel pinus,NOT_FOUND,Nao foram encontrados itens de 'painel pinus' (ou equivalentes) com dimensoes no nome neste site.,['painel pinus'],,,,,,,,,,,,,Moveis Carraro Ltda,BENTO GONCALVES,BENTO GONCALVES,Rio Grande do Sul,-29.16740193,-51.51556031
414,https://loja.carraro.com.br/,painel pinus,NOT_FOUND,Nao foram encontrados itens de 'painel pinus' (ou equivalentes) com dimensoes no nome neste site.,['painel pinus'],,,,,,,,,,,,,Moveis Carraro Ltda,BENTO GONCALVES,BENTO GONCALVES,Rio Grande do Sul,-29.16740193,-51.51556031
415,https://loja.carraro.com.br/,painel pinus,NOT_FOUND,Nao foram encontrados itens de 'painel pinus' (ou equivalentes) com dimensoes no nome neste site.,['painel pinus'],,,,,,,,,,,,,Moveis Carraro Ltda,BENTO GONCALVES,BENTO GONCALVES,Rio Grande do Sul,-29.16740193,-51.51556031
416,https://loja.carraro.com.br/,painel pinus,NOT_FOUND,Nao foram encontrados itens de 'painel pinus' (ou equivalentes) com dimensoes no nome neste site.,['painel pinus'],,,,,,,,,,,,,Moveis Carraro Ltda,BENTO GONCALVES,BENTO GONCALVES,Rio Grande do Sul,-29.16740193,-51.51556031
417,https://loja.carraro.com.br/,painel pinus,NOT_FOUND,Nao foram encontrados itens de 'painel pinus' (ou equivalentes) com dimensoes no nome neste site.,['painel pinus'],,,,,,,,,,,,,Moveis Carraro Ltda,BENTO GONCALVES,BENTO GONCALVES,Rio Grande do Sul,-29.16740193,-51.51556031
418,https://loja.carraro.com.br/,painel pinus,NOT_FOUND,Nao foram encontrados itens de 'painel pinus' (ou equivalentes) com dimensoes no nome neste site.,['painel pinus'],,,,,,,,,,,,,Moveis Carraro Ltda,BENTO GONCALVES,BENTO GONCALVES,Rio Grande do Sul,-29.16740193,-51.51556031
419,https://www.dallacosta.com.br,painel pinus,NOT_FOUND,Nao foram encontrados itens de 'painel pinus' (ou equivalentes) com dimensoes no nome neste site.,['painel pinus'],,,,,,,,,,,,,Moveis Dalla Costa Ltda,BENTO GONCALVES,BENTO GONCALVES,Rio Grande do Sul,-29.16740193,-51.51556031
420,https://www.dallacosta.com.br,painel pinus,NOT_FOUND,Nao foram encontrados itens de 'painel pinus' (ou equivalentes) com dimensoes no nome neste site.,['painel pinus'],,,,,,,,,,,,,Moveis Dalla Costa Ltda,BENTO GONCALVES,BENTO GONCALVES,Rio Grande do Sul,-29.16740193,-51.51556031
421,https://www.dallacosta.com.br,painel pinus,NOT_FOUND,Nao foram encontrados itens de 'painel pinus' (ou equivalentes) com dimensoes no nome neste site.,['painel pinus'],,,,,,,,,,,,,Moveis Dalla Costa Ltda,BENTO GONCALVES,BENTO GONCALVES,Rio Grande do Sul,-29.16740193,-51.51556031
422,https://www.dallacosta.com.br,painel pinus,NOT_FOUND,Nao foram encontrados itens de 'painel pinus' (ou equivalentes) com dimensoes no nome neste site.,['painel pinus'],,,,,,,,,,,,,Moveis Dalla Costa Ltda,BENTO GONCALVES,BENTO GONCALVES,Rio Grande do Sul,-29.16740193,-51.51556031
423,https://www.dallacosta.com.br,painel pinus,NOT_FOUND,Nao foram encontrados itens de 'painel pinus' (ou equivalentes) com dimensoes no nome neste site.,['painel pinus'],,,,,,,,,,,,,Moveis Dalla Costa Ltda,BENTO GONCALVES,BENTO GONCALVES,Rio Grande do Sul,-29.16740193,-51.51556031
424,https://www.dallacosta.com.br,painel pinus,NOT_FOUND,Nao foram encontrados itens de 'painel pinus' (ou equivalentes) com dimensoes no nome neste site.,['painel pinus'],,,,,,,,,,,,,Moveis Dalla Costa Ltda,BENTO GONCALVES,BENTO GONCALVES,Rio Grande do Sul,-29.16740193,-51.51556031
425,https://www.dallacosta.com.br,painel pinus,NOT_FOUND,Nao foram encontrados itens de 'painel pinus' (ou equivalentes) com dimensoes no nome neste site.,['painel pinus'],,,,,,,,,,,,,Moveis Dalla Costa Ltda,BENTO GONCALVES,BENTO GONCALVES,Rio Grande do Sul,-29.16740193,-51.51556031
426,https://www.moveisprimavera.com.br/,painel pinus,NOT_FOUND,Nao foram encontrados itens de 'painel pinus' (ou equivalentes) com dimensoes no nome neste site.,['painel pinus'],,,,,,,,,,,,,Moveis Primavera Ltda,NOVO HAMBURGO,NOVO HAMBURGO,Rio Grande do Sul,-29.68632603,-51.12860528
427,https://www.moveisprimavera.com.br/,painel pinus,NOT_FOUND,Nao foram encontrados itens de 'painel pinus' (ou equivalentes) com dimensoes no nome neste site.,['painel pinus'],,,,,,,,,,,,,Moveis Primavera Ltda,NOVO HAMBURGO,NOVO HAMBURGO,Rio Grande do Sul,-29.68632603,-51.12860528
428,https://www.moveisprimavera.com.br/,painel pinus,NOT_FOUND,Nao foram encontrados itens de 'painel pinus' (ou equivalentes) com dimensoes no nome neste site.,['painel pinus'],,,,,,,,,,,,,Moveis Primavera Ltda,NOVO HAMBURGO,NOVO HAMBURGO,Rio Grande do Sul,-29.68632603,-51.12860528
429,https://www.moveisprimavera.com.br/,painel pinus,NOT_FOUND,Nao foram encontrados itens de 'painel pinus' (ou equivalentes) com dimensoes no nome neste site.,['painel pinus'],,,,,,,,,,,,,Moveis Primavera Ltda,NOVO HAMBURGO,NOVO HAMBURGO,Rio Grande do Sul,-29.68632603,-51.12860528
430,https://www.moveisprimavera.com.br/,painel pinus,NOT_FOUND,Nao foram encontrados itens de 'painel pinus' (ou equivalentes) com dimensoes no nome neste site.,['painel pinus'],,,,,,,,,,,,,Moveis Primavera Ltda,NOVO HAMBURGO,NOVO HAMBURGO,Rio Grande do Sul,-29.68632603,-51.12860528
431,https://www.moveisprimavera.com.br/,painel pinus,NOT_FOUND,Nao foram encontrados itens de 'painel pinus' (ou equivalentes) com dimensoes no nome neste site.,['painel pinus'],,,,,,,,,,,,,Moveis Primavera Ltda,NOVO HAMBURGO,NOVO HAMBURGO,Rio Grande do Sul,-29.68632603,-51.12860528
432,https://www.moveisprimavera.com.br/,painel pinus,NOT_FOUND,Nao foram encontrados itens de 'painel pinus' (ou equivalentes) com dimensoes no nome neste site.,['painel pinus'],,,,,,,,,,,,,Moveis Primavera Ltda,NOVO HAMBURGO,NOVO HAMBURGO,Rio Grande do Sul,-29.68632603,-51.12860528
433,https://www.moveisprimavera.com.br/,painel pinus,NOT_FOUND,Nao foram encontrados itens de 'painel pinus' (ou equivalentes) com dimensoes no nome neste site.,['painel pinus'],,,,,,,,,,,,,Moveis Primavera Ltda,NOVO HAMBURGO,NOVO HAMBURGO,Rio Grande do Sul,-29.68632603,-51.12860528
434,https://rohde.com.br,painel pinus,NOT_FOUND,Nao foram encontrados itens de 'painel pinus' (ou equivalentes) com dimensoes no nome neste site.,['painel pinus'],,,,,,,,,,,,,Moveis Rohde Ltda,RESTINGA SECA,RESTINGA SECA,Rio Grande do Sul,-29.81394854,-53.37056858
435,https://rohde.com.br,painel pinus,NOT_FOUND,Nao foram encontrados itens de 'painel pinus' (ou equivalentes) com dimensoes no nome neste site.,['painel pinus'],,,,,,,,,,,,,Moveis Rohde Ltda,RESTINGA SECA,RESTINGA SECA,Rio Grande do Sul,-29.81394854,-53.37056858
436,https://rohde.com.br,painel pinus,NOT_FOUND,Nao foram encontrados itens de 'painel pinus' (ou equivalentes) com dimensoes no nome neste site.,['painel pinus'],,,,,,,,,,,,,Moveis Rohde Ltda,RESTINGA SECA,RESTINGA SECA,Rio Grande do Sul,-29.81394854,-53.37056858
437,https://rohde.com.br,painel pinus,NOT_FOUND,Nao foram encontrados itens de 'painel pinus' (ou equivalentes) com dimensoes no nome neste site.,['painel pinus'],,,,,,,,,,,,,Moveis Rohde Ltda,RESTINGA SECA,RESTINGA SECA,Rio Grande do Sul,-29.81394854,-53.37056858
438,https://www.moveissul.com.br/,painel pinus,NOT_FOUND,Nao foram encontrados itens de 'painel pinus' (ou equivalentes) com dimensoes no nome neste site.,['painel pinus'],,,,,,,,,,,,,Moveis Sul Industria E Comercio Ltda,LAGOA VERMELHA,LAGOA VERMELHA,Rio Grande do Sul,-28.20887025,-51.52722853
439,https://www.moveissul.com.br/,painel pinus,NOT_FOUND,Nao foram encontrados itens de 'painel pinus' (ou equivalentes) com dimensoes no nome neste site.,['painel pinus'],,,,,,,,,,,,,Moveis Sul Industria E Comercio Ltda,LAGOA VERMELHA,LAGOA VERMELHA,Rio Grande do Sul,-28.20887025,-51.52722853
440,https://www.moveissul.com.br/,painel pinus,NOT_FOUND,Nao foram encontrados itens de 'painel pinus' (ou equivalentes) com dimensoes no nome neste site.,['painel pinus'],,,,,,,,,,,,,Moveis Sul Industria E Comercio Ltda,LAGOA VERMELHA,LAGOA VERMELHA,Rio Grande do Sul,-28.20887025,-51.52722853
441,https://www.moveissul.com.br/,painel pinus,NOT_FOUND,Nao foram encontrados itens de 'painel pinus' (ou equivalentes) com dimensoes no nome neste site.,['painel pinus'],,,,,,,,,,,,,Moveis Sul Industria E Comercio Ltda,LAGOA VERMELHA,LAGOA VERMELHA,Rio Grande do Sul,-28.20887025,-51.52722853
442,https://www.moveissul.com.br/,painel pinus,NOT_FOUND,Nao foram encontrados itens de 'painel pinus' (ou equivalentes) com dimensoes no nome neste site.,['painel pinus'],,,,,,,,,,,,,Moveis Sul Industria E Comercio Ltda,LAGOA VERMELHA,LAGOA VERMELHA,Rio Grande do Sul,-28.20887025,-51.52722853
443,https://www.multimoveis.com/,painel pinus,NOT_FOUND,Nao foram encontrados itens de 'painel pinus' (ou equivalentes) com dimensoes no nome neste site.,['painel pinus'],,,,,,,,,,,,,Multicenter Industria De Moveis Ltda,BENTO GONCALVES,BENTO GONCALVES,Rio Grande do Sul,-29.16740193,-51.51556031
444,https://www.multimoveis.com/,painel pinus,NOT_FOUND,Nao foram encontrados itens de 'painel pinus' (ou equivalentes) com dimensoes no nome neste site.,['painel pinus'],,,,,,,,,,,,,Multicenter Industria De Moveis Ltda,BENTO GONCALVES,BENTO GONCALVES,Rio Grande do Sul,-29.16740193,-51.51556031
445,https://www.multimoveis.com/,painel pinus,NOT_FOUND,Nao foram encontrados itens de 'painel pinus' (ou equivalentes) com dimensoes no nome neste site.,['painel pinus'],,,,,,,,,,,,,Multicenter Industria De Moveis Ltda,BENTO GONCALVES,BENTO GONCALVES,Rio Grande do Sul,-29.16740193,-51.51556031
446,https://www.multimoveis.com/,painel pinus,NOT_FOUND,Nao foram encontrados itens de 'painel pinus' (ou equivalentes) com dimensoes no nome neste site.,['painel pinus'],,,,,,,,,,,,,Multicenter Industria De Moveis Ltda,BENTO GONCALVES,BENTO GONCALVES,Rio Grande do Sul,-29.16740193,-51.51556031
447,https://www.multimoveis.com/,painel pinus,NOT_FOUND,Nao foram encontrados itens de 'painel pinus' (ou equivalentes) com dimensoes no nome neste site.,['painel pinus'],,,,,,,,,,,,,Multicenter Industria De Moveis Ltda,BENTO GONCALVES,BENTO GONCALVES,Rio Grande do Sul,-29.16740193,-51.51556031
448,https://www.multimoveis.com/,painel pinus,NOT_FOUND,Nao foram encontrados itens de 'painel pinus' (ou equivalentes) com dimensoes no nome neste site.,['painel pinus'],,,,,,,,,,,,,Multicenter Industria De Moveis Ltda,BENTO GONCALVES,BENTO GONCALVES,Rio Grande do Sul,-29.16740193,-51.51556031
449,https://www.multimoveis.com/,painel pinus,NOT_FOUND,Nao foram encontrados itens de 'painel pinus' (ou equivalentes) com dimensoes no nome neste site.,['painel pinus'],,,,,,,,,,,,,Multicenter Industria De Moveis Ltda,BENTO GONCALVES,BENTO GONCALVES,Rio Grande do Sul,-29.16740193,-51.51556031
450,https://fachi.com.br/,painel pinus,NOT_FOUND,Nao foram encontrados itens de 'painel pinus' (ou equivalentes) com dimensoes no nome neste site.,['painel pinus'],,,,,,,,,,,,,Materiais De Construcao Fachi Ltda,CANOAS,CANOAS,Rio Grande do Sul,-29.91869671,-51.18102978
451,https://fachi.com.br/,painel pinus,NOT_FOUND,Nao foram encontrados itens de 'painel pinus' (ou equivalentes) com dimensoes no nome neste site.,['painel pinus'],,,,,,,,,,,,,Materiais De Construcao Fachi Ltda,CANOAS,CANOAS,Rio Grande do Sul,-29.91869671,-51.18102978
452,https://fachi.com.br/,painel pinus,NOT_FOUND,Nao foram encontrados itens de 'painel pinus' (ou equivalentes) com dimensoes no nome neste site.,['painel pinus'],,,,,,,,,,,,,Materiais De Construcao Fachi Ltda,CANOAS,CANOAS,Rio Grande do Sul,-29.91869671,-51.18102978
453,https://fachi.com.br/,painel pinus,NOT_FOUND,Nao foram encontrados itens de 'painel pinus' (ou equivalentes) com dimensoes no nome neste site.,['painel pinus'],,,,,,,,,,,,,Materiais De Construcao Fachi Ltda,CANOAS,CANOAS,Rio Grande do Sul,-29.91869671,-51.18102978
454,https://fachi.com.br/,painel pinus,NOT_FOUND,Nao foram encontrados itens de 'painel pinus' (ou equivalentes) com dimensoes no nome neste site.,['painel pinus'],,,,,,,,,,,,,Materiais De Construcao Fachi Ltda,CANOAS,CANOAS,Rio Grande do Sul,-29.91869671,-51.18102978
455,https://fachi.com.br/,painel pinus,NOT_FOUND,Nao foram encontrados itens de 'painel pinus' (ou equivalentes) com dimensoes no nome neste site.,['painel pinus'],,,,,,,,,,,,,Materiais De Construcao Fachi Ltda,CANOAS,CANOAS,Rio Grande do Sul,-29.91869671,-51.18102978
456,https://fachi.com.br/,painel pinus,NOT_FOUND,Nao foram encontrados itens de 'painel pinus' (ou equivalentes) com dimensoes no nome neste site.,['painel pinus'],,,,,,,,,,,,,Materiais De Construcao Fachi Ltda,CANOAS,CANOAS,Rio Grande do Sul,-29.91869671,-51.18102978
457,https://www.multimoveis.com,painel pinus,NOT_FOUND,Nao foram encontrados itens de 'painel pinus' (ou equivalentes) com dimensoes no nome neste site.,['painel pinus'],,,,,,,,,,,,,Multimoveis Industria De Moveis Ltda,BENTO GONCALVES,BENTO GONCALVES,Rio Grande do Sul,-29.16740193,-51.51556031
458,https://www.multimoveis.com,painel pinus,NOT_FOUND,Nao foram encontrados itens de 'painel pinus' (ou equivalentes) com dimensoes no nome neste site.,['painel pinus'],,,,,,,,,,,,,Multimoveis Industria De Moveis Ltda,BENTO GONCALVES,BENTO GONCALVES,Rio Grande do Sul,-29.16740193,-51.51556031
459,https://www.multimoveis.com,painel pinus,NOT_FOUND,Nao foram encontrados itens de 'painel pinus' (ou equivalentes) com dimensoes no nome neste site.,['painel pinus'],,,,,,,,,,,,,Multimoveis Industria De Moveis Ltda,BENTO GONCALVES,BENTO GONCALVES,Rio Grande do Sul,-29.16740193,-51.51556031
460,https://www.multimoveis.com,painel pinus,NOT_FOUND,Nao foram encontrados itens de 'painel pinus' (ou equivalentes) com dimensoes no nome neste site.,['painel pinus'],,,,,,,,,,,,,Multimoveis Industria De Moveis Ltda,BENTO GONCALVES,BENTO GONCALVES,Rio Grande do Sul,-29.16740193,-51.51556031
461,https://www.multimoveis.com,painel pinus,NOT_FOUND,Nao foram encontrados itens de 'painel pinus' (ou equivalentes) com dimensoes no nome neste site.,['painel pinus'],,,,,,,,,,,,,Multimoveis Industria De Moveis Ltda,BENTO GONCALVES,BENTO GONCALVES,Rio Grande do Sul,-29.16740193,-51.51556031
462,https://www.multimoveis.com,painel pinus,NOT_FOUND,Nao foram encontrados itens de 'painel pinus' (ou equivalentes) com dimensoes no nome neste site.,['painel pinus'],,,,,,,,,,,,,Multimoveis Industria De Moveis Ltda,BENTO GONCALVES,BENTO GONCALVES,Rio Grande do Sul,-29.16740193,-51.51556031
463,https://www.multimoveis.com,painel pinus,NOT_FOUND,Nao foram encontrados itens de 'painel pinus' (ou equivalentes) com dimensoes no nome neste site.,['painel pinus'],,,,,,,,,,,,,Multimoveis Industria De Moveis Ltda,BENTO GONCALVES,BENTO GONCALVES,Rio Grande do Sul,-29.16740193,-51.51556031
464,https://www.nhmateriais.com.br/,painel pinus,NOT_FOUND,Nao foram encontrados itens de 'painel pinus' (ou equivalentes) com dimensoes no nome neste site.,['painel pinus'],,,,,,,,,,,,,Novo Hamburgo Materiais De Construcao Ltda,ESTANCIA VELHA,ESTANCIA VELHA,Rio Grande do Sul,-29.65014797,-51.17429392
465,https://www.nhmateriais.com.br/,painel pinus,NOT_FOUND,Nao foram encontrados itens de 'painel pinus' (ou equivalentes) com dimensoes no nome neste site.,['painel pinus'],,,,,,,,,,,,,Novo Hamburgo Materiais De Construcao Ltda,ESTANCIA VELHA,ESTANCIA VELHA,Rio Grande do Sul,-29.65014797,-51.17429392
466,https://www.nhmateriais.com.br/,painel pinus,NOT_FOUND,Nao foram encontrados itens de 'painel pinus' (ou equivalentes) com dimensoes no nome neste site.,['painel pinus'],,,,,,,,,,,,,Novo Hamburgo Materiais De Construcao Ltda,ESTANCIA VELHA,ESTANCIA VELHA,Rio Grande do Sul,-29.65014797,-51.17429392
467,https://www.nhmateriais.com.br/,painel pinus,NOT_FOUND,Nao foram encontrados itens de 'painel pinus' (ou equivalentes) com dimensoes no nome neste site.,['painel pinus'],,,,,,,,,,,,,Novo Hamburgo Materiais De Construcao Ltda,ESTANCIA VELHA,ESTANCIA VELHA,Rio Grande do Sul,-29.65014797,-51.17429392
468,https://www.nhmateriais.com.br/,painel pinus,NOT_FOUND,Nao foram encontrados itens de 'painel pinus' (ou equivalentes) com dimensoes no nome neste site.,['painel pinus'],,,,,,,,,,,,,Novo Hamburgo Materiais De Construcao Ltda,ESTANCIA VELHA,ESTANCIA VELHA,Rio Grande do Sul,-29.65014797,-51.17429392
469,https://www.multichapas.com.br/,painel pinus,NOT_FOUND,Nao foram encontrados itens de 'painel pinus' (ou equivalentes) com dimensoes no nome neste site.,['painel pinus'],,,,,,,,,,,,,Multichapas Produtos Para Moveis Ltda,PORTO ALEGRE,PORTO ALEGRE,Rio Grande do Sul,-30.03003677,-51.22866046
470,https://www.multichapas.com.br/,painel pinus,NOT_FOUND,Nao foram encontrados itens de 'painel pinus' (ou equivalentes) com dimensoes no nome neste site.,['painel pinus'],,,,,,,,,,,,,Multichapas Produtos Para Moveis Ltda,PORTO ALEGRE,PORTO ALEGRE,Rio Grande do Sul,-30.03003677,-51.22866046
471,https://www.multichapas.com.br/,painel pinus,NOT_FOUND,Nao foram encontrados itens de 'painel pinus' (ou equivalentes) com dimensoes no nome neste site.,['painel pinus'],,,,,,,,,,,,,Multichapas Produtos Para Moveis Ltda,PORTO ALEGRE,PORTO ALEGRE,Rio Grande do Sul,-30.03003677,-51.22866046
472,https://www.multichapas.com.br/,painel pinus,NOT_FOUND,Nao foram encontrados itens de 'painel pinus' (ou equivalentes) com dimensoes no nome neste site.,['painel pinus'],,,,,,,,,,,,,Multichapas Produtos Para Moveis Ltda,PORTO ALEGRE,PORTO ALEGRE,Rio Grande do Sul,-30.03003677,-51.22866046
473,https://www.multichapas.com.br/,painel pinus,NOT_FOUND,Nao foram encontrados itens de 'painel pinus' (ou equivalentes) com dimensoes no nome neste site.,['painel pinus'],,,,,,,,,,,,,Multichapas Produtos Para Moveis Ltda,PORTO ALEGRE,PORTO ALEGRE,Rio Grande do Sul,-30.03003677,-51.22866046
474,https://www.multichapas.com.br/,painel pinus,NOT_FOUND,Nao foram encontrados itens de 'painel pinus' (ou equivalentes) com dimensoes no nome neste site.,['painel pinus'],,,,,,,,,,,,,Multichapas Produtos Para Moveis Ltda,PORTO ALEGRE,PORTO ALEGRE,Rio Grande do Sul,-30.03003677,-51.22866046
475,https://www.multichapas.com.br/,painel pinus,NOT_FOUND,Nao foram encontrados itens de 'painel pinus' (ou equivalentes) com dimensoes no nome neste site.,['painel pinus'],,,,,,,,,,,,,Multichapas Produtos Para Moveis Ltda,PORTO ALEGRE,PORTO ALEGRE,Rio Grande do Sul,-30.03003677,-51.22866046
476,https://www.multichapas.com.br/,painel pinus,NOT_FOUND,Nao foram encontrados itens de 'painel pinus' (ou equivalentes) com dimensoes no nome neste site.,['painel pinus'],,,,,,,,,,,,,Multichapas Produtos Para Moveis Ltda,PORTO ALEGRE,PORTO ALEGRE,Rio Grande do Sul,-30.03003677,-51.22866046
477,https://www.multichapas.com.br/,painel pinus,NOT_FOUND,Nao foram encontrados itens de 'painel pinus' (ou equivalentes) com dimensoes no nome neste site.,['painel pinus'],,,,,,,,,,,,,Multichapas Produtos Para Moveis Ltda,PORTO ALEGRE,PORTO ALEGRE,Rio Grande do Sul,-30.03003677,-51.22866046
478,https://www.plamacol.com.br/,painel pinus,NOT_FOUND,Nao foram encontrados itens de 'painel pinus' (ou equivalentes) com dimensoes no nome neste site.,['painel pinus'],,,,,,,,,,,,,Plamacol,IVOTI,IVOTI,Rio Grande do Sul,-29.59415652,-51.15957419
479,https://www.plamacol.com.br/,painel pinus,NOT_FOUND,Nao foram encontrados itens de 'painel pinus' (ou equivalentes) com dimensoes no nome neste site.,['painel pinus'],,,,,,,,,,,,,Plamacol,IVOTI,IVOTI,Rio Grande do Sul,-29.59415652,-51.15957419
480,https://www.plamacol.com.br/,painel pinus,NOT_FOUND,Nao foram encontrados itens de 'painel pinus' (ou equivalentes) com dimensoes no nome neste site.,['painel pinus'],,,,,,,,,,,,,Plamacol,IVOTI,IVOTI,Rio Grande do Sul,-29.59415652,-51.15957419
481,https://www.plamacol.com.br/,painel pinus,NOT_FOUND,Nao foram encontrados itens de 'painel pinus' (ou equivalentes) com dimensoes no nome neste site.,['painel pinus'],,,,,,,,,,,,,Plamacol,IVOTI,IVOTI,Rio Grande do Sul,-29.59415652,-51.15957419
482,https://www.palmasola.com.br,painel pinus,NOT_FOUND,Nao foram encontrados itens de 'painel pinus' (ou equivalentes) com dimensoes no nome neste site.,['painel pinus'],,,,,,,,,,,,,Palmasola S A Madeiras E Agricultura,PORTO ALEGRE,PORTO ALEGRE,Rio Grande do Sul,-30.03003677,-51.22866046
483,https://www.palmasola.com.br,painel pinus,NOT_FOUND,Nao foram encontrados itens de 'painel pinus' (ou equivalentes) com dimensoes no nome neste site.,['painel pinus'],,,,,,,,,,,,,Palmasola S A Madeiras E Agricultura,PORTO ALEGRE,PORTO ALEGRE,Rio Grande do Sul,-30.03003677,-51.22866046
484,https://www.palmasola.com.br,painel pinus,NOT_FOUND,Nao foram encontrados itens de 'painel pinus' (ou equivalentes) com dimensoes no nome neste site.,['painel pinus'],,,,,,,,,,,,,Palmasola S A Madeiras E Agricultura,PORTO ALEGRE,PORTO ALEGRE,Rio Grande do Sul,-30.03003677,-51.22866046
485,https://www.palmasola.com.br,painel pinus,NOT_FOUND,Nao foram encontrados itens de 'painel pinus' (ou equivalentes) com dimensoes no nome neste site.,['painel pinus'],,,,,,,,,,,,,Palmasola S A Madeiras E Agricultura,PORTO ALEGRE,PORTO ALEGRE,Rio Grande do Sul,-30.03003677,-51.22866046
486,https://www.palmasola.com.br,painel pinus,NOT_FOUND,Nao foram encontrados itens de 'painel pinus' (ou equivalentes) com dimensoes no nome neste site.,['painel pinus'],,,,,,,,,,,,,Palmasola S A Madeiras E Agricultura,PORTO ALEGRE,PORTO ALEGRE,Rio Grande do Sul,-30.03003677,-51.22866046
487,https://www.palmasola.com.br,painel pinus,NOT_FOUND,Nao foram encontrados itens de 'painel pinus' (ou equivalentes) com dimensoes no nome neste site.,['painel pinus'],,,,,,,,,,,,,Palmasola S A Madeiras E Agricultura,PORTO ALEGRE,PORTO ALEGRE,Rio Grande do Sul,-30.03003677,-51.22866046
488,https://www.palmasola.com.br,painel pinus,NOT_FOUND,Nao foram encontrados itens de 'painel pinus' (ou equivalentes) com dimensoes no nome neste site.,['painel pinus'],,,,,,,,,,,,,Palmasola S A Madeiras E Agricultura,PORTO ALEGRE,PORTO ALEGRE,Rio Grande do Sul,-30.03003677,-51.22866046
489,https://www.palmasola.com.br,painel pinus,NOT_FOUND,Nao foram encontrados itens de 'painel pinus' (ou equivalentes) com dimensoes no nome neste site.,['painel pinus'],,,,,,,,,,,,,Palmasola S A Madeiras E Agricultura,PORTO ALEGRE,PORTO ALEGRE,Rio Grande do Sul,-30.03003677,-51.22866046
490,https://www.palmasola.com.br,painel pinus,NOT_FOUND,Nao foram encontrados itens de 'painel pinus' (ou equivalentes) com dimensoes no nome neste site.,['painel pinus'],,,,,,,,,,,,,Palmasola S A Madeiras E Agricultura,PORTO ALEGRE,PORTO ALEGRE,Rio Grande do Sul,-30.03003677,-51.22866046
491,https://novomillenium.com.br/,painel pinus,FOUND,Itens encontrados.,['painel pinus'],Painel Maciço Qualidade CC,2500 x 1250 x 100,,https://novomillenium.com.br/produtos/painel-macico-qualidade-cc,2500.0,1250.0,,,,1.0,,,Novo Millenium Moveis Ltda.,FLORES DA CUNHA,FLORES DA CUNHA,Rio Grande do Sul,-29.03114214,-51.18222058
492,https://novomillenium.com.br/,painel pinus,FOUND,Itens encontrados.,['painel pinus'],Painel Maciço Qualidade CC,2500 x 1250 x 100,,https://novomillenium.com.br/produtos/painel-macico-qualidade-cc,2500.0,1250.0,,,,1.0,,,Novo Millenium Moveis Ltda.,FLORES DA CUNHA,FLORES DA CUNHA,Rio Grande do Sul,-29.03114214,-51.18222058
493,https://novomillenium.com.br/,painel pinus,FOUND,Itens encontrados.,['painel pinus'],Painel Maciço Qualidade CC,2500 x 1250 x 100,,https://novomillenium.com.br/produtos/painel-macico-qualidade-cc,2500.0,1250.0,,,,1.0,,,Novo Millenium Moveis Ltda.,FLORES DA CUNHA,FLORES DA CUNHA,Rio Grande do Sul,-29.03114214,-51.18222058
494,https://novomillenium.com.br/,painel pinus,FOUND,Itens encontrados.,['painel pinus'],Painel Maciço Qualidade CC,2500 x 1250 x 100,,https://novomillenium.com.br/produtos/painel-macico-qualidade-cc,2500.0,1250.0,,,,1.0,,,Novo Millenium Moveis Ltda.,FLORES DA CUNHA,FLORES DA CUNHA,Rio Grande do Sul,-29.03114214,-51.18222058
495,https://novomillenium.com.br/,painel pinus,FOUND,Itens encontrados.,['painel pinus'],Painel Maciço Qualidade CC,2500 x 1250 x 100,,https://novomillenium.com.br/produtos/painel-macico-qualidade-cc,2500.0,1250.0,,,,1.0,,,Novo Millenium Moveis Ltda.,FLORES DA CUNHA,FLORES DA CUNHA,Rio Grande do Sul,-29.03114214,-51.18222058
496,https://novomillenium.com.br/,painel pinus,FOUND,Itens encontrados.,['painel pinus'],Painel Maciço Qualidade CC,2500 x 1250 x 100,,https://novomillenium.com.br/produtos/painel-macico-qualidade-cc,2500.0,1250.0,,,,1.0,,,Novo Millenium Moveis Ltda.,FLORES DA CUNHA,FLORES DA CUNHA,Rio Grande do Sul,-29.03114214,-51.18222058
497,https://novomillenium.com.br/,painel pinus,FOUND,Itens encontrados.,['painel pinus'],Painel Finger Face Qualidade AA,2500 x 1250 x 100,,https://novomillenium.com.br/produtos/painel-finger-face-qualidade-aa,2500.0,1250.0,,,,1.0,,,Novo Millenium Moveis Ltda.,FLORES DA CUNHA,FLORES DA CUNHA,Rio Grande do Sul,-29.03114214,-51.18222058
498,https://novomillenium.com.br/,painel pinus,FOUND,Itens encontrados.,['painel pinus'],Painel Finger Face Qualidade AA,2500 x 1250 x 100,,https://novomillenium.com.br/produtos/painel-finger-face-qualidade-aa,2500.0,1250.0,,,,1.0,,,Novo Millenium Moveis Ltda.,FLORES DA CUNHA,FLORES DA CUNHA,Rio Grande do Sul,-29.03114214,-51.18222058
499,https://novomillenium.com.br/,painel pinus,FOUND,Itens encontrados.,['painel pinus'],Painel Finger Face Qualidade AA,2500 x 1250 x 100,,https://novomillenium.com.br/produtos/painel-finger-face-qualidade-aa,2500.0,1250.0,,,,1.0,,,Novo Millenium Moveis Ltda.,FLORES DA CUNHA,FLORES DA CUNHA,Rio Grande do Sul,-29.03114214,-51.18222058
500,https://novomillenium.com.br/,painel pinus,FOUND,Itens encontrados.,['painel pinus'],Painel Finger Face Qualidade AA,2500 x 1250 x 100,,https://novomillenium.com.br/produtos/painel-finger-face-qualidade-aa,2500.0,1250.0,,,,1.0,,,Novo Millenium Moveis Ltda.,FLORES DA CUNHA,FLORES DA CUNHA,Rio Grande do Sul,-29.03114214,-51.18222058
501,https://novomillenium.com.br/,painel pinus,FOUND,Itens encontrados.,['painel pinus'],Painel Finger Face Qualidade AA,2500 x 1250 x 100,,https://novomillenium.com.br/produtos/painel-finger-face-qualidade-aa,2500.0,1250.0,,,,1.0,,,Novo Millenium Moveis Ltda.,FLORES DA CUNHA,FLORES DA CUNHA,Rio Grande do Sul,-29.03114214,-51.18222058
502,https://novomillenium.com.br/,painel pinus,FOUND,Itens encontrados.,['painel pinus'],Painel Finger Face Qualidade AA,2500 x 1250 x 100,,https://novomillenium.com.br/produtos/painel-finger-face-qualidade-aa,2500.0,1250.0,,,,1.0,,,Novo Millenium Moveis Ltda.,FLORES DA CUNHA,FLORES DA CUNHA,Rio Grande do Sul,-29.03114214,-51.18222058
503,https://novomillenium.com.br/,painel pinus,FOUND,Itens encontrados.,['painel pinus'],Painel Finger Lateral Qualidade AA,2500 x 1250 x 100,,https://novomillenium.com.br/produtos/painel-finger-lateral-qualidade-aa,2500.0,1250.0,,,,1.0,,,Novo Millenium Moveis Ltda.,FLORES DA CUNHA,FLORES DA CUNHA,Rio Grande do Sul,-29.03114214,-51.18222058
504,https://novomillenium.com.br/,painel pinus,FOUND,Itens encontrados.,['painel pinus'],Painel Finger Lateral Qualidade AA,2500 x 1250 x 100,,https://novomillenium.com.br/produtos/painel-finger-lateral-qualidade-aa,2500.0,1250.0,,,,1.0,,,Novo Millenium Moveis Ltda.,FLORES DA CUNHA,FLORES DA CUNHA,Rio Grande do Sul,-29.03114214,-51.18222058
505,https://novomillenium.com.br/,painel pinus,FOUND,Itens encontrados.,['painel pinus'],Painel Finger Lateral Qualidade AA,2500 x 1250 x 100,,https://novomillenium.com.br/produtos/painel-finger-lateral-qualidade-aa,2500.0,1250.0,,,,1.0,,,Novo Millenium Moveis Ltda.,FLORES DA CUNHA,FLORES DA CUNHA,Rio Grande do Sul,-29.03114214,-51.18222058
506,https://novomillenium.com.br/,painel pinus,FOUND,Itens encontrados.,['painel pinus'],Painel Finger Lateral Qualidade AA,2500 x 1250 x 100,,https://novomillenium.com.br/produtos/painel-finger-lateral-qualidade-aa,2500.0,1250.0,,,,1.0,,,Novo Millenium Moveis Ltda.,FLORES DA CUNHA,FLORES DA CUNHA,Rio Grande do Sul,-29.03114214,-51.18222058
507,https://novomillenium.com.br/,painel pinus,FOUND,Itens encontrados.,['painel pinus'],Painel Finger Lateral Qualidade AA,2500 x 1250 x 100,,https://novomillenium.com.br/produtos/painel-finger-lateral-qualidade-aa,2500.0,1250.0,,,,1.0,,,Novo Millenium Moveis Ltda.,FLORES DA CUNHA,FLORES DA CUNHA,Rio Grande do Sul,-29.03114214,-51.18222058
508,https://novomillenium.com.br/,painel pinus,FOUND,Itens encontrados.,['painel pinus'],Painel Finger Lateral Qualidade AA,2500 x 1250 x 100,,https://novomillenium.com.br/produtos/painel-finger-lateral-qualidade-aa,2500.0,1250.0,,,,1.0,,,Novo Millenium Moveis Ltda.,FLORES DA CUNHA,FLORES DA CUNHA,Rio Grande do Sul,-29.03114214,-51.18222058
509,https://novomillenium.com.br/,painel pinus,FOUND,Itens encontrados.,['painel pinus'],Painel Finger Lateral Qualidade BC,2500 x 1250 x 100,,https://novomillenium.com.br/produtos/painel-finger-lateral-qualidade-bc,2500.0,1250.0,,,,1.0,,,Novo Millenium Moveis Ltda.,FLORES DA CUNHA,FLORES DA CUNHA,Rio Grande do Sul,-29.03114214,-51.18222058
510,https://novomillenium.com.br/,painel pinus,FOUND,Itens encontrados.,['painel pinus'],Painel Finger Lateral Qualidade BC,2500 x 1250 x 100,,https://novomillenium.com.br/produtos/painel-finger-lateral-qualidade-bc,2500.0,1250.0,,,,1.0,,,Novo Millenium Moveis Ltda.,FLORES DA CUNHA,FLORES DA CUNHA,Rio Grande do Sul,-29.03114214,-51.18222058
511,https://novomillenium.com.br/,painel pinus,FOUND,Itens encontrados.,['painel pinus'],Painel Finger Lateral Qualidade BC,2500 x 1250 x 100,,https://novomillenium.com.br/produtos/painel-finger-lateral-qualidade-bc,2500.0,1250.0,,,,1.0,,,Novo Millenium Moveis Ltda.,FLORES DA CUNHA,FLORES DA CUNHA,Rio Grande do Sul,-29.03114214,-51.18222058
512,https://novomillenium.com.br/,painel pinus,FOUND,Itens encontrados.,['painel pinus'],Painel Finger Lateral Qualidade BC,2500 x 1250 x 100,,https://novomillenium.com.br/produtos/painel-finger-lateral-qualidade-bc,2500.0,1250.0,,,,1.0,,,Novo Millenium Moveis Ltda.,FLORES DA CUNHA,FLORES DA CUNHA,Rio Grande do Sul,-29.03114214,-51.18222058
513,https://novomillenium.com.br/,painel pinus,FOUND,Itens encontrados.,['painel pinus'],Painel Finger Lateral Qualidade BC,2500 x 1250 x 100,,https://novomillenium.com.br/produtos/painel-finger-lateral-qualidade-bc,2500.0,1250.0,,,,1.0,,,Novo Millenium Moveis Ltda.,FLORES DA CUNHA,FLORES DA CUNHA,Rio Grande do Sul,-29.03114214,-51.18222058
514,https://novomillenium.com.br/,painel pinus,FOUND,Itens encontrados.,['painel pinus'],Painel Finger Lateral Qualidade BC,2500 x 1250 x 100,,https://novomillenium.com.br/produtos/painel-finger-lateral-qualidade-bc,2500.0,1250.0,,,,1.0,,,Novo Millenium Moveis Ltda.,FLORES DA CUNHA,FLORES DA CUNHA,Rio Grande do Sul,-29.03114214,-51.18222058
515,https://novomillenium.com.br/,painel pinus,FOUND,Itens encontrados.,['painel pinus'],Painel Base para Revestimento Qualidade B,3300 x 1250 x 100,,https://novomillenium.com.br/produtos/painel-base-para-revestimento-qualidade-b,3300.0,1250.0,,,,1.0,,,Novo Millenium Moveis Ltda.,FLORES DA CUNHA,FLORES DA CUNHA,Rio Grande do Sul,-29.03114214,-51.18222058
516,https://novomillenium.com.br/,painel pinus,FOUND,Itens encontrados.,['painel pinus'],Painel Base para Revestimento Qualidade B,3300 x 1250 x 100,,https://novomillenium.com.br/produtos/painel-base-para-revestimento-qualidade-b,3300.0,1250.0,,,,1.0,,,Novo Millenium Moveis Ltda.,FLORES DA CUNHA,FLORES DA CUNHA,Rio Grande do Sul,-29.03114214,-51.18222058
517,https://novomillenium.com.br/,painel pinus,FOUND,Itens encontrados.,['painel pinus'],Painel Base para Revestimento Qualidade B,3300 x 1250 x 100,,https://novomillenium.com.br/produtos/painel-base-para-revestimento-qualidade-b,3300.0,1250.0,,,,1.0,,,Novo Millenium Moveis Ltda.,FLORES DA CUNHA,FLORES DA CUNHA,Rio Grande do Sul,-29.03114214,-51.18222058
518,https://novomillenium.com.br/,painel pinus,FOUND,Itens encontrados.,['painel pinus'],Painel Base para Revestimento Qualidade B,3300 x 1250 x 100,,https://novomillenium.com.br/produtos/painel-base-para-revestimento-qualidade-b,3300.0,1250.0,,,,1.0,,,Novo Millenium Moveis Ltda.,FLORES DA CUNHA,FLORES DA CUNHA,Rio Grande do Sul,-29.03114214,-51.18222058
519,https://novomillenium.com.br/,painel pinus,FOUND,Itens encontrados.,['painel pinus'],Painel Base para Revestimento Qualidade B,3300 x 1250 x 100,,https://novomillenium.com.br/produtos/painel-base-para-revestimento-qualidade-b,3300.0,1250.0,,,,1.0,,,Novo Millenium Moveis Ltda.,FLORES DA CUNHA,FLORES DA CUNHA,Rio Grande do Sul,-29.03114214,-51.18222058
520,https://novomillenium.com.br/,painel pinus,FOUND,Itens encontrados.,['painel pinus'],Painel Base para Revestimento Qualidade B,3300 x 1250 x 100,,https://novomillenium.com.br/produtos/painel-base-para-revestimento-qualidade-b,3300.0,1250.0,,,,1.0,,,Novo Millenium Moveis Ltda.,FLORES DA CUNHA,FLORES DA CUNHA,Rio Grande do Sul,-29.03114214,-51.18222058
521,https://novomillenium.com.br/,painel pinus,FOUND,Itens encontrados.,['painel pinus'],Painel Base para Revestimento Qualidade C,3300 x 1250 x 100,,https://novomillenium.com.br/produtos/painel-base-para-revestimento-qualidade-c,3300.0,1250.0,,,,1.0,,,Novo Millenium Moveis Ltda.,FLORES DA CUNHA,FLORES DA CUNHA,Rio Grande do Sul,-29.03114214,-51.18222058
522,https://novomillenium.com.br/,painel pinus,FOUND,Itens encontrados.,['painel pinus'],Painel Base para Revestimento Qualidade C,3300 x 1250 x 100,,https://novomillenium.com.br/produtos/painel-base-para-revestimento-qualidade-c,3300.0,1250.0,,,,1.0,,,Novo Millenium Moveis Ltda.,FLORES DA CUNHA,FLORES DA CUNHA,Rio Grande do Sul,-29.03114214,-51.18222058
523,https://novomillenium.com.br/,painel pinus,FOUND,Itens encontrados.,['painel pinus'],Painel Base para Revestimento Qualidade C,3300 x 1250 x 100,,https://novomillenium.com.br/produtos/painel-base-para-revestimento-qualidade-c,3300.0,1250.0,,,,1.0,,,Novo Millenium Moveis Ltda.,FLORES DA CUNHA,FLORES DA CUNHA,Rio Grande do Sul,-29.03114214,-51.18222058
524,https://novomillenium.com.br/,painel pinus,FOUND,Itens encontrados.,['painel pinus'],Painel Base para Revestimento Qualidade C,3300 x 1250 x 100,,https://novomillenium.com.br/produtos/painel-base-para-revestimento-qualidade-c,3300.0,1250.0,,,,1.0,,,Novo Millenium Moveis Ltda.,FLORES DA CUNHA,FLORES DA CUNHA,Rio Grande do Sul,-29.03114214,-51.18222058
525,https://novomillenium.com.br/,painel pinus,FOUND,Itens encontrados.,['painel pinus'],Painel Base para Revestimento Qualidade C,3300 x 1250 x 100,,https://novomillenium.com.br/produtos/painel-base-para-revestimento-qualidade-c,3300.0,1250.0,,,,1.0,,,Novo Millenium Moveis Ltda.,FLORES DA CUNHA,FLORES DA CUNHA,Rio Grande do Sul,-29.03114214,-51.18222058
526,https://novomillenium.com.br/,painel pinus,FOUND,Itens encontrados.,['painel pinus'],Painel Base para Revestimento Qualidade C,3300 x 1250 x 100,,https://novomillenium.com.br/produtos/painel-base-para-revestimento-qualidade-c,3300.0,1250.0,,,,1.0,,,Novo Millenium Moveis Ltda.,FLORES DA CUNHA,FLORES DA CUNHA,Rio Grande do Sul,-29.03114214,-51.18222058
527,https://www.portobello.com.br,painel pinus,NOT_FOUND,Nao foram encontrados itens de 'painel pinus' (ou equivalentes) com dimensoes no nome neste site.,['painel pinus'],,,,,,,,,,,,,Portobello Shop,PORTO ALEGRE,PORTO ALEGRE,Rio Grande do Sul,-30.03003677,-51.22866046
528,https://www.portobello.com.br,painel pinus,NOT_FOUND,Nao foram encontrados itens de 'painel pinus' (ou equivalentes) com dimensoes no nome neste site.,['painel pinus'],,,,,,,,,,,,,Portobello Shop,PORTO ALEGRE,PORTO ALEGRE,Rio Grande do Sul,-30.03003677,-51.22866046
529,https://www.portobello.com.br,painel pinus,NOT_FOUND,Nao foram encontrados itens de 'painel pinus' (ou equivalentes) com dimensoes no nome neste site.,['painel pinus'],,,,,,,,,,,,,Portobello Shop,PORTO ALEGRE,PORTO ALEGRE,Rio Grande do Sul,-30.03003677,-51.22866046
530,https://www.portobello.com.br,painel pinus,NOT_FOUND,Nao foram encontrados itens de 'painel pinus' (ou equivalentes) com dimensoes no nome neste site.,['painel pinus'],,,,,,,,,,,,,Portobello Shop,PORTO ALEGRE,PORTO ALEGRE,Rio Grande do Sul,-30.03003677,-51.22866046
531,https://www.portobello.com.br,painel pinus,NOT_FOUND,Nao foram encontrados itens de 'painel pinus' (ou equivalentes) com dimensoes no nome neste site.,['painel pinus'],,,,,,,,,,,,,Portobello Shop,PORTO ALEGRE,PORTO ALEGRE,Rio Grande do Sul,-30.03003677,-51.22866046
532,https://www.portobello.com.br,painel pinus,NOT_FOUND,Nao foram encontrados itens de 'painel pinus' (ou equivalentes) com dimensoes no nome neste site.,['painel pinus'],,,,,,,,,,,,,Portobello Shop,PORTO ALEGRE,PORTO ALEGRE,Rio Grande do Sul,-30.03003677,-51.22866046
533,https://www.portobello.com.br,painel pinus,NOT_FOUND,Nao foram encontrados itens de 'painel pinus' (ou equivalentes) com dimensoes no nome neste site.,['painel pinus'],,,,,,,,,,,,,Portobello Shop,PORTO ALEGRE,PORTO ALEGRE,Rio Grande do Sul,-30.03003677,-51.22866046
534,https://www.portobello.com.br,painel pinus,NOT_FOUND,Nao foram encontrados itens de 'painel pinus' (ou equivalentes) com dimensoes no nome neste site.,['painel pinus'],,,,,,,,,,,,,Portobello Shop,PORTO ALEGRE,PORTO ALEGRE,Rio Grande do Sul,-30.03003677,-51.22866046
535,https://www.portobello.com.br,painel pinus,NOT_FOUND,Nao foram encontrados itens de 'painel pinus' (ou equivalentes) com dimensoes no nome neste site.,['painel pinus'],,,,,,,,,,,,,Portobello Shop,PORTO ALEGRE,PORTO ALEGRE,Rio Grande do Sul,-30.03003677,-51.22866046
536,https://www.madeireiravirtual.com.br/,painel pinus,NOT_FOUND,Nao foram encontrados itens de 'painel pinus' (ou equivalentes) com dimensoes no nome neste site.,['painel pinus'],,,,,,,,,,,,,Virtual Materiais De Construcao,ALVORADA,ALVORADA,Rio Grande do Sul,-29.99749306,-51.07772945
537,https://www.madeireiravirtual.com.br/,painel pinus,NOT_FOUND,Nao foram encontrados itens de 'painel pinus' (ou equivalentes) com dimensoes no nome neste site.,['painel pinus'],,,,,,,,,,,,,Virtual Materiais De Construcao,ALVORADA,ALVORADA,Rio Grande do Sul,-29.99749306,-51.07772945
538,https://www.madeireiravirtual.com.br/,painel pinus,NOT_FOUND,Nao foram encontrados itens de 'painel pinus' (ou equivalentes) com dimensoes no nome neste site.,['painel pinus'],,,,,,,,,,,,,Virtual Materiais De Construcao,ALVORADA,ALVORADA,Rio Grande do Sul,-29.99749306,-51.07772945
539,https://www.madeireiravirtual.com.br/,painel pinus,NOT_FOUND,Nao foram encontrados itens de 'painel pinus' (ou equivalentes) com dimensoes no nome neste site.,['painel pinus'],,,,,,,,,,,,,Virtual Materiais De Construcao,ALVORADA,ALVORADA,Rio Grande do Sul,-29.99749306,-51.07772945
540,https://www.promovel.com.br,painel pinus,NOT_FOUND,Nao foram encontrados itens de 'painel pinus' (ou equivalentes) com dimensoes no nome neste site.,['painel pinus'],,,,,,,,,,,,,Pro-Movel,CAXIAS DO SUL,CAXIAS DO SUL,Rio Grande do Sul,-29.16689901,-51.17886021
541,https://www.promovel.com.br,painel pinus,NOT_FOUND,Nao foram encontrados itens de 'painel pinus' (ou equivalentes) com dimensoes no nome neste site.,['painel pinus'],,,,,,,,,,,,,Pro-Movel,CAXIAS DO SUL,CAXIAS DO SUL,Rio Grande do Sul,-29.16689901,-51.17886021
542,https://www.promovel.com.br,painel pinus,NOT_FOUND,Nao foram encontrados itens de 'painel pinus' (ou equivalentes) com dimensoes no nome neste site.,['painel pinus'],,,,,,,,,,,,,Pro-Movel,CAXIAS DO SUL,CAXIAS DO SUL,Rio Grande do Sul,-29.16689901,-51.17886021
543,https://www.promovel.com.br,painel pinus,NOT_FOUND,Nao foram encontrados itens de 'painel pinus' (ou equivalentes) com dimensoes no nome neste site.,['painel pinus'],,,,,,,,,,,,,Pro-Movel,CAXIAS DO SUL,CAXIAS DO SUL,Rio Grande do Sul,-29.16689901,-51.17886021
544,https://www.promovel.com.br,painel pinus,NOT_FOUND,Nao foram encontrados itens de 'painel pinus' (ou equivalentes) com dimensoes no nome neste site.,['painel pinus'],,,,,,,,,,,,,Pro-Movel,CAXIAS DO SUL,CAXIAS DO SUL,Rio Grande do Sul,-29.16689901,-51.17886021
545,https://www.promovel.com.br,painel pinus,NOT_FOUND,Nao foram encontrados itens de 'painel pinus' (ou equivalentes) com dimensoes no nome neste site.,['painel pinus'],,,,,,,,,,,,,Pro-Movel,CAXIAS DO SUL,CAXIAS DO SUL,Rio Grande do Sul,-29.16689901,-51.17886021
546,https://www.promovel.com.br,painel pinus,NOT_FOUND,Nao foram encontrados itens de 'painel pinus' (ou equivalentes) com dimensoes no nome neste site.,['painel pinus'],,,,,,,,,,,,,Pro-Movel,CAXIAS DO SUL,CAXIAS DO SUL,Rio Grande do Sul,-29.16689901,-51.17886021
547,https://www.promovel.com.br,painel pinus,NOT_FOUND,Nao foram encontrados itens de 'painel pinus' (ou equivalentes) com dimensoes no nome neste site.,['painel pinus'],,,,,,,,,,,,,Pro-Movel,CAXIAS DO SUL,CAXIAS DO SUL,Rio Grande do Sul,-29.16689901,-51.17886021
548,https://www.schoolcentershop.com.br/,painel pinus,NOT_FOUND,Nao foram encontrados itens de 'painel pinus' (ou equivalentes) com dimensoes no nome neste site.,['painel pinus'],,,,,,,,,,,,,School Center Industria De Moveis Escolares Ltda.,GARIBALDI,GARIBALDI,Rio Grande do Sul,-29.25454911,-51.52954846
549,https://www.schoolcentershop.com.br/,painel pinus,NOT_FOUND,Nao foram encontrados itens de 'painel pinus' (ou equivalentes) com dimensoes no nome neste site.,['painel pinus'],,,,,,,,,,,,,School Center Industria De Moveis Escolares Ltda.,GARIBALDI,GARIBALDI,Rio Grande do Sul,-29.25454911,-51.52954846
550,https://www.schoolcentershop.com.br/,painel pinus,NOT_FOUND,Nao foram encontrados itens de 'painel pinus' (ou equivalentes) com dimensoes no nome neste site.,['painel pinus'],,,,,,,,,,,,,School Center Industria De Moveis Escolares Ltda.,GARIBALDI,GARIBALDI,Rio Grande do Sul,-29.25454911,-51.52954846
551,https://www.schoolcentershop.com.br/,painel pinus,NOT_FOUND,Nao foram encontrados itens de 'painel pinus' (ou equivalentes) com dimensoes no nome neste site.,['painel pinus'],,,,,,,,,,,,,School Center Industria De Moveis Escolares Ltda.,GARIBALDI,GARIBALDI,Rio Grande do Sul,-29.25454911,-51.52954846
552,https://www.schoolcentershop.com.br/,painel pinus,NOT_FOUND,Nao foram encontrados itens de 'painel pinus' (ou equivalentes) com dimensoes no nome neste site.,['painel pinus'],,,,,,,,,,,,,School Center Industria De Moveis Escolares Ltda.,GARIBALDI,GARIBALDI,Rio Grande do Sul,-29.25454911,-51.52954846
553,https://www.schoolcentershop.com.br/,painel pinus,NOT_FOUND,Nao foram encontrados itens de 'painel pinus' (ou equivalentes) com dimensoes no nome neste site.,['painel pinus'],,,,,,,,,,,,,School Center Industria De Moveis Escolares Ltda.,GARIBALDI,GARIBALDI,Rio Grande do Sul,-29.25454911,-51.52954846
554,https://www.schoolcentershop.com.br/,painel pinus,NOT_FOUND,Nao foram encontrados itens de 'painel pinus' (ou equivalentes) com dimensoes no nome neste site.,['painel pinus'],,,,,,,,,,,,,School Center Industria De Moveis Escolares Ltda.,GARIBALDI,GARIBALDI,Rio Grande do Sul,-29.25454911,-51.52954846
555,https://www.schoolcentershop.com.br/,painel pinus,NOT_FOUND,Nao foram encontrados itens de 'painel pinus' (ou equivalentes) com dimensoes no nome neste site.,['painel pinus'],,,,,,,,,,,,,School Center Industria De Moveis Escolares Ltda.,GARIBALDI,GARIBALDI,Rio Grande do Sul,-29.25454911,-51.52954846
556,https://www.schoolcentershop.com.br/,painel pinus,NOT_FOUND,Nao foram encontrados itens de 'painel pinus' (ou equivalentes) com dimensoes no nome neste site.,['painel pinus'],,,,,,,,,,,,,School Center Industria De Moveis Escolares Ltda.,GARIBALDI,GARIBALDI,Rio Grande do Sul,-29.25454911,-51.52954846
557,www.carvalhomateriais.com.br,painel pinus,NOT_FOUND,Nao foram encontrados itens de 'painel pinus' (ou equivalentes) com dimensoes no nome neste site.,['painel pinus'],,,,,,,,,,,,,Carvalho Materiais De Construcao,ERECHIM,ERECHIM,Rio Grande do Sul,-27.63340581,-52.2758769
558,www.carvalhomateriais.com.br,painel pinus,NOT_FOUND,Nao foram encontrados itens de 'painel pinus' (ou equivalentes) com dimensoes no nome neste site.,['painel pinus'],,,,,,,,,,,,,Carvalho Materiais De Construcao,ERECHIM,ERECHIM,Rio Grande do Sul,-27.63340581,-52.2758769
559,www.carvalhomateriais.com.br,painel pinus,NOT_FOUND,Nao foram encontrados itens de 'painel pinus' (ou equivalentes) com dimensoes no nome neste site.,['painel pinus'],,,,,,,,,,,,,Carvalho Materiais De Construcao,ERECHIM,ERECHIM,Rio Grande do Sul,-27.63340581,-52.2758769
560,www.carvalhomateriais.com.br,painel pinus,NOT_FOUND,Nao foram encontrados itens de 'painel pinus' (ou equivalentes) com dimensoes no nome neste site.,['painel pinus'],,,,,,,,,,,,,Carvalho Materiais De Construcao,ERECHIM,ERECHIM,Rio Grande do Sul,-27.63340581,-52.2758769
561,www.carvalhomateriais.com.br,painel pinus,NOT_FOUND,Nao foram encontrados itens de 'painel pinus' (ou equivalentes) com dimensoes no nome neste site.,['painel pinus'],,,,,,,,,,,,,Carvalho Materiais De Construcao,ERECHIM,ERECHIM,Rio Grande do Sul,-27.63340581,-52.2758769
562,www.carvalhomateriais.com.br,painel pinus,NOT_FOUND,Nao foram encontrados itens de 'painel pinus' (ou equivalentes) com dimensoes no nome neste site.,['painel pinus'],,,,,,,,,,,,,Carvalho Materiais De Construcao,ERECHIM,ERECHIM,Rio Grande do Sul,-27.63340581,-52.2758769
563,www.carvalhomateriais.com.br,painel pinus,NOT_FOUND,Nao foram encontrados itens de 'painel pinus' (ou equivalentes) com dimensoes no nome neste site.,['painel pinus'],,,,,,,,,,,,,Carvalho Materiais De Construcao,ERECHIM,ERECHIM,Rio Grande do Sul,-27.63340581,-52.2758769
564,https://madesandri.com.br/,painel pinus,NOT_FOUND,Nao foram encontrados itens de 'painel pinus' (ou equivalentes) com dimensoes no nome neste site.,['painel pinus'],,,,,,,,,,,,,Sandri Groehs & Cia Ltda,SAO LEOPOLDO,SAO LEOPOLDO,Rio Grande do Sul,-29.76586654,-51.14623456
565,https://madesandri.com.br/,painel pinus,NOT_FOUND,Nao foram encontrados itens de 'painel pinus' (ou equivalentes) com dimensoes no nome neste site.,['painel pinus'],,,,,,,,,,,,,Sandri Groehs & Cia Ltda,SAO LEOPOLDO,SAO LEOPOLDO,Rio Grande do Sul,-29.76586654,-51.14623456
566,https://madesandri.com.br/,painel pinus,NOT_FOUND,Nao foram encontrados itens de 'painel pinus' (ou equivalentes) com dimensoes no nome neste site.,['painel pinus'],,,,,,,,,,,,,Sandri Groehs & Cia Ltda,SAO LEOPOLDO,SAO LEOPOLDO,Rio Grande do Sul,-29.76586654,-51.14623456
567,https://madesandri.com.br/,painel pinus,NOT_FOUND,Nao foram encontrados itens de 'painel pinus' (ou equivalentes) com dimensoes no nome neste site.,['painel pinus'],,,,,,,,,,,,,Sandri Groehs & Cia Ltda,SAO LEOPOLDO,SAO LEOPOLDO,Rio Grande do Sul,-29.76586654,-51.14623456
568,https://madesandri.com.br/,painel pinus,NOT_FOUND,Nao foram encontrados itens de 'painel pinus' (ou equivalentes) com dimensoes no nome neste site.,['painel pinus'],,,,,,,,,,,,,Sandri Groehs & Cia Ltda,SAO LEOPOLDO,SAO LEOPOLDO,Rio Grande do Sul,-29.76586654,-51.14623456
569,https://madesandri.com.br/,painel pinus,NOT_FOUND,Nao foram encontrados itens de 'painel pinus' (ou equivalentes) com dimensoes no nome neste site.,['painel pinus'],,,,,,,,,,,,,Sandri Groehs & Cia Ltda,SAO LEOPOLDO,SAO LEOPOLDO,Rio Grande do Sul,-29.76586654,-51.14623456
570,https://madesandri.com.br/,painel pinus,NOT_FOUND,Nao foram encontrados itens de 'painel pinus' (ou equivalentes) com dimensoes no nome neste site.,['painel pinus'],,,,,,,,,,,,,Sandri Groehs & Cia Ltda,SAO LEOPOLDO,SAO LEOPOLDO,Rio Grande do Sul,-29.76586654,-51.14623456
571,https://www.schirmann.com.br,painel pinus,NOT_FOUND,Nao foram encontrados itens de 'painel pinus' (ou equivalentes) com dimensoes no nome neste site.,['painel pinus'],,,,,,,,,,,,,Schirmann Materiais E Solucoes Para A Contrucao Ltda,IJUI,IJUI,Rio Grande do Sul,-28.38853654,-53.91806684
572,https://www.schirmann.com.br,painel pinus,NOT_FOUND,Nao foram encontrados itens de 'painel pinus' (ou equivalentes) com dimensoes no nome neste site.,['painel pinus'],,,,,,,,,,,,,Schirmann Materiais E Solucoes Para A Contrucao Ltda,IJUI,IJUI,Rio Grande do Sul,-28.38853654,-53.91806684
573,https://www.schirmann.com.br,painel pinus,NOT_FOUND,Nao foram encontrados itens de 'painel pinus' (ou equivalentes) com dimensoes no nome neste site.,['painel pinus'],,,,,,,,,,,,,Schirmann Materiais E Solucoes Para A Contrucao Ltda,IJUI,IJUI,Rio Grande do Sul,-28.38853654,-53.91806684
574,https://www.schirmann.com.br,painel pinus,NOT_FOUND,Nao foram encontrados itens de 'painel pinus' (ou equivalentes) com dimensoes no nome neste site.,['painel pinus'],,,,,,,,,,,,,Schirmann Materiais E Solucoes Para A Contrucao Ltda,IJUI,IJUI,Rio Grande do Sul,-28.38853654,-53.91806684
575,https://www.schirmann.com.br,painel pinus,NOT_FOUND,Nao foram encontrados itens de 'painel pinus' (ou equivalentes) com dimensoes no nome neste site.,['painel pinus'],,,,,,,,,,,,,Schirmann Materiais E Solucoes Para A Contrucao Ltda,IJUI,IJUI,Rio Grande do Sul,-28.38853654,-53.91806684
576,https://www.kottwitzcenter.com.br/,painel pinus,NOT_FOUND,Nao foram encontrados itens de 'painel pinus' (ou equivalentes) com dimensoes no nome neste site.,['painel pinus'],,,,,,,,,,,,,Kottwitz - Materiais De Construcao,CANDELARIA,CANDELARIA,Rio Grande do Sul,-29.67128542,-52.78966844
577,https://www.kottwitzcenter.com.br/,painel pinus,NOT_FOUND,Nao foram encontrados itens de 'painel pinus' (ou equivalentes) com dimensoes no nome neste site.,['painel pinus'],,,,,,,,,,,,,Kottwitz - Materiais De Construcao,CANDELARIA,CANDELARIA,Rio Grande do Sul,-29.67128542,-52.78966844
578,https://www.espacosmart.com.br,painel pinus,NOT_FOUND,Nao foram encontrados itens de 'painel pinus' (ou equivalentes) com dimensoes no nome neste site.,['painel pinus'],,,,,,,,,,,,,Smart Center Comercio De Materiais De Construcao Ltda,GRAMADO,GRAMADO,Rio Grande do Sul,-29.37973752,-50.8719457
579,https://www.espacosmart.com.br,painel pinus,NOT_FOUND,Nao foram encontrados itens de 'painel pinus' (ou equivalentes) com dimensoes no nome neste site.,['painel pinus'],,,,,,,,,,,,,Smart Center Comercio De Materiais De Construcao Ltda,GRAMADO,GRAMADO,Rio Grande do Sul,-29.37973752,-50.8719457
580,https://www.espacosmart.com.br,painel pinus,NOT_FOUND,Nao foram encontrados itens de 'painel pinus' (ou equivalentes) com dimensoes no nome neste site.,['painel pinus'],,,,,,,,,,,,,Smart Center Comercio De Materiais De Construcao Ltda,GRAMADO,GRAMADO,Rio Grande do Sul,-29.37973752,-50.8719457
581,https://www.espacosmart.com.br,painel pinus,NOT_FOUND,Nao foram encontrados itens de 'painel pinus' (ou equivalentes) com dimensoes no nome neste site.,['painel pinus'],,,,,,,,,,,,,Smart Center Comercio De Materiais De Construcao Ltda,GRAMADO,GRAMADO,Rio Grande do Sul,-29.37973752,-50.8719457
582,https://www.espacosmart.com.br,painel pinus,NOT_FOUND,Nao foram encontrados itens de 'painel pinus' (ou equivalentes) com dimensoes no nome neste site.,['painel pinus'],,,,,,,,,,,,,Smart Center Comercio De Materiais De Construcao Ltda,GRAMADO,GRAMADO,Rio Grande do Sul,-29.37973752,-50.8719457
583,https://www.espacosmart.com.br,painel pinus,NOT_FOUND,Nao foram encontrados itens de 'painel pinus' (ou equivalentes) com dimensoes no nome neste site.,['painel pinus'],,,,,,,,,,,,,Smart Center Comercio De Materiais De Construcao Ltda,GRAMADO,GRAMADO,Rio Grande do Sul,-29.37973752,-50.8719457
584,https://www.sierra.com.br,painel pinus,NOT_FOUND,Nao foram encontrados itens de 'painel pinus' (ou equivalentes) com dimensoes no nome neste site.,['painel pinus'],,,,,,,,,,,,,Sierra Moveis Ltda,GRAMADO,GRAMADO,Rio Grande do Sul,-29.37973752,-50.8719457
585,https://www.sierra.com.br,painel pinus,NOT_FOUND,Nao foram encontrados itens de 'painel pinus' (ou equivalentes) com dimensoes no nome neste site.,['painel pinus'],,,,,,,,,,,,,Sierra Moveis Ltda,GRAMADO,GRAMADO,Rio Grande do Sul,-29.37973752,-50.8719457
586,https://www.sierra.com.br,painel pinus,NOT_FOUND,Nao foram encontrados itens de 'painel pinus' (ou equivalentes) com dimensoes no nome neste site.,['painel pinus'],,,,,,,,,,,,,Sierra Moveis Ltda,GRAMADO,GRAMADO,Rio Grande do Sul,-29.37973752,-50.8719457
587,https://www.sierra.com.br,painel pinus,NOT_FOUND,Nao foram encontrados itens de 'painel pinus' (ou equivalentes) com dimensoes no nome neste site.,['painel pinus'],,,,,,,,,,,,,Sierra Moveis Ltda,GRAMADO,GRAMADO,Rio Grande do Sul,-29.37973752,-50.8719457
588,https://www.sierra.com.br,painel pinus,NOT_FOUND,Nao foram encontrados itens de 'painel pinus' (ou equivalentes) com dimensoes no nome neste site.,['painel pinus'],,,,,,,,,,,,,Sierra Moveis Ltda,GRAMADO,GRAMADO,Rio Grande do Sul,-29.37973752,-50.8719457
589,https://www.sierra.com.br,painel pinus,NOT_FOUND,Nao foram encontrados itens de 'painel pinus' (ou equivalentes) com dimensoes no nome neste site.,['painel pinus'],,,,,,,,,,,,,Sierra Moveis Ltda,GRAMADO,GRAMADO,Rio Grande do Sul,-29.37973752,-50.8719457
590,https://www.signor.com.br,painel pinus,NOT_FOUND,Nao foram encontrados itens de 'painel pinus' (ou equivalentes) com dimensoes no nome neste site.,['painel pinus'],,,,,,,,,,,,,Signor Erechim Ltda,ERECHIM,ERECHIM,Rio Grande do Sul,-27.63340581,-52.2758769
591,https://www.signor.com.br,painel pinus,NOT_FOUND,Nao foram encontrados itens de 'painel pinus' (ou equivalentes) com dimensoes no nome neste site.,['painel pinus'],,,,,,,,,,,,,Signor Erechim Ltda,ERECHIM,ERECHIM,Rio Grande do Sul,-27.63340581,-52.2758769
592,https://www.signor.com.br,painel pinus,NOT_FOUND,Nao foram encontrados itens de 'painel pinus' (ou equivalentes) com dimensoes no nome neste site.,['painel pinus'],,,,,,,,,,,,,Signor Erechim Ltda,ERECHIM,ERECHIM,Rio Grande do Sul,-27.63340581,-52.2758769
593,https://www.signor.com.br,painel pinus,NOT_FOUND,Nao foram encontrados itens de 'painel pinus' (ou equivalentes) com dimensoes no nome neste site.,['painel pinus'],,,,,,,,,,,,,Signor Erechim Ltda,ERECHIM,ERECHIM,Rio Grande do Sul,-27.63340581,-52.2758769
594,https://www.signor.com.br,painel pinus,NOT_FOUND,Nao foram encontrados itens de 'painel pinus' (ou equivalentes) com dimensoes no nome neste site.,['painel pinus'],,,,,,,,,,,,,Signor Erechim Ltda,ERECHIM,ERECHIM,Rio Grande do Sul,-27.63340581,-52.2758769
595,https://www.signor.com.br,painel pinus,NOT_FOUND,Nao foram encontrados itens de 'painel pinus' (ou equivalentes) com dimensoes no nome neste site.,['painel pinus'],,,,,,,,,,,,,Signor Erechim Ltda,ERECHIM,ERECHIM,Rio Grande do Sul,-27.63340581,-52.2758769
596,https://www.signor.com.br,painel pinus,NOT_FOUND,Nao foram encontrados itens de 'painel pinus' (ou equivalentes) com dimensoes no nome neste site.,['painel pinus'],,,,,,,,,,,,,Signor Erechim Ltda,ERECHIM,ERECHIM,Rio Grande do Sul,-27.63340581,-52.2758769
597,https://www.lojasolar.com.br,painel pinus,NOT_FOUND,Nao foram encontrados itens de 'painel pinus' (ou equivalentes) com dimensoes no nome neste site.,['painel pinus'],,,,,,,,,,,,,Lojas Solar,VALE REAL,VALE REAL,Rio Grande do Sul,-29.39228062,-51.25119656
598,https://www.lojasolar.com.br,painel pinus,NOT_FOUND,Nao foram encontrados itens de 'painel pinus' (ou equivalentes) com dimensoes no nome neste site.,['painel pinus'],,,,,,,,,,,,,Lojas Solar,VALE REAL,VALE REAL,Rio Grande do Sul,-29.39228062,-51.25119656
599,https://www.lojasolar.com.br,painel pinus,NOT_FOUND,Nao foram encontrados itens de 'painel pinus' (ou equivalentes) com dimensoes no nome neste site.,['painel pinus'],,,,,,,,,,,,,Lojas Solar,VALE REAL,VALE REAL,Rio Grande do Sul,-29.39228062,-51.25119656
600,http://www.pisorei.com.br/,painel pinus,NOT_FOUND,Nao foram encontrados itens de 'painel pinus' (ou equivalentes) com dimensoes no nome neste site.,['painel pinus'],,,,,,,,,,,,,Piso Rei,GRAVATAI,GRAVATAI,Rio Grande do Sul,-29.94551891,-50.99079297
601,http://www.pisorei.com.br/,painel pinus,NOT_FOUND,Nao foram encontrados itens de 'painel pinus' (ou equivalentes) com dimensoes no nome neste site.,['painel pinus'],,,,,,,,,,,,,Piso Rei,GRAVATAI,GRAVATAI,Rio Grande do Sul,-29.94551891,-50.99079297
602,http://www.pisorei.com.br/,painel pinus,NOT_FOUND,Nao foram encontrados itens de 'painel pinus' (ou equivalentes) com dimensoes no nome neste site.,['painel pinus'],,,,,,,,,,,,,Piso Rei,GRAVATAI,GRAVATAI,Rio Grande do Sul,-29.94551891,-50.99079297
603,http://www.pisorei.com.br/,painel pinus,NOT_FOUND,Nao foram encontrados itens de 'painel pinus' (ou equivalentes) com dimensoes no nome neste site.,['painel pinus'],,,,,,,,,,,,,Piso Rei,GRAVATAI,GRAVATAI,Rio Grande do Sul,-29.94551891,-50.99079297
604,http://www.pisorei.com.br/,painel pinus,NOT_FOUND,Nao foram encontrados itens de 'painel pinus' (ou equivalentes) com dimensoes no nome neste site.,['painel pinus'],,,,,,,,,,,,,Piso Rei,GRAVATAI,GRAVATAI,Rio Grande do Sul,-29.94551891,-50.99079297
605,http://www.pisorei.com.br/,painel pinus,NOT_FOUND,Nao foram encontrados itens de 'painel pinus' (ou equivalentes) com dimensoes no nome neste site.,['painel pinus'],,,,,,,,,,,,,Piso Rei,GRAVATAI,GRAVATAI,Rio Grande do Sul,-29.94551891,-50.99079297
606,http://www.pisorei.com.br/,painel pinus,NOT_FOUND,Nao foram encontrados itens de 'painel pinus' (ou equivalentes) com dimensoes no nome neste site.,['painel pinus'],,,,,,,,,,,,,Piso Rei,GRAVATAI,GRAVATAI,Rio Grande do Sul,-29.94551891,-50.99079297
607,http://www.pisorei.com.br/,painel pinus,NOT_FOUND,Nao foram encontrados itens de 'painel pinus' (ou equivalentes) com dimensoes no nome neste site.,['painel pinus'],,,,,,,,,,,,,Piso Rei,GRAVATAI,GRAVATAI,Rio Grande do Sul,-29.94551891,-50.99079297
608,https://www.casatotalmoveis.com.br/,painel pinus,NOT_FOUND,Nao foram encontrados itens de 'painel pinus' (ou equivalentes) com dimensoes no nome neste site.,['painel pinus'],,,,,,,,,,,,,Total Comercio De Moveis E Materiais De Construcao Ltda,PORTO ALEGRE,PORTO ALEGRE,Rio Grande do Sul,-30.03003677,-51.22866046
609,https://www.casatotalmoveis.com.br/,painel pinus,NOT_FOUND,Nao foram encontrados itens de 'painel pinus' (ou equivalentes) com dimensoes no nome neste site.,['painel pinus'],,,,,,,,,,,,,Total Comercio De Moveis E Materiais De Construcao Ltda,PORTO ALEGRE,PORTO ALEGRE,Rio Grande do Sul,-30.03003677,-51.22866046
610,https://www.casatotalmoveis.com.br/,painel pinus,NOT_FOUND,Nao foram encontrados itens de 'painel pinus' (ou equivalentes) com dimensoes no nome neste site.,['painel pinus'],,,,,,,,,,,,,Total Comercio De Moveis E Materiais De Construcao Ltda,PORTO ALEGRE,PORTO ALEGRE,Rio Grande do Sul,-30.03003677,-51.22866046
611,https://www.casatotalmoveis.com.br/,painel pinus,NOT_FOUND,Nao foram encontrados itens de 'painel pinus' (ou equivalentes) com dimensoes no nome neste site.,['painel pinus'],,,,,,,,,,,,,Total Comercio De Moveis E Materiais De Construcao Ltda,PORTO ALEGRE,PORTO ALEGRE,Rio Grande do Sul,-30.03003677,-51.22866046
612,https://www.casatotalmoveis.com.br/,painel pinus,NOT_FOUND,Nao foram encontrados itens de 'painel pinus' (ou equivalentes) com dimensoes no nome neste site.,['painel pinus'],,,,,,,,,,,,,Total Comercio De Moveis E Materiais De Construcao Ltda,PORTO ALEGRE,PORTO ALEGRE,Rio Grande do Sul,-30.03003677,-51.22866046
613,https://www.casatotalmoveis.com.br/,painel pinus,NOT_FOUND,Nao foram encontrados itens de 'painel pinus' (ou equivalentes) com dimensoes no nome neste site.,['painel pinus'],,,,,,,,,,,,,Total Comercio De Moveis E Materiais De Construcao Ltda,PORTO ALEGRE,PORTO ALEGRE,Rio Grande do Sul,-30.03003677,-51.22866046
614,https://www.casatotalmoveis.com.br/,painel pinus,NOT_FOUND,Nao foram encontrados itens de 'painel pinus' (ou equivalentes) com dimensoes no nome neste site.,['painel pinus'],,,,,,,,,,,,,Total Comercio De Moveis E Materiais De Construcao Ltda,PORTO ALEGRE,PORTO ALEGRE,Rio Grande do Sul,-30.03003677,-51.22866046
615,https://www.casatotalmoveis.com.br/,painel pinus,NOT_FOUND,Nao foram encontrados itens de 'painel pinus' (ou equivalentes) com dimensoes no nome neste site.,['painel pinus'],,,,,,,,,,,,,Total Comercio De Moveis E Materiais De Construcao Ltda,PORTO ALEGRE,PORTO ALEGRE,Rio Grande do Sul,-30.03003677,-51.22866046
616,https://www.casatotalmoveis.com.br/,painel pinus,NOT_FOUND,Nao foram encontrados itens de 'painel pinus' (ou equivalentes) com dimensoes no nome neste site.,['painel pinus'],,,,,,,,,,,,,Total Comercio De Moveis E Materiais De Construcao Ltda,PORTO ALEGRE,PORTO ALEGRE,Rio Grande do Sul,-30.03003677,-51.22866046
617,https://thony.com.br/,painel pinus,NOT_FOUND,Nao foram encontrados itens de 'painel pinus' (ou equivalentes) com dimensoes no nome neste site.,['painel pinus'],,,,,,,,,,,,,Thony Ferragem Ltda,PORTO ALEGRE,PORTO ALEGRE,Rio Grande do Sul,-30.03003677,-51.22866046
618,https://thony.com.br/,painel pinus,NOT_FOUND,Nao foram encontrados itens de 'painel pinus' (ou equivalentes) com dimensoes no nome neste site.,['painel pinus'],,,,,,,,,,,,,Thony Ferragem Ltda,PORTO ALEGRE,PORTO ALEGRE,Rio Grande do Sul,-30.03003677,-51.22866046
619,https://thony.com.br/,painel pinus,NOT_FOUND,Nao foram encontrados itens de 'painel pinus' (ou equivalentes) com dimensoes no nome neste site.,['painel pinus'],,,,,,,,,,,,,Thony Ferragem Ltda,PORTO ALEGRE,PORTO ALEGRE,Rio Grande do Sul,-30.03003677,-51.22866046
620,https://thony.com.br/,painel pinus,NOT_FOUND,Nao foram encontrados itens de 'painel pinus' (ou equivalentes) com dimensoes no nome neste site.,['painel pinus'],,,,,,,,,,,,,Thony Ferragem Ltda,PORTO ALEGRE,PORTO ALEGRE,Rio Grande do Sul,-30.03003677,-51.22866046
621,https://thony.com.br/,painel pinus,NOT_FOUND,Nao foram encontrados itens de 'painel pinus' (ou equivalentes) com dimensoes no nome neste site.,['painel pinus'],,,,,,,,,,,,,Thony Ferragem Ltda,PORTO ALEGRE,PORTO ALEGRE,Rio Grande do Sul,-30.03003677,-51.22866046
622,https://thony.com.br/,painel pinus,NOT_FOUND,Nao foram encontrados itens de 'painel pinus' (ou equivalentes) com dimensoes no nome neste site.,['painel pinus'],,,,,,,,,,,,,Thony Ferragem Ltda,PORTO ALEGRE,PORTO ALEGRE,Rio Grande do Sul,-30.03003677,-51.22866046
623,https://thony.com.br/,painel pinus,NOT_FOUND,Nao foram encontrados itens de 'painel pinus' (ou equivalentes) com dimensoes no nome neste site.,['painel pinus'],,,,,,,,,,,,,Thony Ferragem Ltda,PORTO ALEGRE,PORTO ALEGRE,Rio Grande do Sul,-30.03003677,-51.22866046
624,https://thony.com.br/,painel pinus,NOT_FOUND,Nao foram encontrados itens de 'painel pinus' (ou equivalentes) com dimensoes no nome neste site.,['painel pinus'],,,,,,,,,,,,,Thony Ferragem Ltda,PORTO ALEGRE,PORTO ALEGRE,Rio Grande do Sul,-30.03003677,-51.22866046
625,https://thony.com.br/,painel pinus,NOT_FOUND,Nao foram encontrados itens de 'painel pinus' (ou equivalentes) com dimensoes no nome neste site.,['painel pinus'],,,,,,,,,,,,,Thony Ferragem Ltda,PORTO ALEGRE,PORTO ALEGRE,Rio Grande do Sul,-30.03003677,-51.22866046
626,http://www.tissot.com.br,painel pinus,NOT_FOUND,Nao foram encontrados itens de 'painel pinus' (ou equivalentes) com dimensoes no nome neste site.,['painel pinus'],,,,,,,,,,,,,Tissot Moveis Ltda,GRAMADO,GRAMADO,Rio Grande do Sul,-29.37973752,-50.8719457
627,http://www.tissot.com.br,painel pinus,NOT_FOUND,Nao foram encontrados itens de 'painel pinus' (ou equivalentes) com dimensoes no nome neste site.,['painel pinus'],,,,,,,,,,,,,Tissot Moveis Ltda,GRAMADO,GRAMADO,Rio Grande do Sul,-29.37973752,-50.8719457
628,http://www.tissot.com.br,painel pinus,NOT_FOUND,Nao foram encontrados itens de 'painel pinus' (ou equivalentes) com dimensoes no nome neste site.,['painel pinus'],,,,,,,,,,,,,Tissot Moveis Ltda,GRAMADO,GRAMADO,Rio Grande do Sul,-29.37973752,-50.8719457
629,http://www.tissot.com.br,painel pinus,NOT_FOUND,Nao foram encontrados itens de 'painel pinus' (ou equivalentes) com dimensoes no nome neste site.,['painel pinus'],,,,,,,,,,,,,Tissot Moveis Ltda,GRAMADO,GRAMADO,Rio Grande do Sul,-29.37973752,-50.8719457
630,http://www.tissot.com.br,painel pinus,NOT_FOUND,Nao foram encontrados itens de 'painel pinus' (ou equivalentes) com dimensoes no nome neste site.,['painel pinus'],,,,,,,,,,,,,Tissot Moveis Ltda,GRAMADO,GRAMADO,Rio Grande do Sul,-29.37973752,-50.8719457
631,http://www.tissot.com.br,painel pinus,NOT_FOUND,Nao foram encontrados itens de 'painel pinus' (ou equivalentes) com dimensoes no nome neste site.,['painel pinus'],,,,,,,,,,,,,Tissot Moveis Ltda,GRAMADO,GRAMADO,Rio Grande do Sul,-29.37973752,-50.8719457
632,https://www.superproatacado.com.br/,painel pinus,NOT_FOUND,Nao foram encontrados itens de 'painel pinus' (ou equivalentes) com dimensoes no nome neste site.,['painel pinus'],,,,,,,,,,,,,Super Pro Atacado,ESTEIO,ESTEIO,Rio Grande do Sul,-29.8521863,-51.14383734
633,https://www.superproatacado.com.br/,painel pinus,NOT_FOUND,Nao foram encontrados itens de 'painel pinus' (ou equivalentes) com dimensoes no nome neste site.,['painel pinus'],,,,,,,,,,,,,Super Pro Atacado,ESTEIO,ESTEIO,Rio Grande do Sul,-29.8521863,-51.14383734
634,https://www.superproatacado.com.br/,painel pinus,NOT_FOUND,Nao foram encontrados itens de 'painel pinus' (ou equivalentes) com dimensoes no nome neste site.,['painel pinus'],,,,,,,,,,,,,Super Pro Atacado,ESTEIO,ESTEIO,Rio Grande do Sul,-29.8521863,-51.14383734
635,https://www.superproatacado.com.br/,painel pinus,NOT_FOUND,Nao foram encontrados itens de 'painel pinus' (ou equivalentes) com dimensoes no nome neste site.,['painel pinus'],,,,,,,,,,,,,Super Pro Atacado,ESTEIO,ESTEIO,Rio Grande do Sul,-29.8521863,-51.14383734
636,https://www.superproatacado.com.br/,painel pinus,NOT_FOUND,Nao foram encontrados itens de 'painel pinus' (ou equivalentes) com dimensoes no nome neste site.,['painel pinus'],,,,,,,,,,,,,Super Pro Atacado,ESTEIO,ESTEIO,Rio Grande do Sul,-29.8521863,-51.14383734
637,https://tuacasaferragem.com.br/,painel pinus,NOT_FOUND,Nao foram encontrados itens de 'painel pinus' (ou equivalentes) com dimensoes no nome neste site.,['painel pinus'],,,,,,,,,,,,,Tua Casa Ferragem,PORTO ALEGRE,PORTO ALEGRE,Rio Grande do Sul,-30.03003677,-51.22866046
638,https://tuacasaferragem.com.br/,painel pinus,NOT_FOUND,Nao foram encontrados itens de 'painel pinus' (ou equivalentes) com dimensoes no nome neste site.,['painel pinus'],,,,,,,,,,,,,Tua Casa Ferragem,PORTO ALEGRE,PORTO ALEGRE,Rio Grande do Sul,-30.03003677,-51.22866046
639,https://tuacasaferragem.com.br/,painel pinus,NOT_FOUND,Nao foram encontrados itens de 'painel pinus' (ou equivalentes) com dimensoes no nome neste site.,['painel pinus'],,,,,,,,,,,,,Tua Casa Ferragem,PORTO ALEGRE,PORTO ALEGRE,Rio Grande do Sul,-30.03003677,-51.22866046
640,https://tuacasaferragem.com.br/,painel pinus,NOT_FOUND,Nao foram encontrados itens de 'painel pinus' (ou equivalentes) com dimensoes no nome neste site.,['painel pinus'],,,,,,,,,,,,,Tua Casa Ferragem,PORTO ALEGRE,PORTO ALEGRE,Rio Grande do Sul,-30.03003677,-51.22866046
641,https://tuacasaferragem.com.br/,painel pinus,NOT_FOUND,Nao foram encontrados itens de 'painel pinus' (ou equivalentes) com dimensoes no nome neste site.,['painel pinus'],,,,,,,,,,,,,Tua Casa Ferragem,PORTO ALEGRE,PORTO ALEGRE,Rio Grande do Sul,-30.03003677,-51.22866046
642,https://tuacasaferragem.com.br/,painel pinus,NOT_FOUND,Nao foram encontrados itens de 'painel pinus' (ou equivalentes) com dimensoes no nome neste site.,['painel pinus'],,,,,,,,,,,,,Tua Casa Ferragem,PORTO ALEGRE,PORTO ALEGRE,Rio Grande do Sul,-30.03003677,-51.22866046
643,https://tuacasaferragem.com.br/,painel pinus,NOT_FOUND,Nao foram encontrados itens de 'painel pinus' (ou equivalentes) com dimensoes no nome neste site.,['painel pinus'],,,,,,,,,,,,,Tua Casa Ferragem,PORTO ALEGRE,PORTO ALEGRE,Rio Grande do Sul,-30.03003677,-51.22866046
644,https://tuacasaferragem.com.br/,painel pinus,NOT_FOUND,Nao foram encontrados itens de 'painel pinus' (ou equivalentes) com dimensoes no nome neste site.,['painel pinus'],,,,,,,,,,,,,Tua Casa Ferragem,PORTO ALEGRE,PORTO ALEGRE,Rio Grande do Sul,-30.03003677,-51.22866046
645,https://tuacasaferragem.com.br/,painel pinus,NOT_FOUND,Nao foram encontrados itens de 'painel pinus' (ou equivalentes) com dimensoes no nome neste site.,['painel pinus'],,,,,,,,,,,,,Tua Casa Ferragem,PORTO ALEGRE,PORTO ALEGRE,Rio Grande do Sul,-30.03003677,-51.22866046
646,https://www.tramontina.com.br/,painel pinus,FOUND,Itens encontrados.,['painel pinus'],Painel Tramontina Modulare em Madeira Pinus com Acabamento Mel 1200x300x18 mm,1200x300x18 mm,"R$ 53,67",https://www.tramontina.com.br/painel-tramontina-modulare-em-madeira-pinus-com-acabamento-mel-1200x300x18-mm/91131123.html,1200.0,300.0,18.0,53.67,BRL,1.0,0.00648,8282.407407407409,Tramontina Garibaldi Sa Industria Metalurgica,GARIBALDI,GARIBALDI,Rio Grande do Sul,-29.25454911,-51.52954846
647,https://www.tramontina.com.br/,painel pinus,FOUND,Itens encontrados.,['painel pinus'],Painel Tramontina Modulare em Madeira Pinus com Acabamento Mel 1200x300x18 mm,1200x300x18 mm,"R$ 53,67",https://www.tramontina.com.br/painel-tramontina-modulare-em-madeira-pinus-com-acabamento-mel-1200x300x18-mm/91131123.html,1200.0,300.0,18.0,53.67,BRL,1.0,0.00648,8282.407407407409,Tramontina Garibaldi Sa Industria Metalurgica,GARIBALDI,GARIBALDI,Rio Grande do Sul,-29.25454911,-51.52954846
648,https://www.tramontina.com.br/,painel pinus,FOUND,Itens encontrados.,['painel pinus'],Painel Tramontina Modulare em Madeira Pinus com Acabamento Mel 1200x300x18 mm,1200x300x18 mm,"R$ 53,67",https://www.tramontina.com.br/painel-tramontina-modulare-em-madeira-pinus-com-acabamento-mel-1200x300x18-mm/91131123.html,1200.0,300.0,18.0,53.67,BRL,1.0,0.00648,8282.407407407409,Tramontina Garibaldi Sa Industria Metalurgica,GARIBALDI,GARIBALDI,Rio Grande do Sul,-29.25454911,-51.52954846
649,https://www.tramontina.com.br/,painel pinus,FOUND,Itens encontrados.,['painel pinus'],Painel Tramontina Modulare em Madeira Pinus com Acabamento Mel 1200x300x18 mm,1200x300x18 mm,"R$ 53,67",https://www.tramontina.com.br/painel-tramontina-modulare-em-madeira-pinus-com-acabamento-mel-1200x300x18-mm/91131123.html,1200.0,300.0,18.0,53.67,BRL,1.0,0.00648,8282.407407407409,Tramontina Garibaldi Sa Industria Metalurgica,GARIBALDI,GARIBALDI,Rio Grande do Sul,-29.25454911,-51.52954846
650,https://www.tramontina.com.br/,painel pinus,FOUND,Itens encontrados.,['painel pinus'],Painel Tramontina Modulare em Madeira Pinus com Acabamento Mel 1200x300x18 mm,1200x300x18 mm,"R$ 53,67",https://www.tramontina.com.br/painel-tramontina-modulare-em-madeira-pinus-com-acabamento-mel-1200x300x18-mm/91131123.html,1200.0,300.0,18.0,53.67,BRL,1.0,0.00648,8282.407407407409,Tramontina Garibaldi Sa Industria Metalurgica,GARIBALDI,GARIBALDI,Rio Grande do Sul,-29.25454911,-51.52954846
651,https://www.tramontina.com.br/,painel pinus,FOUND,Itens encontrados.,['painel pinus'],Painel Tramontina Modulare em Madeira Pinus com Acabamento Mel 1200x300x18 mm,1200x300x18 mm,"R$ 53,67",https://www.tramontina.com.br/painel-tramontina-modulare-em-madeira-pinus-com-acabamento-mel-1200x300x18-mm/91131123.html,1200.0,300.0,18.0,53.67,BRL,1.0,0.00648,8282.407407407409,Tramontina Garibaldi Sa Industria Metalurgica,GARIBALDI,GARIBALDI,Rio Grande do Sul,-29.25454911,-51.52954846
652,https://www.tramontina.com.br/,painel pinus,FOUND,Itens encontrados.,['painel pinus'],Painel Tramontina Modulare em Madeira Pinus com Acabamento Mel 1200x300x18 mm,1200x300x18 mm,"R$ 53,67",https://www.tramontina.com.br/painel-tramontina-modulare-em-madeira-pinus-com-acabamento-mel-1200x300x18-mm/91131123.html,1200.0,300.0,18.0,53.67,BRL,1.0,0.00648,8282.407407407409,Tramontina Garibaldi Sa Industria Metalurgica,GARIBALDI,GARIBALDI,Rio Grande do Sul,-29.25454911,-51.52954846
653,https://www.tramontina.com.br/,painel pinus,FOUND,Itens encontrados.,['painel pinus'],Painel Tramontina Modulare em Madeira Pinus com Acabamento Mel 1200x300x18 mm,1200x300x18 mm,"R$ 53,67",https://www.tramontina.com.br/painel-tramontina-modulare-em-madeira-pinus-com-acabamento-mel-1200x300x18-mm/91131123.html,1200.0,300.0,18.0,53.67,BRL,1.0,0.00648,8282.407407407409,Tramontina Garibaldi Sa Industria Metalurgica,GARIBALDI,GARIBALDI,Rio Grande do Sul,-29.25454911,-51.52954846
654,https://www.tramontina.com.br/,painel pinus,FOUND,Itens encontrados.,['painel pinus'],Painel Tramontina Modulare em Madeira Pinus com Acabamento Mel 1200x300x18 mm,1200x300x18 mm,"R$ 53,67",https://www.tramontina.com.br/painel-tramontina-modulare-em-madeira-pinus-com-acabamento-mel-1200x300x18-mm/91131123.html,1200.0,300.0,18.0,53.67,BRL,1.0,0.00648,8282.407407407409,Tramontina Garibaldi Sa Industria Metalurgica,GARIBALDI,GARIBALDI,Rio Grande do Sul,-29.25454911,-51.52954846
655,https://www.tramontina.com.br/,painel pinus,FOUND,Itens encontrados.,['painel pinus'],Painel Tramontina Modulare em Madeira Pinus com Acabamento Branco e Borda 600x300x18 mm,600x300x18 mm,"R$ 27,03",https://www.tramontina.com.br/painel-tramontina-modulare-em-madeira-pinus-com-acabamento-branco-e-borda-600x300x18-mm/91154063.html,600.0,300.0,18.0,27.03,BRL,1.0,0.00324,8342.592592592593,Tramontina Garibaldi Sa Industria Metalurgica,GARIBALDI,GARIBALDI,Rio Grande do Sul,-29.25454911,-51.52954846
656,https://www.tramontina.com.br/,painel pinus,FOUND,Itens encontrados.,['painel pinus'],Painel Tramontina Modulare em Madeira Pinus com Acabamento Branco e Borda 600x300x18 mm,600x300x18 mm,"R$ 27,03",https://www.tramontina.com.br/painel-tramontina-modulare-em-madeira-pinus-com-acabamento-branco-e-borda-600x300x18-mm/91154063.html,600.0,300.0,18.0,27.03,BRL,1.0,0.00324,8342.592592592593,Tramontina Garibaldi Sa Industria Metalurgica,GARIBALDI,GARIBALDI,Rio Grande do Sul,-29.25454911,-51.52954846
657,https://www.tramontina.com.br/,painel pinus,FOUND,Itens encontrados.,['painel pinus'],Painel Tramontina Modulare em Madeira Pinus com Acabamento Branco e Borda 600x300x18 mm,600x300x18 mm,"R$ 27,03",https://www.tramontina.com.br/painel-tramontina-modulare-em-madeira-pinus-com-acabamento-branco-e-borda-600x300x18-mm/91154063.html,600.0,300.0,18.0,27.03,BRL,1.0,0.00324,8342.592592592593,Tramontina Garibaldi Sa Industria Metalurgica,GARIBALDI,GARIBALDI,Rio Grande do Sul,-29.25454911,-51.52954846
658,https://www.tramontina.com.br/,painel pinus,FOUND,Itens encontrados.,['painel pinus'],Painel Tramontina Modulare em Madeira Pinus com Acabamento Branco e Borda 600x300x18 mm,600x300x18 mm,"R$ 27,03",https://www.tramontina.com.br/painel-tramontina-modulare-em-madeira-pinus-com-acabamento-branco-e-borda-600x300x18-mm/91154063.html,600.0,300.0,18.0,27.03,BRL,1.0,0.00324,8342.592592592593,Tramontina Garibaldi Sa Industria Metalurgica,GARIBALDI,GARIBALDI,Rio Grande do Sul,-29.25454911,-51.52954846
659,https://www.tramontina.com.br/,painel pinus,FOUND,Itens encontrados.,['painel pinus'],Painel Tramontina Modulare em Madeira Pinus com Acabamento Branco e Borda 600x300x18 mm,600x300x18 mm,"R$ 27,03",https://www.tramontina.com.br/painel-tramontina-modulare-em-madeira-pinus-com-acabamento-branco-e-borda-600x300x18-mm/91154063.html,600.0,300.0,18.0,27.03,BRL,1.0,0.00324,8342.592592592593,Tramontina Garibaldi Sa Industria Metalurgica,GARIBALDI,GARIBALDI,Rio Grande do Sul,-29.25454911,-51.52954846
660,https://www.tramontina.com.br/,painel pinus,FOUND,Itens encontrados.,['painel pinus'],Painel Tramontina Modulare em Madeira Pinus com Acabamento Branco e Borda 600x300x18 mm,600x300x18 mm,"R$ 27,03",https://www.tramontina.com.br/painel-tramontina-modulare-em-madeira-pinus-com-acabamento-branco-e-borda-600x300x18-mm/91154063.html,600.0,300.0,18.0,27.03,BRL,1.0,0.00324,8342.592592592593,Tramontina Garibaldi Sa Industria Metalurgica,GARIBALDI,GARIBALDI,Rio Grande do Sul,-29.25454911,-51.52954846
661,https://www.tramontina.com.br/,painel pinus,FOUND,Itens encontrados.,['painel pinus'],Painel Tramontina Modulare em Madeira Pinus com Acabamento Branco e Borda 600x300x18 mm,600x300x18 mm,"R$ 27,03",https://www.tramontina.com.br/painel-tramontina-modulare-em-madeira-pinus-com-acabamento-branco-e-borda-600x300x18-mm/91154063.html,600.0,300.0,18.0,27.03,BRL,1.0,0.00324,8342.592592592593,Tramontina Garibaldi Sa Industria Metalurgica,GARIBALDI,GARIBALDI,Rio Grande do Sul,-29.25454911,-51.52954846
662,https://www.tramontina.com.br/,painel pinus,FOUND,Itens encontrados.,['painel pinus'],Painel Tramontina Modulare em Madeira Pinus com Acabamento Branco e Borda 600x300x18 mm,600x300x18 mm,"R$ 27,03",https://www.tramontina.com.br/painel-tramontina-modulare-em-madeira-pinus-com-acabamento-branco-e-borda-600x300x18-mm/91154063.html,600.0,300.0,18.0,27.03,BRL,1.0,0.00324,8342.592592592593,Tramontina Garibaldi Sa Industria Metalurgica,GARIBALDI,GARIBALDI,Rio Grande do Sul,-29.25454911,-51.52954846
663,https://www.tramontina.com.br/,painel pinus,FOUND,Itens encontrados.,['painel pinus'],Painel Tramontina Modulare em Madeira Pinus com Acabamento Branco e Borda 600x300x18 mm,600x300x18 mm,"R$ 27,03",https://www.tramontina.com.br/painel-tramontina-modulare-em-madeira-pinus-com-acabamento-branco-e-borda-600x300x18-mm/91154063.html,600.0,300.0,18.0,27.03,BRL,1.0,0.00324,8342.592592592593,Tramontina Garibaldi Sa Industria Metalurgica,GARIBALDI,GARIBALDI,Rio Grande do Sul,-29.25454911,-51.52954846
664,https://www.tramontina.com.br/,painel pinus,FOUND,Itens encontrados.,['painel pinus'],Painel Tramontina Modulare em Madeira Pinus com Acabamento Branco e Borda 1000x300x18 mm,1000x300x18 mm,"R$ 45,08",https://www.tramontina.com.br/painel-tramontina-modulare-em-madeira-pinus-com-acabamento-branco-e-borda-1000x300x18-mm/91154103.html,1000.0,300.0,18.0,45.08,BRL,1.0,0.0054,8348.148148148148,Tramontina Garibaldi Sa Industria Metalurgica,GARIBALDI,GARIBALDI,Rio Grande do Sul,-29.25454911,-51.52954846
665,https://www.tramontina.com.br/,painel pinus,FOUND,Itens encontrados.,['painel pinus'],Painel Tramontina Modulare em Madeira Pinus com Acabamento Branco e Borda 1000x300x18 mm,1000x300x18 mm,"R$ 45,08",https://www.tramontina.com.br/painel-tramontina-modulare-em-madeira-pinus-com-acabamento-branco-e-borda-1000x300x18-mm/91154103.html,1000.0,300.0,18.0,45.08,BRL,1.0,0.0054,8348.148148148148,Tramontina Garibaldi Sa Industria Metalurgica,GARIBALDI,GARIBALDI,Rio Grande do Sul,-29.25454911,-51.52954846
666,https://www.tramontina.com.br/,painel pinus,FOUND,Itens encontrados.,['painel pinus'],Painel Tramontina Modulare em Madeira Pinus com Acabamento Branco e Borda 1000x300x18 mm,1000x300x18 mm,"R$ 45,08",https://www.tramontina.com.br/painel-tramontina-modulare-em-madeira-pinus-com-acabamento-branco-e-borda-1000x300x18-mm/91154103.html,1000.0,300.0,18.0,45.08,BRL,1.0,0.0054,8348.148148148148,Tramontina Garibaldi Sa Industria Metalurgica,GARIBALDI,GARIBALDI,Rio Grande do Sul,-29.25454911,-51.52954846
667,https://www.tramontina.com.br/,painel pinus,FOUND,Itens encontrados.,['painel pinus'],Painel Tramontina Modulare em Madeira Pinus com Acabamento Branco e Borda 1000x300x18 mm,1000x300x18 mm,"R$ 45,08",https://www.tramontina.com.br/painel-tramontina-modulare-em-madeira-pinus-com-acabamento-branco-e-borda-1000x300x18-mm/91154103.html,1000.0,300.0,18.0,45.08,BRL,1.0,0.0054,8348.148148148148,Tramontina Garibaldi Sa Industria Metalurgica,GARIBALDI,GARIBALDI,Rio Grande do Sul,-29.25454911,-51.52954846
668,https://www.tramontina.com.br/,painel pinus,FOUND,Itens encontrados.,['painel pinus'],Painel Tramontina Modulare em Madeira Pinus com Acabamento Branco e Borda 1000x300x18 mm,1000x300x18 mm,"R$ 45,08",https://www.tramontina.com.br/painel-tramontina-modulare-em-madeira-pinus-com-acabamento-branco-e-borda-1000x300x18-mm/91154103.html,1000.0,300.0,18.0,45.08,BRL,1.0,0.0054,8348.148148148148,Tramontina Garibaldi Sa Industria Metalurgica,GARIBALDI,GARIBALDI,Rio Grande do Sul,-29.25454911,-51.52954846
669,https://www.tramontina.com.br/,painel pinus,FOUND,Itens encontrados.,['painel pinus'],Painel Tramontina Modulare em Madeira Pinus com Acabamento Branco e Borda 1000x300x18 mm,1000x300x18 mm,"R$ 45,08",https://www.tramontina.com.br/painel-tramontina-modulare-em-madeira-pinus-com-acabamento-branco-e-borda-1000x300x18-mm/91154103.html,1000.0,300.0,18.0,45.08,BRL,1.0,0.0054,8348.148148148148,Tramontina Garibaldi Sa Industria Metalurgica,GARIBALDI,GARIBALDI,Rio Grande do Sul,-29.25454911,-51.52954846
670,https://www.tramontina.com.br/,painel pinus,FOUND,Itens encontrados.,['painel pinus'],Painel Tramontina Modulare em Madeira Pinus com Acabamento Branco e Borda 1000x300x18 mm,1000x300x18 mm,"R$ 45,08",https://www.tramontina.com.br/painel-tramontina-modulare-em-madeira-pinus-com-acabamento-branco-e-borda-1000x300x18-mm/91154103.html,1000.0,300.0,18.0,45.08,BRL,1.0,0.0054,8348.148148148148,Tramontina Garibaldi Sa Industria Metalurgica,GARIBALDI,GARIBALDI,Rio Grande do Sul,-29.25454911,-51.52954846
671,https://www.tramontina.com.br/,painel pinus,FOUND,Itens encontrados.,['painel pinus'],Painel Tramontina Modulare em Madeira Pinus com Acabamento Branco e Borda 1000x300x18 mm,1000x300x18 mm,"R$ 45,08",https://www.tramontina.com.br/painel-tramontina-modulare-em-madeira-pinus-com-acabamento-branco-e-borda-1000x300x18-mm/91154103.html,1000.0,300.0,18.0,45.08,BRL,1.0,0.0054,8348.148148148148,Tramontina Garibaldi Sa Industria Metalurgica,GARIBALDI,GARIBALDI,Rio Grande do Sul,-29.25454911,-51.52954846
672,https://www.tramontina.com.br/,painel pinus,FOUND,Itens encontrados.,['painel pinus'],Painel Tramontina Modulare em Madeira Pinus com Acabamento Branco e Borda 1000x300x18 mm,1000x300x18 mm,"R$ 45,08",https://www.tramontina.com.br/painel-tramontina-modulare-em-madeira-pinus-com-acabamento-branco-e-borda-1000x300x18-mm/91154103.html,1000.0,300.0,18.0,45.08,BRL,1.0,0.0054,8348.148148148148,Tramontina Garibaldi Sa Industria Metalurgica,GARIBALDI,GARIBALDI,Rio Grande do Sul,-29.25454911,-51.52954846
673,https://www.tramontina.com.br/,painel pinus,FOUND,Itens encontrados.,['painel pinus'],Painel Tramontina Modulare em Madeira Pinus com Acabamento Branco e Borda 1500x400x18 mm,1500x400x18 mm,"R$ 89,30",https://www.tramontina.com.br/painel-tramontina-modulare-em-madeira-pinus-com-acabamento-branco-e-borda-1500x400x18-mm/91154154.html,1500.0,400.0,18.0,89.3,BRL,1.0,0.0108,8268.518518518518,Tramontina Garibaldi Sa Industria Metalurgica,GARIBALDI,GARIBALDI,Rio Grande do Sul,-29.25454911,-51.52954846
674,https://www.tramontina.com.br/,painel pinus,FOUND,Itens encontrados.,['painel pinus'],Painel Tramontina Modulare em Madeira Pinus com Acabamento Branco e Borda 1500x400x18 mm,1500x400x18 mm,"R$ 89,30",https://www.tramontina.com.br/painel-tramontina-modulare-em-madeira-pinus-com-acabamento-branco-e-borda-1500x400x18-mm/91154154.html,1500.0,400.0,18.0,89.3,BRL,1.0,0.0108,8268.518518518518,Tramontina Garibaldi Sa Industria Metalurgica,GARIBALDI,GARIBALDI,Rio Grande do Sul,-29.25454911,-51.52954846
675,https://www.tramontina.com.br/,painel pinus,FOUND,Itens encontrados.,['painel pinus'],Painel Tramontina Modulare em Madeira Pinus com Acabamento Branco e Borda 1500x400x18 mm,1500x400x18 mm,"R$ 89,30",https://www.tramontina.com.br/painel-tramontina-modulare-em-madeira-pinus-com-acabamento-branco-e-borda-1500x400x18-mm/91154154.html,1500.0,400.0,18.0,89.3,BRL,1.0,0.0108,8268.518518518518,Tramontina Garibaldi Sa Industria Metalurgica,GARIBALDI,GARIBALDI,Rio Grande do Sul,-29.25454911,-51.52954846
676,https://www.tramontina.com.br/,painel pinus,FOUND,Itens encontrados.,['painel pinus'],Painel Tramontina Modulare em Madeira Pinus com Acabamento Branco e Borda 1500x400x18 mm,1500x400x18 mm,"R$ 89,30",https://www.tramontina.com.br/painel-tramontina-modulare-em-madeira-pinus-com-acabamento-branco-e-borda-1500x400x18-mm/91154154.html,1500.0,400.0,18.0,89.3,BRL,1.0,0.0108,8268.518518518518,Tramontina Garibaldi Sa Industria Metalurgica,GARIBALDI,GARIBALDI,Rio Grande do Sul,-29.25454911,-51.52954846
677,https://www.tramontina.com.br/,painel pinus,FOUND,Itens encontrados.,['painel pinus'],Painel Tramontina Modulare em Madeira Pinus com Acabamento Branco e Borda 1500x400x18 mm,1500x400x18 mm,"R$ 89,30",https://www.tramontina.com.br/painel-tramontina-modulare-em-madeira-pinus-com-acabamento-branco-e-borda-1500x400x18-mm/91154154.html,1500.0,400.0,18.0,89.3,BRL,1.0,0.0108,8268.518518518518,Tramontina Garibaldi Sa Industria Metalurgica,GARIBALDI,GARIBALDI,Rio Grande do Sul,-29.25454911,-51.52954846
678,https://www.tramontina.com.br/,painel pinus,FOUND,Itens encontrados.,['painel pinus'],Painel Tramontina Modulare em Madeira Pinus com Acabamento Branco e Borda 1500x400x18 mm,1500x400x18 mm,"R$ 89,30",https://www.tramontina.com.br/painel-tramontina-modulare-em-madeira-pinus-com-acabamento-branco-e-borda-1500x400x18-mm/91154154.html,1500.0,400.0,18.0,89.3,BRL,1.0,0.0108,8268.518518518518,Tramontina Garibaldi Sa Industria Metalurgica,GARIBALDI,GARIBALDI,Rio Grande do Sul,-29.25454911,-51.52954846
679,https://www.tramontina.com.br/,painel pinus,FOUND,Itens encontrados.,['painel pinus'],Painel Tramontina Modulare em Madeira Pinus com Acabamento Branco e Borda 1500x400x18 mm,1500x400x18 mm,"R$ 89,30",https://www.tramontina.com.br/painel-tramontina-modulare-em-madeira-pinus-com-acabamento-branco-e-borda-1500x400x18-mm/91154154.html,1500.0,400.0,18.0,89.3,BRL,1.0,0.0108,8268.518518518518,Tramontina Garibaldi Sa Industria Metalurgica,GARIBALDI,GARIBALDI,Rio Grande do Sul,-29.25454911,-51.52954846
680,https://www.tramontina.com.br/,painel pinus,FOUND,Itens encontrados.,['painel pinus'],Painel Tramontina Modulare em Madeira Pinus com Acabamento Branco e Borda 1500x400x18 mm,1500x400x18 mm,"R$ 89,30",https://www.tramontina.com.br/painel-tramontina-modulare-em-madeira-pinus-com-acabamento-branco-e-borda-1500x400x18-mm/91154154.html,1500.0,400.0,18.0,89.3,BRL,1.0,0.0108,8268.518518518518,Tramontina Garibaldi Sa Industria Metalurgica,GARIBALDI,GARIBALDI,Rio Grande do Sul,-29.25454911,-51.52954846
681,https://www.tramontina.com.br/,painel pinus,FOUND,Itens encontrados.,['painel pinus'],Painel Tramontina Modulare em Madeira Pinus com Acabamento Branco e Borda 1500x400x18 mm,1500x400x18 mm,"R$ 89,30",https://www.tramontina.com.br/painel-tramontina-modulare-em-madeira-pinus-com-acabamento-branco-e-borda-1500x400x18-mm/91154154.html,1500.0,400.0,18.0,89.3,BRL,1.0,0.0108,8268.518518518518,Tramontina Garibaldi Sa Industria Metalurgica,GARIBALDI,GARIBALDI,Rio Grande do Sul,-29.25454911,-51.52954846
682,https://www.tramontina.com.br/,painel pinus,FOUND,Itens encontrados.,['painel pinus'],Painel Tramontina Modulare em Madeira Pinus com Acabamento Branco e Borda 2000x300x18 mm,2000x300x18 mm,"R$ 89,30",https://www.tramontina.com.br/painel-tramontina-modulare-em-madeira-pinus-com-acabamento-branco-e-borda-2000x300x18-mm/91154203.html,2000.0,300.0,18.0,89.3,BRL,1.0,0.0108,8268.518518518518,Tramontina Garibaldi Sa Industria Metalurgica,GARIBALDI,GARIBALDI,Rio Grande do Sul,-29.25454911,-51.52954846
683,https://www.tramontina.com.br/,painel pinus,FOUND,Itens encontrados.,['painel pinus'],Painel Tramontina Modulare em Madeira Pinus com Acabamento Branco e Borda 2000x300x18 mm,2000x300x18 mm,"R$ 89,30",https://www.tramontina.com.br/painel-tramontina-modulare-em-madeira-pinus-com-acabamento-branco-e-borda-2000x300x18-mm/91154203.html,2000.0,300.0,18.0,89.3,BRL,1.0,0.0108,8268.518518518518,Tramontina Garibaldi Sa Industria Metalurgica,GARIBALDI,GARIBALDI,Rio Grande do Sul,-29.25454911,-51.52954846
684,https://www.tramontina.com.br/,painel pinus,FOUND,Itens encontrados.,['painel pinus'],Painel Tramontina Modulare em Madeira Pinus com Acabamento Branco e Borda 2000x300x18 mm,2000x300x18 mm,"R$ 89,30",https://www.tramontina.com.br/painel-tramontina-modulare-em-madeira-pinus-com-acabamento-branco-e-borda-2000x300x18-mm/91154203.html,2000.0,300.0,18.0,89.3,BRL,1.0,0.0108,8268.518518518518,Tramontina Garibaldi Sa Industria Metalurgica,GARIBALDI,GARIBALDI,Rio Grande do Sul,-29.25454911,-51.52954846
685,https://www.tramontina.com.br/,painel pinus,FOUND,Itens encontrados.,['painel pinus'],Painel Tramontina Modulare em Madeira Pinus com Acabamento Branco e Borda 2000x300x18 mm,2000x300x18 mm,"R$ 89,30",https://www.tramontina.com.br/painel-tramontina-modulare-em-madeira-pinus-com-acabamento-branco-e-borda-2000x300x18-mm/91154203.html,2000.0,300.0,18.0,89.3,BRL,1.0,0.0108,8268.518518518518,Tramontina Garibaldi Sa Industria Metalurgica,GARIBALDI,GARIBALDI,Rio Grande do Sul,-29.25454911,-51.52954846
686,https://www.tramontina.com.br/,painel pinus,FOUND,Itens encontrados.,['painel pinus'],Painel Tramontina Modulare em Madeira Pinus com Acabamento Branco e Borda 2000x300x18 mm,2000x300x18 mm,"R$ 89,30",https://www.tramontina.com.br/painel-tramontina-modulare-em-madeira-pinus-com-acabamento-branco-e-borda-2000x300x18-mm/91154203.html,2000.0,300.0,18.0,89.3,BRL,1.0,0.0108,8268.518518518518,Tramontina Garibaldi Sa Industria Metalurgica,GARIBALDI,GARIBALDI,Rio Grande do Sul,-29.25454911,-51.52954846
687,https://www.tramontina.com.br/,painel pinus,FOUND,Itens encontrados.,['painel pinus'],Painel Tramontina Modulare em Madeira Pinus com Acabamento Branco e Borda 2000x300x18 mm,2000x300x18 mm,"R$ 89,30",https://www.tramontina.com.br/painel-tramontina-modulare-em-madeira-pinus-com-acabamento-branco-e-borda-2000x300x18-mm/91154203.html,2000.0,300.0,18.0,89.3,BRL,1.0,0.0108,8268.518518518518,Tramontina Garibaldi Sa Industria Metalurgica,GARIBALDI,GARIBALDI,Rio Grande do Sul,-29.25454911,-51.52954846
688,https://www.tramontina.com.br/,painel pinus,FOUND,Itens encontrados.,['painel pinus'],Painel Tramontina Modulare em Madeira Pinus com Acabamento Branco e Borda 2000x300x18 mm,2000x300x18 mm,"R$ 89,30",https://www.tramontina.com.br/painel-tramontina-modulare-em-madeira-pinus-com-acabamento-branco-e-borda-2000x300x18-mm/91154203.html,2000.0,300.0,18.0,89.3,BRL,1.0,0.0108,8268.518518518518,Tramontina Garibaldi Sa Industria Metalurgica,GARIBALDI,GARIBALDI,Rio Grande do Sul,-29.25454911,-51.52954846
689,https://www.tramontina.com.br/,painel pinus,FOUND,Itens encontrados.,['painel pinus'],Painel Tramontina Modulare em Madeira Pinus com Acabamento Branco e Borda 2000x300x18 mm,2000x300x18 mm,"R$ 89,30",https://www.tramontina.com.br/painel-tramontina-modulare-em-madeira-pinus-com-acabamento-branco-e-borda-2000x300x18-mm/91154203.html,2000.0,300.0,18.0,89.3,BRL,1.0,0.0108,8268.518518518518,Tramontina Garibaldi Sa Industria Metalurgica,GARIBALDI,GARIBALDI,Rio Grande do Sul,-29.25454911,-51.52954846
690,https://www.tramontina.com.br/,painel pinus,FOUND,Itens encontrados.,['painel pinus'],Painel Tramontina Modulare em Madeira Pinus com Acabamento Branco e Borda 2000x300x18 mm,2000x300x18 mm,"R$ 89,30",https://www.tramontina.com.br/painel-tramontina-modulare-em-madeira-pinus-com-acabamento-branco-e-borda-2000x300x18-mm/91154203.html,2000.0,300.0,18.0,89.3,BRL,1.0,0.0108,8268.518518518518,Tramontina Garibaldi Sa Industria Metalurgica,GARIBALDI,GARIBALDI,Rio Grande do Sul,-29.25454911,-51.52954846
691,https://www.tramontina.com.br/,painel pinus,FOUND,Itens encontrados.,['painel pinus'],Painel Tramontina Modulare em Madeira Pinus com Acabamento Branco e Borda 800x400x18 mm,800x400x18 mm,"R$ 45,55",https://www.tramontina.com.br/painel-tramontina-modulare-em-madeira-pinus-com-acabamento-branco-e-borda-800x400x18-mm/91154084.html,800.0,400.0,18.0,45.55,BRL,1.0,0.00576,7907.98611111111,Tramontina Garibaldi Sa Industria Metalurgica,GARIBALDI,GARIBALDI,Rio Grande do Sul,-29.25454911,-51.52954846
692,https://www.tramontina.com.br/,painel pinus,FOUND,Itens encontrados.,['painel pinus'],Painel Tramontina Modulare em Madeira Pinus com Acabamento Branco e Borda 800x400x18 mm,800x400x18 mm,"R$ 45,55",https://www.tramontina.com.br/painel-tramontina-modulare-em-madeira-pinus-com-acabamento-branco-e-borda-800x400x18-mm/91154084.html,800.0,400.0,18.0,45.55,BRL,1.0,0.00576,7907.98611111111,Tramontina Garibaldi Sa Industria Metalurgica,GARIBALDI,GARIBALDI,Rio Grande do Sul,-29.25454911,-51.52954846
693,https://www.tramontina.com.br/,painel pinus,FOUND,Itens encontrados.,['painel pinus'],Painel Tramontina Modulare em Madeira Pinus com Acabamento Branco e Borda 800x400x18 mm,800x400x18 mm,"R$ 45,55",https://www.tramontina.com.br/painel-tramontina-modulare-em-madeira-pinus-com-acabamento-branco-e-borda-800x400x18-mm/91154084.html,800.0,400.0,18.0,45.55,BRL,1.0,0.00576,7907.98611111111,Tramontina Garibaldi Sa Industria Metalurgica,GARIBALDI,GARIBALDI,Rio Grande do Sul,-29.25454911,-51.52954846
694,https://www.tramontina.com.br/,painel pinus,FOUND,Itens encontrados.,['painel pinus'],Painel Tramontina Modulare em Madeira Pinus com Acabamento Branco e Borda 800x400x18 mm,800x400x18 mm,"R$ 45,55",https://www.tramontina.com.br/painel-tramontina-modulare-em-madeira-pinus-com-acabamento-branco-e-borda-800x400x18-mm/91154084.html,800.0,400.0,18.0,45.55,BRL,1.0,0.00576,7907.98611111111,Tramontina Garibaldi Sa Industria Metalurgica,GARIBALDI,GARIBALDI,Rio Grande do Sul,-29.25454911,-51.52954846
695,https://www.tramontina.com.br/,painel pinus,FOUND,Itens encontrados.,['painel pinus'],Painel Tramontina Modulare em Madeira Pinus com Acabamento Branco e Borda 800x400x18 mm,800x400x18 mm,"R$ 45,55",https://www.tramontina.com.br/painel-tramontina-modulare-em-madeira-pinus-com-acabamento-branco-e-borda-800x400x18-mm/91154084.html,800.0,400.0,18.0,45.55,BRL,1.0,0.00576,7907.98611111111,Tramontina Garibaldi Sa Industria Metalurgica,GARIBALDI,GARIBALDI,Rio Grande do Sul,-29.25454911,-51.52954846
696,https://www.tramontina.com.br/,painel pinus,FOUND,Itens encontrados.,['painel pinus'],Painel Tramontina Modulare em Madeira Pinus com Acabamento Branco e Borda 800x400x18 mm,800x400x18 mm,"R$ 45,55",https://www.tramontina.com.br/painel-tramontina-modulare-em-madeira-pinus-com-acabamento-branco-e-borda-800x400x18-mm/91154084.html,800.0,400.0,18.0,45.55,BRL,1.0,0.00576,7907.98611111111,Tramontina Garibaldi Sa Industria Metalurgica,GARIBALDI,GARIBALDI,Rio Grande do Sul,-29.25454911,-51.52954846
697,https://www.tramontina.com.br/,painel pinus,FOUND,Itens encontrados.,['painel pinus'],Painel Tramontina Modulare em Madeira Pinus com Acabamento Branco e Borda 800x400x18 mm,800x400x18 mm,"R$ 45,55",https://www.tramontina.com.br/painel-tramontina-modulare-em-madeira-pinus-com-acabamento-branco-e-borda-800x400x18-mm/91154084.html,800.0,400.0,18.0,45.55,BRL,1.0,0.00576,7907.98611111111,Tramontina Garibaldi Sa Industria Metalurgica,GARIBALDI,GARIBALDI,Rio Grande do Sul,-29.25454911,-51.52954846
698,https://www.tramontina.com.br/,painel pinus,FOUND,Itens encontrados.,['painel pinus'],Painel Tramontina Modulare em Madeira Pinus com Acabamento Branco e Borda 800x400x18 mm,800x400x18 mm,"R$ 45,55",https://www.tramontina.com.br/painel-tramontina-modulare-em-madeira-pinus-com-acabamento-branco-e-borda-800x400x18-mm/91154084.html,800.0,400.0,18.0,45.55,BRL,1.0,0.00576,7907.98611111111,Tramontina Garibaldi Sa Industria Metalurgica,GARIBALDI,GARIBALDI,Rio Grande do Sul,-29.25454911,-51.52954846
699,https://www.tramontina.com.br/,painel pinus,FOUND,Itens encontrados.,['painel pinus'],Painel Tramontina Modulare em Madeira Pinus com Acabamento Branco e Borda 800x400x18 mm,800x400x18 mm,"R$ 45,55",https://www.tramontina.com.br/painel-tramontina-modulare-em-madeira-pinus-com-acabamento-branco-e-borda-800x400x18-mm/91154084.html,800.0,400.0,18.0,45.55,BRL,1.0,0.00576,7907.98611111111,Tramontina Garibaldi Sa Industria Metalurgica,GARIBALDI,GARIBALDI,Rio Grande do Sul,-29.25454911,-51.52954846
700,https://www.tramontina.com.br/,painel pinus,FOUND,Itens encontrados.,['painel pinus'],Painel Tramontina Modulare em Madeira Pinus com Acabamento Branco e Borda 1200x200x18 mm,1200x200x18 mm,"R$ 36,05",https://www.tramontina.com.br/painel-tramontina-modulare-em-madeira-pinus-com-acabamento-branco-e-borda-1200x200x18-mm/91154122.html,1200.0,200.0,18.0,36.05,BRL,1.0,0.00432,8344.907407407407,Tramontina Garibaldi Sa Industria Metalurgica,GARIBALDI,GARIBALDI,Rio Grande do Sul,-29.25454911,-51.52954846
701,https://www.tramontina.com.br/,painel pinus,FOUND,Itens encontrados.,['painel pinus'],Painel Tramontina Modulare em Madeira Pinus com Acabamento Branco e Borda 1200x200x18 mm,1200x200x18 mm,"R$ 36,05",https://www.tramontina.com.br/painel-tramontina-modulare-em-madeira-pinus-com-acabamento-branco-e-borda-1200x200x18-mm/91154122.html,1200.0,200.0,18.0,36.05,BRL,1.0,0.00432,8344.907407407407,Tramontina Garibaldi Sa Industria Metalurgica,GARIBALDI,GARIBALDI,Rio Grande do Sul,-29.25454911,-51.52954846
702,https://www.tramontina.com.br/,painel pinus,FOUND,Itens encontrados.,['painel pinus'],Painel Tramontina Modulare em Madeira Pinus com Acabamento Branco e Borda 1200x200x18 mm,1200x200x18 mm,"R$ 36,05",https://www.tramontina.com.br/painel-tramontina-modulare-em-madeira-pinus-com-acabamento-branco-e-borda-1200x200x18-mm/91154122.html,1200.0,200.0,18.0,36.05,BRL,1.0,0.00432,8344.907407407407,Tramontina Garibaldi Sa Industria Metalurgica,GARIBALDI,GARIBALDI,Rio Grande do Sul,-29.25454911,-51.52954846
703,https://www.tramontina.com.br/,painel pinus,FOUND,Itens encontrados.,['painel pinus'],Painel Tramontina Modulare em Madeira Pinus com Acabamento Branco e Borda 1200x200x18 mm,1200x200x18 mm,"R$ 36,05",https://www.tramontina.com.br/painel-tramontina-modulare-em-madeira-pinus-com-acabamento-branco-e-borda-1200x200x18-mm/91154122.html,1200.0,200.0,18.0,36.05,BRL,1.0,0.00432,8344.907407407407,Tramontina Garibaldi Sa Industria Metalurgica,GARIBALDI,GARIBALDI,Rio Grande do Sul,-29.25454911,-51.52954846
704,https://www.tramontina.com.br/,painel pinus,FOUND,Itens encontrados.,['painel pinus'],Painel Tramontina Modulare em Madeira Pinus com Acabamento Branco e Borda 1200x200x18 mm,1200x200x18 mm,"R$ 36,05",https://www.tramontina.com.br/painel-tramontina-modulare-em-madeira-pinus-com-acabamento-branco-e-borda-1200x200x18-mm/91154122.html,1200.0,200.0,18.0,36.05,BRL,1.0,0.00432,8344.907407407407,Tramontina Garibaldi Sa Industria Metalurgica,GARIBALDI,GARIBALDI,Rio Grande do Sul,-29.25454911,-51.52954846
705,https://www.tramontina.com.br/,painel pinus,FOUND,Itens encontrados.,['painel pinus'],Painel Tramontina Modulare em Madeira Pinus com Acabamento Branco e Borda 1200x200x18 mm,1200x200x18 mm,"R$ 36,05",https://www.tramontina.com.br/painel-tramontina-modulare-em-madeira-pinus-com-acabamento-branco-e-borda-1200x200x18-mm/91154122.html,1200.0,200.0,18.0,36.05,BRL,1.0,0.00432,8344.907407407407,Tramontina Garibaldi Sa Industria Metalurgica,GARIBALDI,GARIBALDI,Rio Grande do Sul,-29.25454911,-51.52954846
706,https://www.tramontina.com.br/,painel pinus,FOUND,Itens encontrados.,['painel pinus'],Painel Tramontina Modulare em Madeira Pinus com Acabamento Branco e Borda 1200x200x18 mm,1200x200x18 mm,"R$ 36,05",https://www.tramontina.com.br/painel-tramontina-modulare-em-madeira-pinus-com-acabamento-branco-e-borda-1200x200x18-mm/91154122.html,1200.0,200.0,18.0,36.05,BRL,1.0,0.00432,8344.907407407407,Tramontina Garibaldi Sa Industria Metalurgica,GARIBALDI,GARIBALDI,Rio Grande do Sul,-29.25454911,-51.52954846
707,https://www.tramontina.com.br/,painel pinus,FOUND,Itens encontrados.,['painel pinus'],Painel Tramontina Modulare em Madeira Pinus com Acabamento Branco e Borda 1200x200x18 mm,1200x200x18 mm,"R$ 36,05",https://www.tramontina.com.br/painel-tramontina-modulare-em-madeira-pinus-com-acabamento-branco-e-borda-1200x200x18-mm/91154122.html,1200.0,200.0,18.0,36.05,BRL,1.0,0.00432,8344.907407407407,Tramontina Garibaldi Sa Industria Metalurgica,GARIBALDI,GARIBALDI,Rio Grande do Sul,-29.25454911,-51.52954846
708,https://www.tramontina.com.br/,painel pinus,FOUND,Itens encontrados.,['painel pinus'],Painel Tramontina Modulare em Madeira Pinus com Acabamento Branco e Borda 1200x200x18 mm,1200x200x18 mm,"R$ 36,05",https://www.tramontina.com.br/painel-tramontina-modulare-em-madeira-pinus-com-acabamento-branco-e-borda-1200x200x18-mm/91154122.html,1200.0,200.0,18.0,36.05,BRL,1.0,0.00432,8344.907407407407,Tramontina Garibaldi Sa Industria Metalurgica,GARIBALDI,GARIBALDI,Rio Grande do Sul,-29.25454911,-51.52954846
709,https://www.tramontina.com.br/,painel pinus,FOUND,Itens encontrados.,['painel pinus'],Painel Tramontina Modulare em Madeira Pinus com Acabamento Branco e Borda 600x400x18 mm,600x400x18 mm,"R$ 36,05",https://www.tramontina.com.br/painel-tramontina-modulare-em-madeira-pinus-com-acabamento-branco-e-borda-600x400x18-mm/91154064.html,600.0,400.0,18.0,36.05,BRL,1.0,0.00432,8344.907407407407,Tramontina Garibaldi Sa Industria Metalurgica,GARIBALDI,GARIBALDI,Rio Grande do Sul,-29.25454911,-51.52954846
710,https://www.tramontina.com.br/,painel pinus,FOUND,Itens encontrados.,['painel pinus'],Painel Tramontina Modulare em Madeira Pinus com Acabamento Branco e Borda 600x400x18 mm,600x400x18 mm,"R$ 36,05",https://www.tramontina.com.br/painel-tramontina-modulare-em-madeira-pinus-com-acabamento-branco-e-borda-600x400x18-mm/91154064.html,600.0,400.0,18.0,36.05,BRL,1.0,0.00432,8344.907407407407,Tramontina Garibaldi Sa Industria Metalurgica,GARIBALDI,GARIBALDI,Rio Grande do Sul,-29.25454911,-51.52954846
711,https://www.tramontina.com.br/,painel pinus,FOUND,Itens encontrados.,['painel pinus'],Painel Tramontina Modulare em Madeira Pinus com Acabamento Branco e Borda 600x400x18 mm,600x400x18 mm,"R$ 36,05",https://www.tramontina.com.br/painel-tramontina-modulare-em-madeira-pinus-com-acabamento-branco-e-borda-600x400x18-mm/91154064.html,600.0,400.0,18.0,36.05,BRL,1.0,0.00432,8344.907407407407,Tramontina Garibaldi Sa Industria Metalurgica,GARIBALDI,GARIBALDI,Rio Grande do Sul,-29.25454911,-51.52954846
712,https://www.tramontina.com.br/,painel pinus,FOUND,Itens encontrados.,['painel pinus'],Painel Tramontina Modulare em Madeira Pinus com Acabamento Branco e Borda 600x400x18 mm,600x400x18 mm,"R$ 36,05",https://www.tramontina.com.br/painel-tramontina-modulare-em-madeira-pinus-com-acabamento-branco-e-borda-600x400x18-mm/91154064.html,600.0,400.0,18.0,36.05,BRL,1.0,0.00432,8344.907407407407,Tramontina Garibaldi Sa Industria Metalurgica,GARIBALDI,GARIBALDI,Rio Grande do Sul,-29.25454911,-51.52954846
713,https://www.tramontina.com.br/,painel pinus,FOUND,Itens encontrados.,['painel pinus'],Painel Tramontina Modulare em Madeira Pinus com Acabamento Branco e Borda 600x400x18 mm,600x400x18 mm,"R$ 36,05",https://www.tramontina.com.br/painel-tramontina-modulare-em-madeira-pinus-com-acabamento-branco-e-borda-600x400x18-mm/91154064.html,600.0,400.0,18.0,36.05,BRL,1.0,0.00432,8344.907407407407,Tramontina Garibaldi Sa Industria Metalurgica,GARIBALDI,GARIBALDI,Rio Grande do Sul,-29.25454911,-51.52954846
714,https://www.tramontina.com.br/,painel pinus,FOUND,Itens encontrados.,['painel pinus'],Painel Tramontina Modulare em Madeira Pinus com Acabamento Branco e Borda 600x400x18 mm,600x400x18 mm,"R$ 36,05",https://www.tramontina.com.br/painel-tramontina-modulare-em-madeira-pinus-com-acabamento-branco-e-borda-600x400x18-mm/91154064.html,600.0,400.0,18.0,36.05,BRL,1.0,0.00432,8344.907407407407,Tramontina Garibaldi Sa Industria Metalurgica,GARIBALDI,GARIBALDI,Rio Grande do Sul,-29.25454911,-51.52954846
715,https://www.tramontina.com.br/,painel pinus,FOUND,Itens encontrados.,['painel pinus'],Painel Tramontina Modulare em Madeira Pinus com Acabamento Branco e Borda 600x400x18 mm,600x400x18 mm,"R$ 36,05",https://www.tramontina.com.br/painel-tramontina-modulare-em-madeira-pinus-com-acabamento-branco-e-borda-600x400x18-mm/91154064.html,600.0,400.0,18.0,36.05,BRL,1.0,0.00432,8344.907407407407,Tramontina Garibaldi Sa Industria Metalurgica,GARIBALDI,GARIBALDI,Rio Grande do Sul,-29.25454911,-51.52954846
716,https://www.tramontina.com.br/,painel pinus,FOUND,Itens encontrados.,['painel pinus'],Painel Tramontina Modulare em Madeira Pinus com Acabamento Branco e Borda 600x400x18 mm,600x400x18 mm,"R$ 36,05",https://www.tramontina.com.br/painel-tramontina-modulare-em-madeira-pinus-com-acabamento-branco-e-borda-600x400x18-mm/91154064.html,600.0,400.0,18.0,36.05,BRL,1.0,0.00432,8344.907407407407,Tramontina Garibaldi Sa Industria Metalurgica,GARIBALDI,GARIBALDI,Rio Grande do Sul,-29.25454911,-51.52954846
717,https://www.tramontina.com.br/,painel pinus,FOUND,Itens encontrados.,['painel pinus'],Painel Tramontina Modulare em Madeira Pinus com Acabamento Branco e Borda 600x400x18 mm,600x400x18 mm,"R$ 36,05",https://www.tramontina.com.br/painel-tramontina-modulare-em-madeira-pinus-com-acabamento-branco-e-borda-600x400x18-mm/91154064.html,600.0,400.0,18.0,36.05,BRL,1.0,0.00432,8344.907407407407,Tramontina Garibaldi Sa Industria Metalurgica,GARIBALDI,GARIBALDI,Rio Grande do Sul,-29.25454911,-51.52954846
718,https://www.tramontina.com.br/,painel pinus,FOUND,Itens encontrados.,['painel pinus'],Painel Tramontina Modulare em Madeira Pinus com Acabamento Branco e Borda 1200x400x18 mm,1200x400x18 mm,"R$ 58,00",https://www.tramontina.com.br/painel-tramontina-modulare-em-madeira-pinus-com-acabamento-branco-e-borda-1200x400x18-mm/91154124.html,1200.0,400.0,18.0,58.0,BRL,1.0,0.00864,6712.962962962963,Tramontina Garibaldi Sa Industria Metalurgica,GARIBALDI,GARIBALDI,Rio Grande do Sul,-29.25454911,-51.52954846
719,https://www.tramontina.com.br/,painel pinus,FOUND,Itens encontrados.,['painel pinus'],Painel Tramontina Modulare em Madeira Pinus com Acabamento Branco e Borda 1200x400x18 mm,1200x400x18 mm,"R$ 58,00",https://www.tramontina.com.br/painel-tramontina-modulare-em-madeira-pinus-com-acabamento-branco-e-borda-1200x400x18-mm/91154124.html,1200.0,400.0,18.0,58.0,BRL,1.0,0.00864,6712.962962962963,Tramontina Garibaldi Sa Industria Metalurgica,GARIBALDI,GARIBALDI,Rio Grande do Sul,-29.25454911,-51.52954846
720,https://www.tramontina.com.br/,painel pinus,FOUND,Itens encontrados.,['painel pinus'],Painel Tramontina Modulare em Madeira Pinus com Acabamento Branco e Borda 1200x400x18 mm,1200x400x18 mm,"R$ 58,00",https://www.tramontina.com.br/painel-tramontina-modulare-em-madeira-pinus-com-acabamento-branco-e-borda-1200x400x18-mm/91154124.html,1200.0,400.0,18.0,58.0,BRL,1.0,0.00864,6712.962962962963,Tramontina Garibaldi Sa Industria Metalurgica,GARIBALDI,GARIBALDI,Rio Grande do Sul,-29.25454911,-51.52954846
721,https://www.tramontina.com.br/,painel pinus,FOUND,Itens encontrados.,['painel pinus'],Painel Tramontina Modulare em Madeira Pinus com Acabamento Branco e Borda 1200x400x18 mm,1200x400x18 mm,"R$ 58,00",https://www.tramontina.com.br/painel-tramontina-modulare-em-madeira-pinus-com-acabamento-branco-e-borda-1200x400x18-mm/91154124.html,1200.0,400.0,18.0,58.0,BRL,1.0,0.00864,6712.962962962963,Tramontina Garibaldi Sa Industria Metalurgica,GARIBALDI,GARIBALDI,Rio Grande do Sul,-29.25454911,-51.52954846
722,https://www.tramontina.com.br/,painel pinus,FOUND,Itens encontrados.,['painel pinus'],Painel Tramontina Modulare em Madeira Pinus com Acabamento Branco e Borda 1200x400x18 mm,1200x400x18 mm,"R$ 58,00",https://www.tramontina.com.br/painel-tramontina-modulare-em-madeira-pinus-com-acabamento-branco-e-borda-1200x400x18-mm/91154124.html,1200.0,400.0,18.0,58.0,BRL,1.0,0.00864,6712.962962962963,Tramontina Garibaldi Sa Industria Metalurgica,GARIBALDI,GARIBALDI,Rio Grande do Sul,-29.25454911,-51.52954846
723,https://www.tramontina.com.br/,painel pinus,FOUND,Itens encontrados.,['painel pinus'],Painel Tramontina Modulare em Madeira Pinus com Acabamento Branco e Borda 1200x400x18 mm,1200x400x18 mm,"R$ 58,00",https://www.tramontina.com.br/painel-tramontina-modulare-em-madeira-pinus-com-acabamento-branco-e-borda-1200x400x18-mm/91154124.html,1200.0,400.0,18.0,58.0,BRL,1.0,0.00864,6712.962962962963,Tramontina Garibaldi Sa Industria Metalurgica,GARIBALDI,GARIBALDI,Rio Grande do Sul,-29.25454911,-51.52954846
724,https://www.tramontina.com.br/,painel pinus,FOUND,Itens encontrados.,['painel pinus'],Painel Tramontina Modulare em Madeira Pinus com Acabamento Branco e Borda 1200x400x18 mm,1200x400x18 mm,"R$ 58,00",https://www.tramontina.com.br/painel-tramontina-modulare-em-madeira-pinus-com-acabamento-branco-e-borda-1200x400x18-mm/91154124.html,1200.0,400.0,18.0,58.0,BRL,1.0,0.00864,6712.962962962963,Tramontina Garibaldi Sa Industria Metalurgica,GARIBALDI,GARIBALDI,Rio Grande do Sul,-29.25454911,-51.52954846
725,https://www.tramontina.com.br/,painel pinus,FOUND,Itens encontrados.,['painel pinus'],Painel Tramontina Modulare em Madeira Pinus com Acabamento Branco e Borda 1200x400x18 mm,1200x400x18 mm,"R$ 58,00",https://www.tramontina.com.br/painel-tramontina-modulare-em-madeira-pinus-com-acabamento-branco-e-borda-1200x400x18-mm/91154124.html,1200.0,400.0,18.0,58.0,BRL,1.0,0.00864,6712.962962962963,Tramontina Garibaldi Sa Industria Metalurgica,GARIBALDI,GARIBALDI,Rio Grande do Sul,-29.25454911,-51.52954846
726,https://www.tramontina.com.br/,painel pinus,FOUND,Itens encontrados.,['painel pinus'],Painel Tramontina Modulare em Madeira Pinus com Acabamento Branco e Borda 1200x400x18 mm,1200x400x18 mm,"R$ 58,00",https://www.tramontina.com.br/painel-tramontina-modulare-em-madeira-pinus-com-acabamento-branco-e-borda-1200x400x18-mm/91154124.html,1200.0,400.0,18.0,58.0,BRL,1.0,0.00864,6712.962962962963,Tramontina Garibaldi Sa Industria Metalurgica,GARIBALDI,GARIBALDI,Rio Grande do Sul,-29.25454911,-51.52954846
727,https://www.tramontina.com.br/,painel pinus,FOUND,Itens encontrados.,['painel pinus'],Painel Tramontina Modulare em Madeira Pinus com Acabamento Branco e Borda 1200x600x18 mm,1200x600x18 mm,"R$ 56,50",https://www.tramontina.com.br/painel-tramontina-modulare-em-madeira-pinus-com-acabamento-branco-e-borda-1200x600x18-mm/91154126.html,1200.0,600.0,18.0,56.5,BRL,1.0,0.01296,4359.567901234568,Tramontina Garibaldi Sa Industria Metalurgica,GARIBALDI,GARIBALDI,Rio Grande do Sul,-29.25454911,-51.52954846
728,https://www.tramontina.com.br/,painel pinus,FOUND,Itens encontrados.,['painel pinus'],Painel Tramontina Modulare em Madeira Pinus com Acabamento Branco e Borda 1200x600x18 mm,1200x600x18 mm,"R$ 56,50",https://www.tramontina.com.br/painel-tramontina-modulare-em-madeira-pinus-com-acabamento-branco-e-borda-1200x600x18-mm/91154126.html,1200.0,600.0,18.0,56.5,BRL,1.0,0.01296,4359.567901234568,Tramontina Garibaldi Sa Industria Metalurgica,GARIBALDI,GARIBALDI,Rio Grande do Sul,-29.25454911,-51.52954846
729,https://www.tramontina.com.br/,painel pinus,FOUND,Itens encontrados.,['painel pinus'],Painel Tramontina Modulare em Madeira Pinus com Acabamento Branco e Borda 1200x600x18 mm,1200x600x18 mm,"R$ 56,50",https://www.tramontina.com.br/painel-tramontina-modulare-em-madeira-pinus-com-acabamento-branco-e-borda-1200x600x18-mm/91154126.html,1200.0,600.0,18.0,56.5,BRL,1.0,0.01296,4359.567901234568,Tramontina Garibaldi Sa Industria Metalurgica,GARIBALDI,GARIBALDI,Rio Grande do Sul,-29.25454911,-51.52954846
730,https://www.tramontina.com.br/,painel pinus,FOUND,Itens encontrados.,['painel pinus'],Painel Tramontina Modulare em Madeira Pinus com Acabamento Branco e Borda 1200x600x18 mm,1200x600x18 mm,"R$ 56,50",https://www.tramontina.com.br/painel-tramontina-modulare-em-madeira-pinus-com-acabamento-branco-e-borda-1200x600x18-mm/91154126.html,1200.0,600.0,18.0,56.5,BRL,1.0,0.01296,4359.567901234568,Tramontina Garibaldi Sa Industria Metalurgica,GARIBALDI,GARIBALDI,Rio Grande do Sul,-29.25454911,-51.52954846
731,https://www.tramontina.com.br/,painel pinus,FOUND,Itens encontrados.,['painel pinus'],Painel Tramontina Modulare em Madeira Pinus com Acabamento Branco e Borda 1200x600x18 mm,1200x600x18 mm,"R$ 56,50",https://www.tramontina.com.br/painel-tramontina-modulare-em-madeira-pinus-com-acabamento-branco-e-borda-1200x600x18-mm/91154126.html,1200.0,600.0,18.0,56.5,BRL,1.0,0.01296,4359.567901234568,Tramontina Garibaldi Sa Industria Metalurgica,GARIBALDI,GARIBALDI,Rio Grande do Sul,-29.25454911,-51.52954846
732,https://www.tramontina.com.br/,painel pinus,FOUND,Itens encontrados.,['painel pinus'],Painel Tramontina Modulare em Madeira Pinus com Acabamento Branco e Borda 1200x600x18 mm,1200x600x18 mm,"R$ 56,50",https://www.tramontina.com.br/painel-tramontina-modulare-em-madeira-pinus-com-acabamento-branco-e-borda-1200x600x18-mm/91154126.html,1200.0,600.0,18.0,56.5,BRL,1.0,0.01296,4359.567901234568,Tramontina Garibaldi Sa Industria Metalurgica,GARIBALDI,GARIBALDI,Rio Grande do Sul,-29.25454911,-51.52954846
733,https://www.tramontina.com.br/,painel pinus,FOUND,Itens encontrados.,['painel pinus'],Painel Tramontina Modulare em Madeira Pinus com Acabamento Branco e Borda 1200x600x18 mm,1200x600x18 mm,"R$ 56,50",https://www.tramontina.com.br/painel-tramontina-modulare-em-madeira-pinus-com-acabamento-branco-e-borda-1200x600x18-mm/91154126.html,1200.0,600.0,18.0,56.5,BRL,1.0,0.01296,4359.567901234568,Tramontina Garibaldi Sa Industria Metalurgica,GARIBALDI,GARIBALDI,Rio Grande do Sul,-29.25454911,-51.52954846
734,https://www.tramontina.com.br/,painel pinus,FOUND,Itens encontrados.,['painel pinus'],Painel Tramontina Modulare em Madeira Pinus com Acabamento Branco e Borda 1200x600x18 mm,1200x600x18 mm,"R$ 56,50",https://www.tramontina.com.br/painel-tramontina-modulare-em-madeira-pinus-com-acabamento-branco-e-borda-1200x600x18-mm/91154126.html,1200.0,600.0,18.0,56.5,BRL,1.0,0.01296,4359.567901234568,Tramontina Garibaldi Sa Industria Metalurgica,GARIBALDI,GARIBALDI,Rio Grande do Sul,-29.25454911,-51.52954846
735,https://www.tramontina.com.br/,painel pinus,FOUND,Itens encontrados.,['painel pinus'],Painel Tramontina Modulare em Madeira Pinus com Acabamento Branco e Borda 1200x600x18 mm,1200x600x18 mm,"R$ 56,50",https://www.tramontina.com.br/painel-tramontina-modulare-em-madeira-pinus-com-acabamento-branco-e-borda-1200x600x18-mm/91154126.html,1200.0,600.0,18.0,56.5,BRL,1.0,0.01296,4359.567901234568,Tramontina Garibaldi Sa Industria Metalurgica,GARIBALDI,GARIBALDI,Rio Grande do Sul,-29.25454911,-51.52954846
736,https://www.tramontina.com.br/,painel pinus,FOUND,Itens encontrados.,['painel pinus'],Painel Tramontina Modulare em Madeira Pinus com Acabamento Mel 1000x200x18 mm,1000x200x18 mm,"R$ 29,88",https://www.tramontina.com.br/painel-tramontina-modulare-em-madeira-pinus-com-acabamento-mel-1000x200x18-mm/91131102.html,1000.0,200.0,18.0,29.88,BRL,1.0,0.0036,8300.0,Tramontina Garibaldi Sa Industria Metalurgica,GARIBALDI,GARIBALDI,Rio Grande do Sul,-29.25454911,-51.52954846
737,https://www.tramontina.com.br/,painel pinus,FOUND,Itens encontrados.,['painel pinus'],Painel Tramontina Modulare em Madeira Pinus com Acabamento Mel 1000x200x18 mm,1000x200x18 mm,"R$ 29,88",https://www.tramontina.com.br/painel-tramontina-modulare-em-madeira-pinus-com-acabamento-mel-1000x200x18-mm/91131102.html,1000.0,200.0,18.0,29.88,BRL,1.0,0.0036,8300.0,Tramontina Garibaldi Sa Industria Metalurgica,GARIBALDI,GARIBALDI,Rio Grande do Sul,-29.25454911,-51.52954846
738,https://www.tramontina.com.br/,painel pinus,FOUND,Itens encontrados.,['painel pinus'],Painel Tramontina Modulare em Madeira Pinus com Acabamento Mel 1000x200x18 mm,1000x200x18 mm,"R$ 29,88",https://www.tramontina.com.br/painel-tramontina-modulare-em-madeira-pinus-com-acabamento-mel-1000x200x18-mm/91131102.html,1000.0,200.0,18.0,29.88,BRL,1.0,0.0036,8300.0,Tramontina Garibaldi Sa Industria Metalurgica,GARIBALDI,GARIBALDI,Rio Grande do Sul,-29.25454911,-51.52954846
739,https://www.tramontina.com.br/,painel pinus,FOUND,Itens encontrados.,['painel pinus'],Painel Tramontina Modulare em Madeira Pinus com Acabamento Mel 1000x200x18 mm,1000x200x18 mm,"R$ 29,88",https://www.tramontina.com.br/painel-tramontina-modulare-em-madeira-pinus-com-acabamento-mel-1000x200x18-mm/91131102.html,1000.0,200.0,18.0,29.88,BRL,1.0,0.0036,8300.0,Tramontina Garibaldi Sa Industria Metalurgica,GARIBALDI,GARIBALDI,Rio Grande do Sul,-29.25454911,-51.52954846
740,https://www.tramontina.com.br/,painel pinus,FOUND,Itens encontrados.,['painel pinus'],Painel Tramontina Modulare em Madeira Pinus com Acabamento Mel 1000x200x18 mm,1000x200x18 mm,"R$ 29,88",https://www.tramontina.com.br/painel-tramontina-modulare-em-madeira-pinus-com-acabamento-mel-1000x200x18-mm/91131102.html,1000.0,200.0,18.0,29.88,BRL,1.0,0.0036,8300.0,Tramontina Garibaldi Sa Industria Metalurgica,GARIBALDI,GARIBALDI,Rio Grande do Sul,-29.25454911,-51.52954846
741,https://www.tramontina.com.br/,painel pinus,FOUND,Itens encontrados.,['painel pinus'],Painel Tramontina Modulare em Madeira Pinus com Acabamento Mel 1000x200x18 mm,1000x200x18 mm,"R$ 29,88",https://www.tramontina.com.br/painel-tramontina-modulare-em-madeira-pinus-com-acabamento-mel-1000x200x18-mm/91131102.html,1000.0,200.0,18.0,29.88,BRL,1.0,0.0036,8300.0,Tramontina Garibaldi Sa Industria Metalurgica,GARIBALDI,GARIBALDI,Rio Grande do Sul,-29.25454911,-51.52954846
742,https://www.tramontina.com.br/,painel pinus,FOUND,Itens encontrados.,['painel pinus'],Painel Tramontina Modulare em Madeira Pinus com Acabamento Mel 1000x200x18 mm,1000x200x18 mm,"R$ 29,88",https://www.tramontina.com.br/painel-tramontina-modulare-em-madeira-pinus-com-acabamento-mel-1000x200x18-mm/91131102.html,1000.0,200.0,18.0,29.88,BRL,1.0,0.0036,8300.0,Tramontina Garibaldi Sa Industria Metalurgica,GARIBALDI,GARIBALDI,Rio Grande do Sul,-29.25454911,-51.52954846
743,https://www.tramontina.com.br/,painel pinus,FOUND,Itens encontrados.,['painel pinus'],Painel Tramontina Modulare em Madeira Pinus com Acabamento Mel 1000x200x18 mm,1000x200x18 mm,"R$ 29,88",https://www.tramontina.com.br/painel-tramontina-modulare-em-madeira-pinus-com-acabamento-mel-1000x200x18-mm/91131102.html,1000.0,200.0,18.0,29.88,BRL,1.0,0.0036,8300.0,Tramontina Garibaldi Sa Industria Metalurgica,GARIBALDI,GARIBALDI,Rio Grande do Sul,-29.25454911,-51.52954846
744,https://www.tramontina.com.br/,painel pinus,FOUND,Itens encontrados.,['painel pinus'],Painel Tramontina Modulare em Madeira Pinus com Acabamento Mel 1000x200x18 mm,1000x200x18 mm,"R$ 29,88",https://www.tramontina.com.br/painel-tramontina-modulare-em-madeira-pinus-com-acabamento-mel-1000x200x18-mm/91131102.html,1000.0,200.0,18.0,29.88,BRL,1.0,0.0036,8300.0,Tramontina Garibaldi Sa Industria Metalurgica,GARIBALDI,GARIBALDI,Rio Grande do Sul,-29.25454911,-51.52954846
745,https://www.tramontina.com.br/,painel pinus,FOUND,Itens encontrados.,['painel pinus'],Painel Tramontina Modulare em Madeira Pinus com Acabamento Branco e Borda 1500x300x18 mm,1500x300x18 mm,"R$ 66,97",https://www.tramontina.com.br/painel-tramontina-modulare-em-madeira-pinus-com-acabamento-branco-e-borda-1500x300x18-mm/91154153.html,1500.0,300.0,18.0,66.97,BRL,1.0,0.0081,8267.901234567902,Tramontina Garibaldi Sa Industria Metalurgica,GARIBALDI,GARIBALDI,Rio Grande do Sul,-29.25454911,-51.52954846
746,https://www.tramontina.com.br/,painel pinus,FOUND,Itens encontrados.,['painel pinus'],Painel Tramontina Modulare em Madeira Pinus com Acabamento Branco e Borda 1500x300x18 mm,1500x300x18 mm,"R$ 66,97",https://www.tramontina.com.br/painel-tramontina-modulare-em-madeira-pinus-com-acabamento-branco-e-borda-1500x300x18-mm/91154153.html,1500.0,300.0,18.0,66.97,BRL,1.0,0.0081,8267.901234567902,Tramontina Garibaldi Sa Industria Metalurgica,GARIBALDI,GARIBALDI,Rio Grande do Sul,-29.25454911,-51.52954846
747,https://www.tramontina.com.br/,painel pinus,FOUND,Itens encontrados.,['painel pinus'],Painel Tramontina Modulare em Madeira Pinus com Acabamento Branco e Borda 1500x300x18 mm,1500x300x18 mm,"R$ 66,97",https://www.tramontina.com.br/painel-tramontina-modulare-em-madeira-pinus-com-acabamento-branco-e-borda-1500x300x18-mm/91154153.html,1500.0,300.0,18.0,66.97,BRL,1.0,0.0081,8267.901234567902,Tramontina Garibaldi Sa Industria Metalurgica,GARIBALDI,GARIBALDI,Rio Grande do Sul,-29.25454911,-51.52954846
748,https://www.tramontina.com.br/,painel pinus,FOUND,Itens encontrados.,['painel pinus'],Painel Tramontina Modulare em Madeira Pinus com Acabamento Branco e Borda 1500x300x18 mm,1500x300x18 mm,"R$ 66,97",https://www.tramontina.com.br/painel-tramontina-modulare-em-madeira-pinus-com-acabamento-branco-e-borda-1500x300x18-mm/91154153.html,1500.0,300.0,18.0,66.97,BRL,1.0,0.0081,8267.901234567902,Tramontina Garibaldi Sa Industria Metalurgica,GARIBALDI,GARIBALDI,Rio Grande do Sul,-29.25454911,-51.52954846
749,https://www.tramontina.com.br/,painel pinus,FOUND,Itens encontrados.,['painel pinus'],Painel Tramontina Modulare em Madeira Pinus com Acabamento Branco e Borda 1500x300x18 mm,1500x300x18 mm,"R$ 66,97",https://www.tramontina.com.br/painel-tramontina-modulare-em-madeira-pinus-com-acabamento-branco-e-borda-1500x300x18-mm/91154153.html,1500.0,300.0,18.0,66.97,BRL,1.0,0.0081,8267.901234567902,Tramontina Garibaldi Sa Industria Metalurgica,GARIBALDI,GARIBALDI,Rio Grande do Sul,-29.25454911,-51.52954846
750,https://www.tramontina.com.br/,painel pinus,FOUND,Itens encontrados.,['painel pinus'],Painel Tramontina Modulare em Madeira Pinus com Acabamento Branco e Borda 1500x300x18 mm,1500x300x18 mm,"R$ 66,97",https://www.tramontina.com.br/painel-tramontina-modulare-em-madeira-pinus-com-acabamento-branco-e-borda-1500x300x18-mm/91154153.html,1500.0,300.0,18.0,66.97,BRL,1.0,0.0081,8267.901234567902,Tramontina Garibaldi Sa Industria Metalurgica,GARIBALDI,GARIBALDI,Rio Grande do Sul,-29.25454911,-51.52954846
751,https://www.tramontina.com.br/,painel pinus,FOUND,Itens encontrados.,['painel pinus'],Painel Tramontina Modulare em Madeira Pinus com Acabamento Branco e Borda 1500x300x18 mm,1500x300x18 mm,"R$ 66,97",https://www.tramontina.com.br/painel-tramontina-modulare-em-madeira-pinus-com-acabamento-branco-e-borda-1500x300x18-mm/91154153.html,1500.0,300.0,18.0,66.97,BRL,1.0,0.0081,8267.901234567902,Tramontina Garibaldi Sa Industria Metalurgica,GARIBALDI,GARIBALDI,Rio Grande do Sul,-29.25454911,-51.52954846
752,https://www.tramontina.com.br/,painel pinus,FOUND,Itens encontrados.,['painel pinus'],Painel Tramontina Modulare em Madeira Pinus com Acabamento Branco e Borda 1500x300x18 mm,1500x300x18 mm,"R$ 66,97",https://www.tramontina.com.br/painel-tramontina-modulare-em-madeira-pinus-com-acabamento-branco-e-borda-1500x300x18-mm/91154153.html,1500.0,300.0,18.0,66.97,BRL,1.0,0.0081,8267.901234567902,Tramontina Garibaldi Sa Industria Metalurgica,GARIBALDI,GARIBALDI,Rio Grande do Sul,-29.25454911,-51.52954846
753,https://www.tramontina.com.br/,painel pinus,FOUND,Itens encontrados.,['painel pinus'],Painel Tramontina Modulare em Madeira Pinus com Acabamento Branco e Borda 1500x300x18 mm,1500x300x18 mm,"R$ 66,97",https://www.tramontina.com.br/painel-tramontina-modulare-em-madeira-pinus-com-acabamento-branco-e-borda-1500x300x18-mm/91154153.html,1500.0,300.0,18.0,66.97,BRL,1.0,0.0081,8267.901234567902,Tramontina Garibaldi Sa Industria Metalurgica,GARIBALDI,GARIBALDI,Rio Grande do Sul,-29.25454911,-51.52954846
754,https://www.tramontina.com.br/,painel pinus,FOUND,Itens encontrados.,['painel pinus'],Painel Tramontina Modulare em Madeira Pinus com Acabamento Mel 800x200x18 mm,800x200x18 mm,"R$ 24,18",https://www.tramontina.com.br/painel-tramontina-modulare-em-madeira-pinus-com-acabamento-mel-800x200x18-mm/91131082.html,800.0,200.0,18.0,24.18,BRL,1.0,0.00288,8395.833333333332,Tramontina Garibaldi Sa Industria Metalurgica,GARIBALDI,GARIBALDI,Rio Grande do Sul,-29.25454911,-51.52954846
755,https://www.tramontina.com.br/,painel pinus,FOUND,Itens encontrados.,['painel pinus'],Painel Tramontina Modulare em Madeira Pinus com Acabamento Mel 800x200x18 mm,800x200x18 mm,"R$ 24,18",https://www.tramontina.com.br/painel-tramontina-modulare-em-madeira-pinus-com-acabamento-mel-800x200x18-mm/91131082.html,800.0,200.0,18.0,24.18,BRL,1.0,0.00288,8395.833333333332,Tramontina Garibaldi Sa Industria Metalurgica,GARIBALDI,GARIBALDI,Rio Grande do Sul,-29.25454911,-51.52954846
756,https://www.tramontina.com.br/,painel pinus,FOUND,Itens encontrados.,['painel pinus'],Painel Tramontina Modulare em Madeira Pinus com Acabamento Mel 800x200x18 mm,800x200x18 mm,"R$ 24,18",https://www.tramontina.com.br/painel-tramontina-modulare-em-madeira-pinus-com-acabamento-mel-800x200x18-mm/91131082.html,800.0,200.0,18.0,24.18,BRL,1.0,0.00288,8395.833333333332,Tramontina Garibaldi Sa Industria Metalurgica,GARIBALDI,GARIBALDI,Rio Grande do Sul,-29.25454911,-51.52954846
757,https://www.tramontina.com.br/,painel pinus,FOUND,Itens encontrados.,['painel pinus'],Painel Tramontina Modulare em Madeira Pinus com Acabamento Mel 800x200x18 mm,800x200x18 mm,"R$ 24,18",https://www.tramontina.com.br/painel-tramontina-modulare-em-madeira-pinus-com-acabamento-mel-800x200x18-mm/91131082.html,800.0,200.0,18.0,24.18,BRL,1.0,0.00288,8395.833333333332,Tramontina Garibaldi Sa Industria Metalurgica,GARIBALDI,GARIBALDI,Rio Grande do Sul,-29.25454911,-51.52954846
758,https://www.tramontina.com.br/,painel pinus,FOUND,Itens encontrados.,['painel pinus'],Painel Tramontina Modulare em Madeira Pinus com Acabamento Mel 800x200x18 mm,800x200x18 mm,"R$ 24,18",https://www.tramontina.com.br/painel-tramontina-modulare-em-madeira-pinus-com-acabamento-mel-800x200x18-mm/91131082.html,800.0,200.0,18.0,24.18,BRL,1.0,0.00288,8395.833333333332,Tramontina Garibaldi Sa Industria Metalurgica,GARIBALDI,GARIBALDI,Rio Grande do Sul,-29.25454911,-51.52954846
759,https://www.tramontina.com.br/,painel pinus,FOUND,Itens encontrados.,['painel pinus'],Painel Tramontina Modulare em Madeira Pinus com Acabamento Mel 800x200x18 mm,800x200x18 mm,"R$ 24,18",https://www.tramontina.com.br/painel-tramontina-modulare-em-madeira-pinus-com-acabamento-mel-800x200x18-mm/91131082.html,800.0,200.0,18.0,24.18,BRL,1.0,0.00288,8395.833333333332,Tramontina Garibaldi Sa Industria Metalurgica,GARIBALDI,GARIBALDI,Rio Grande do Sul,-29.25454911,-51.52954846
760,https://www.tramontina.com.br/,painel pinus,FOUND,Itens encontrados.,['painel pinus'],Painel Tramontina Modulare em Madeira Pinus com Acabamento Mel 800x200x18 mm,800x200x18 mm,"R$ 24,18",https://www.tramontina.com.br/painel-tramontina-modulare-em-madeira-pinus-com-acabamento-mel-800x200x18-mm/91131082.html,800.0,200.0,18.0,24.18,BRL,1.0,0.00288,8395.833333333332,Tramontina Garibaldi Sa Industria Metalurgica,GARIBALDI,GARIBALDI,Rio Grande do Sul,-29.25454911,-51.52954846
761,https://www.tramontina.com.br/,painel pinus,FOUND,Itens encontrados.,['painel pinus'],Painel Tramontina Modulare em Madeira Pinus com Acabamento Mel 800x200x18 mm,800x200x18 mm,"R$ 24,18",https://www.tramontina.com.br/painel-tramontina-modulare-em-madeira-pinus-com-acabamento-mel-800x200x18-mm/91131082.html,800.0,200.0,18.0,24.18,BRL,1.0,0.00288,8395.833333333332,Tramontina Garibaldi Sa Industria Metalurgica,GARIBALDI,GARIBALDI,Rio Grande do Sul,-29.25454911,-51.52954846
762,https://www.tramontina.com.br/,painel pinus,FOUND,Itens encontrados.,['painel pinus'],Painel Tramontina Modulare em Madeira Pinus com Acabamento Mel 800x200x18 mm,800x200x18 mm,"R$ 24,18",https://www.tramontina.com.br/painel-tramontina-modulare-em-madeira-pinus-com-acabamento-mel-800x200x18-mm/91131082.html,800.0,200.0,18.0,24.18,BRL,1.0,0.00288,8395.833333333332,Tramontina Garibaldi Sa Industria Metalurgica,GARIBALDI,GARIBALDI,Rio Grande do Sul,-29.25454911,-51.52954846
763,https://www.tramontina.com.br/,painel pinus,FOUND,Itens encontrados.,['painel pinus'],Painel Tramontina Modulare em Madeira Pinus com Acabamento Mel 600x200x18 mm,600x200x18 mm,"R$ 18,00",https://www.tramontina.com.br/painel-tramontina-modulare-em-madeira-pinus-com-acabamento-mel-600x200x18-mm/91131062.html,600.0,200.0,18.0,18.0,BRL,1.0,0.00216,8333.333333333334,Tramontina Garibaldi Sa Industria Metalurgica,GARIBALDI,GARIBALDI,Rio Grande do Sul,-29.25454911,-51.52954846
764,https://www.tramontina.com.br/,painel pinus,FOUND,Itens encontrados.,['painel pinus'],Painel Tramontina Modulare em Madeira Pinus com Acabamento Mel 600x200x18 mm,600x200x18 mm,"R$ 18,00",https://www.tramontina.com.br/painel-tramontina-modulare-em-madeira-pinus-com-acabamento-mel-600x200x18-mm/91131062.html,600.0,200.0,18.0,18.0,BRL,1.0,0.00216,8333.333333333334,Tramontina Garibaldi Sa Industria Metalurgica,GARIBALDI,GARIBALDI,Rio Grande do Sul,-29.25454911,-51.52954846
765,https://www.tramontina.com.br/,painel pinus,FOUND,Itens encontrados.,['painel pinus'],Painel Tramontina Modulare em Madeira Pinus com Acabamento Mel 600x200x18 mm,600x200x18 mm,"R$ 18,00",https://www.tramontina.com.br/painel-tramontina-modulare-em-madeira-pinus-com-acabamento-mel-600x200x18-mm/91131062.html,600.0,200.0,18.0,18.0,BRL,1.0,0.00216,8333.333333333334,Tramontina Garibaldi Sa Industria Metalurgica,GARIBALDI,GARIBALDI,Rio Grande do Sul,-29.25454911,-51.52954846
766,https://www.tramontina.com.br/,painel pinus,FOUND,Itens encontrados.,['painel pinus'],Painel Tramontina Modulare em Madeira Pinus com Acabamento Mel 600x200x18 mm,600x200x18 mm,"R$ 18,00",https://www.tramontina.com.br/painel-tramontina-modulare-em-madeira-pinus-com-acabamento-mel-600x200x18-mm/91131062.html,600.0,200.0,18.0,18.0,BRL,1.0,0.00216,8333.333333333334,Tramontina Garibaldi Sa Industria Metalurgica,GARIBALDI,GARIBALDI,Rio Grande do Sul,-29.25454911,-51.52954846
767,https://www.tramontina.com.br/,painel pinus,FOUND,Itens encontrados.,['painel pinus'],Painel Tramontina Modulare em Madeira Pinus com Acabamento Mel 600x200x18 mm,600x200x18 mm,"R$ 18,00",https://www.tramontina.com.br/painel-tramontina-modulare-em-madeira-pinus-com-acabamento-mel-600x200x18-mm/91131062.html,600.0,200.0,18.0,18.0,BRL,1.0,0.00216,8333.333333333334,Tramontina Garibaldi Sa Industria Metalurgica,GARIBALDI,GARIBALDI,Rio Grande do Sul,-29.25454911,-51.52954846
768,https://www.tramontina.com.br/,painel pinus,FOUND,Itens encontrados.,['painel pinus'],Painel Tramontina Modulare em Madeira Pinus com Acabamento Mel 600x200x18 mm,600x200x18 mm,"R$ 18,00",https://www.tramontina.com.br/painel-tramontina-modulare-em-madeira-pinus-com-acabamento-mel-600x200x18-mm/91131062.html,600.0,200.0,18.0,18.0,BRL,1.0,0.00216,8333.333333333334,Tramontina Garibaldi Sa Industria Metalurgica,GARIBALDI,GARIBALDI,Rio Grande do Sul,-29.25454911,-51.52954846
769,https://www.tramontina.com.br/,painel pinus,FOUND,Itens encontrados.,['painel pinus'],Painel Tramontina Modulare em Madeira Pinus com Acabamento Mel 600x200x18 mm,600x200x18 mm,"R$ 18,00",https://www.tramontina.com.br/painel-tramontina-modulare-em-madeira-pinus-com-acabamento-mel-600x200x18-mm/91131062.html,600.0,200.0,18.0,18.0,BRL,1.0,0.00216,8333.333333333334,Tramontina Garibaldi Sa Industria Metalurgica,GARIBALDI,GARIBALDI,Rio Grande do Sul,-29.25454911,-51.52954846
770,https://www.tramontina.com.br/,painel pinus,FOUND,Itens encontrados.,['painel pinus'],Painel Tramontina Modulare em Madeira Pinus com Acabamento Mel 600x200x18 mm,600x200x18 mm,"R$ 18,00",https://www.tramontina.com.br/painel-tramontina-modulare-em-madeira-pinus-com-acabamento-mel-600x200x18-mm/91131062.html,600.0,200.0,18.0,18.0,BRL,1.0,0.00216,8333.333333333334,Tramontina Garibaldi Sa Industria Metalurgica,GARIBALDI,GARIBALDI,Rio Grande do Sul,-29.25454911,-51.52954846
771,https://www.tramontina.com.br/,painel pinus,FOUND,Itens encontrados.,['painel pinus'],Painel Tramontina Modulare em Madeira Pinus com Acabamento Mel 600x200x18 mm,600x200x18 mm,"R$ 18,00",https://www.tramontina.com.br/painel-tramontina-modulare-em-madeira-pinus-com-acabamento-mel-600x200x18-mm/91131062.html,600.0,200.0,18.0,18.0,BRL,1.0,0.00216,8333.333333333334,Tramontina Garibaldi Sa Industria Metalurgica,GARIBALDI,GARIBALDI,Rio Grande do Sul,-29.25454911,-51.52954846
772,https://www.tramontina.com.br/,painel pinus,FOUND,Itens encontrados.,['painel pinus'],Painel Tramontina Modulare em Madeira Pinus com Acabamento Mel 600x300x18 mm,600x300x18 mm,"R$ 27,03",https://www.tramontina.com.br/painel-tramontina-modulare-em-madeira-pinus-com-acabamento-mel-600x300x18-mm/91131063.html,600.0,300.0,18.0,27.03,BRL,1.0,0.00324,8342.592592592593,Tramontina Garibaldi Sa Industria Metalurgica,GARIBALDI,GARIBALDI,Rio Grande do Sul,-29.25454911,-51.52954846
773,https://www.tramontina.com.br/,painel pinus,FOUND,Itens encontrados.,['painel pinus'],Painel Tramontina Modulare em Madeira Pinus com Acabamento Mel 600x300x18 mm,600x300x18 mm,"R$ 27,03",https://www.tramontina.com.br/painel-tramontina-modulare-em-madeira-pinus-com-acabamento-mel-600x300x18-mm/91131063.html,600.0,300.0,18.0,27.03,BRL,1.0,0.00324,8342.592592592593,Tramontina Garibaldi Sa Industria Metalurgica,GARIBALDI,GARIBALDI,Rio Grande do Sul,-29.25454911,-51.52954846
774,https://www.tramontina.com.br/,painel pinus,FOUND,Itens encontrados.,['painel pinus'],Painel Tramontina Modulare em Madeira Pinus com Acabamento Mel 600x300x18 mm,600x300x18 mm,"R$ 27,03",https://www.tramontina.com.br/painel-tramontina-modulare-em-madeira-pinus-com-acabamento-mel-600x300x18-mm/91131063.html,600.0,300.0,18.0,27.03,BRL,1.0,0.00324,8342.592592592593,Tramontina Garibaldi Sa Industria Metalurgica,GARIBALDI,GARIBALDI,Rio Grande do Sul,-29.25454911,-51.52954846
775,https://www.tramontina.com.br/,painel pinus,FOUND,Itens encontrados.,['painel pinus'],Painel Tramontina Modulare em Madeira Pinus com Acabamento Mel 600x300x18 mm,600x300x18 mm,"R$ 27,03",https://www.tramontina.com.br/painel-tramontina-modulare-em-madeira-pinus-com-acabamento-mel-600x300x18-mm/91131063.html,600.0,300.0,18.0,27.03,BRL,1.0,0.00324,8342.592592592593,Tramontina Garibaldi Sa Industria Metalurgica,GARIBALDI,GARIBALDI,Rio Grande do Sul,-29.25454911,-51.52954846
776,https://www.tramontina.com.br/,painel pinus,FOUND,Itens encontrados.,['painel pinus'],Painel Tramontina Modulare em Madeira Pinus com Acabamento Mel 600x300x18 mm,600x300x18 mm,"R$ 27,03",https://www.tramontina.com.br/painel-tramontina-modulare-em-madeira-pinus-com-acabamento-mel-600x300x18-mm/91131063.html,600.0,300.0,18.0,27.03,BRL,1.0,0.00324,8342.592592592593,Tramontina Garibaldi Sa Industria Metalurgica,GARIBALDI,GARIBALDI,Rio Grande do Sul,-29.25454911,-51.52954846
777,https://www.tramontina.com.br/,painel pinus,FOUND,Itens encontrados.,['painel pinus'],Painel Tramontina Modulare em Madeira Pinus com Acabamento Mel 600x300x18 mm,600x300x18 mm,"R$ 27,03",https://www.tramontina.com.br/painel-tramontina-modulare-em-madeira-pinus-com-acabamento-mel-600x300x18-mm/91131063.html,600.0,300.0,18.0,27.03,BRL,1.0,0.00324,8342.592592592593,Tramontina Garibaldi Sa Industria Metalurgica,GARIBALDI,GARIBALDI,Rio Grande do Sul,-29.25454911,-51.52954846
778,https://www.tramontina.com.br/,painel pinus,FOUND,Itens encontrados.,['painel pinus'],Painel Tramontina Modulare em Madeira Pinus com Acabamento Mel 600x300x18 mm,600x300x18 mm,"R$ 27,03",https://www.tramontina.com.br/painel-tramontina-modulare-em-madeira-pinus-com-acabamento-mel-600x300x18-mm/91131063.html,600.0,300.0,18.0,27.03,BRL,1.0,0.00324,8342.592592592593,Tramontina Garibaldi Sa Industria Metalurgica,GARIBALDI,GARIBALDI,Rio Grande do Sul,-29.25454911,-51.52954846
779,https://www.tramontina.com.br/,painel pinus,FOUND,Itens encontrados.,['painel pinus'],Painel Tramontina Modulare em Madeira Pinus com Acabamento Mel 600x300x18 mm,600x300x18 mm,"R$ 27,03",https://www.tramontina.com.br/painel-tramontina-modulare-em-madeira-pinus-com-acabamento-mel-600x300x18-mm/91131063.html,600.0,300.0,18.0,27.03,BRL,1.0,0.00324,8342.592592592593,Tramontina Garibaldi Sa Industria Metalurgica,GARIBALDI,GARIBALDI,Rio Grande do Sul,-29.25454911,-51.52954846
780,https://www.tramontina.com.br/,painel pinus,FOUND,Itens encontrados.,['painel pinus'],Painel Tramontina Modulare em Madeira Pinus com Acabamento Mel 600x300x18 mm,600x300x18 mm,"R$ 27,03",https://www.tramontina.com.br/painel-tramontina-modulare-em-madeira-pinus-com-acabamento-mel-600x300x18-mm/91131063.html,600.0,300.0,18.0,27.03,BRL,1.0,0.00324,8342.592592592593,Tramontina Garibaldi Sa Industria Metalurgica,GARIBALDI,GARIBALDI,Rio Grande do Sul,-29.25454911,-51.52954846
781,https://www.tramontina.com.br/,painel pinus,FOUND,Itens encontrados.,['painel pinus'],Painel Tramontina Modulare em Madeira Pinus com Acabamento Mel 1200x200x18 mm,1200x200x18 mm,"R$ 36,05",https://www.tramontina.com.br/painel-tramontina-modulare-em-madeira-pinus-com-acabamento-mel-1200x200x18-mm/91131122.html,1200.0,200.0,18.0,36.05,BRL,1.0,0.00432,8344.907407407407,Tramontina Garibaldi Sa Industria Metalurgica,GARIBALDI,GARIBALDI,Rio Grande do Sul,-29.25454911,-51.52954846
782,https://www.tramontina.com.br/,painel pinus,FOUND,Itens encontrados.,['painel pinus'],Painel Tramontina Modulare em Madeira Pinus com Acabamento Mel 1200x200x18 mm,1200x200x18 mm,"R$ 36,05",https://www.tramontina.com.br/painel-tramontina-modulare-em-madeira-pinus-com-acabamento-mel-1200x200x18-mm/91131122.html,1200.0,200.0,18.0,36.05,BRL,1.0,0.00432,8344.907407407407,Tramontina Garibaldi Sa Industria Metalurgica,GARIBALDI,GARIBALDI,Rio Grande do Sul,-29.25454911,-51.52954846
783,https://www.tramontina.com.br/,painel pinus,FOUND,Itens encontrados.,['painel pinus'],Painel Tramontina Modulare em Madeira Pinus com Acabamento Mel 1200x200x18 mm,1200x200x18 mm,"R$ 36,05",https://www.tramontina.com.br/painel-tramontina-modulare-em-madeira-pinus-com-acabamento-mel-1200x200x18-mm/91131122.html,1200.0,200.0,18.0,36.05,BRL,1.0,0.00432,8344.907407407407,Tramontina Garibaldi Sa Industria Metalurgica,GARIBALDI,GARIBALDI,Rio Grande do Sul,-29.25454911,-51.52954846
784,https://www.tramontina.com.br/,painel pinus,FOUND,Itens encontrados.,['painel pinus'],Painel Tramontina Modulare em Madeira Pinus com Acabamento Mel 1200x200x18 mm,1200x200x18 mm,"R$ 36,05",https://www.tramontina.com.br/painel-tramontina-modulare-em-madeira-pinus-com-acabamento-mel-1200x200x18-mm/91131122.html,1200.0,200.0,18.0,36.05,BRL,1.0,0.00432,8344.907407407407,Tramontina Garibaldi Sa Industria Metalurgica,GARIBALDI,GARIBALDI,Rio Grande do Sul,-29.25454911,-51.52954846
785,https://www.tramontina.com.br/,painel pinus,FOUND,Itens encontrados.,['painel pinus'],Painel Tramontina Modulare em Madeira Pinus com Acabamento Mel 1200x200x18 mm,1200x200x18 mm,"R$ 36,05",https://www.tramontina.com.br/painel-tramontina-modulare-em-madeira-pinus-com-acabamento-mel-1200x200x18-mm/91131122.html,1200.0,200.0,18.0,36.05,BRL,1.0,0.00432,8344.907407407407,Tramontina Garibaldi Sa Industria Metalurgica,GARIBALDI,GARIBALDI,Rio Grande do Sul,-29.25454911,-51.52954846
786,https://www.tramontina.com.br/,painel pinus,FOUND,Itens encontrados.,['painel pinus'],Painel Tramontina Modulare em Madeira Pinus com Acabamento Mel 1200x200x18 mm,1200x200x18 mm,"R$ 36,05",https://www.tramontina.com.br/painel-tramontina-modulare-em-madeira-pinus-com-acabamento-mel-1200x200x18-mm/91131122.html,1200.0,200.0,18.0,36.05,BRL,1.0,0.00432,8344.907407407407,Tramontina Garibaldi Sa Industria Metalurgica,GARIBALDI,GARIBALDI,Rio Grande do Sul,-29.25454911,-51.52954846
787,https://www.tramontina.com.br/,painel pinus,FOUND,Itens encontrados.,['painel pinus'],Painel Tramontina Modulare em Madeira Pinus com Acabamento Mel 1200x200x18 mm,1200x200x18 mm,"R$ 36,05",https://www.tramontina.com.br/painel-tramontina-modulare-em-madeira-pinus-com-acabamento-mel-1200x200x18-mm/91131122.html,1200.0,200.0,18.0,36.05,BRL,1.0,0.00432,8344.907407407407,Tramontina Garibaldi Sa Industria Metalurgica,GARIBALDI,GARIBALDI,Rio Grande do Sul,-29.25454911,-51.52954846
788,https://www.tramontina.com.br/,painel pinus,FOUND,Itens encontrados.,['painel pinus'],Painel Tramontina Modulare em Madeira Pinus com Acabamento Mel 1200x200x18 mm,1200x200x18 mm,"R$ 36,05",https://www.tramontina.com.br/painel-tramontina-modulare-em-madeira-pinus-com-acabamento-mel-1200x200x18-mm/91131122.html,1200.0,200.0,18.0,36.05,BRL,1.0,0.00432,8344.907407407407,Tramontina Garibaldi Sa Industria Metalurgica,GARIBALDI,GARIBALDI,Rio Grande do Sul,-29.25454911,-51.52954846
789,https://www.tramontina.com.br/,painel pinus,FOUND,Itens encontrados.,['painel pinus'],Painel Tramontina Modulare em Madeira Pinus com Acabamento Mel 1200x200x18 mm,1200x200x18 mm,"R$ 36,05",https://www.tramontina.com.br/painel-tramontina-modulare-em-madeira-pinus-com-acabamento-mel-1200x200x18-mm/91131122.html,1200.0,200.0,18.0,36.05,BRL,1.0,0.00432,8344.907407407407,Tramontina Garibaldi Sa Industria Metalurgica,GARIBALDI,GARIBALDI,Rio Grande do Sul,-29.25454911,-51.52954846
790,https://www.tramontina.com.br/,painel pinus,FOUND,Itens encontrados.,['painel pinus'],Painel Tramontina Modulare em Madeira Pinus com Acabamento Branco e Borda 600x200x18 mm,600x200x18 mm,"R$ 18,00",https://www.tramontina.com.br/painel-tramontina-modulare-em-madeira-pinus-com-acabamento-branco-e-borda-600x200x18-mm/91154062.html,600.0,200.0,18.0,18.0,BRL,1.0,0.00216,8333.333333333334,Tramontina Garibaldi Sa Industria Metalurgica,GARIBALDI,GARIBALDI,Rio Grande do Sul,-29.25454911,-51.52954846
791,https://www.tramontina.com.br/,painel pinus,FOUND,Itens encontrados.,['painel pinus'],Painel Tramontina Modulare em Madeira Pinus com Acabamento Branco e Borda 600x200x18 mm,600x200x18 mm,"R$ 18,00",https://www.tramontina.com.br/painel-tramontina-modulare-em-madeira-pinus-com-acabamento-branco-e-borda-600x200x18-mm/91154062.html,600.0,200.0,18.0,18.0,BRL,1.0,0.00216,8333.333333333334,Tramontina Garibaldi Sa Industria Metalurgica,GARIBALDI,GARIBALDI,Rio Grande do Sul,-29.25454911,-51.52954846
792,https://www.tramontina.com.br/,painel pinus,FOUND,Itens encontrados.,['painel pinus'],Painel Tramontina Modulare em Madeira Pinus com Acabamento Branco e Borda 600x200x18 mm,600x200x18 mm,"R$ 18,00",https://www.tramontina.com.br/painel-tramontina-modulare-em-madeira-pinus-com-acabamento-branco-e-borda-600x200x18-mm/91154062.html,600.0,200.0,18.0,18.0,BRL,1.0,0.00216,8333.333333333334,Tramontina Garibaldi Sa Industria Metalurgica,GARIBALDI,GARIBALDI,Rio Grande do Sul,-29.25454911,-51.52954846
793,https://www.tramontina.com.br/,painel pinus,FOUND,Itens encontrados.,['painel pinus'],Painel Tramontina Modulare em Madeira Pinus com Acabamento Branco e Borda 600x200x18 mm,600x200x18 mm,"R$ 18,00",https://www.tramontina.com.br/painel-tramontina-modulare-em-madeira-pinus-com-acabamento-branco-e-borda-600x200x18-mm/91154062.html,600.0,200.0,18.0,18.0,BRL,1.0,0.00216,8333.333333333334,Tramontina Garibaldi Sa Industria Metalurgica,GARIBALDI,GARIBALDI,Rio Grande do Sul,-29.25454911,-51.52954846
794,https://www.tramontina.com.br/,painel pinus,FOUND,Itens encontrados.,['painel pinus'],Painel Tramontina Modulare em Madeira Pinus com Acabamento Branco e Borda 600x200x18 mm,600x200x18 mm,"R$ 18,00",https://www.tramontina.com.br/painel-tramontina-modulare-em-madeira-pinus-com-acabamento-branco-e-borda-600x200x18-mm/91154062.html,600.0,200.0,18.0,18.0,BRL,1.0,0.00216,8333.333333333334,Tramontina Garibaldi Sa Industria Metalurgica,GARIBALDI,GARIBALDI,Rio Grande do Sul,-29.25454911,-51.52954846
795,https://www.tramontina.com.br/,painel pinus,FOUND,Itens encontrados.,['painel pinus'],Painel Tramontina Modulare em Madeira Pinus com Acabamento Branco e Borda 600x200x18 mm,600x200x18 mm,"R$ 18,00",https://www.tramontina.com.br/painel-tramontina-modulare-em-madeira-pinus-com-acabamento-branco-e-borda-600x200x18-mm/91154062.html,600.0,200.0,18.0,18.0,BRL,1.0,0.00216,8333.333333333334,Tramontina Garibaldi Sa Industria Metalurgica,GARIBALDI,GARIBALDI,Rio Grande do Sul,-29.25454911,-51.52954846
796,https://www.tramontina.com.br/,painel pinus,FOUND,Itens encontrados.,['painel pinus'],Painel Tramontina Modulare em Madeira Pinus com Acabamento Branco e Borda 600x200x18 mm,600x200x18 mm,"R$ 18,00",https://www.tramontina.com.br/painel-tramontina-modulare-em-madeira-pinus-com-acabamento-branco-e-borda-600x200x18-mm/91154062.html,600.0,200.0,18.0,18.0,BRL,1.0,0.00216,8333.333333333334,Tramontina Garibaldi Sa Industria Metalurgica,GARIBALDI,GARIBALDI,Rio Grande do Sul,-29.25454911,-51.52954846
797,https://www.tramontina.com.br/,painel pinus,FOUND,Itens encontrados.,['painel pinus'],Painel Tramontina Modulare em Madeira Pinus com Acabamento Branco e Borda 600x200x18 mm,600x200x18 mm,"R$ 18,00",https://www.tramontina.com.br/painel-tramontina-modulare-em-madeira-pinus-com-acabamento-branco-e-borda-600x200x18-mm/91154062.html,600.0,200.0,18.0,18.0,BRL,1.0,0.00216,8333.333333333334,Tramontina Garibaldi Sa Industria Metalurgica,GARIBALDI,GARIBALDI,Rio Grande do Sul,-29.25454911,-51.52954846
798,https://www.tramontina.com.br/,painel pinus,FOUND,Itens encontrados.,['painel pinus'],Painel Tramontina Modulare em Madeira Pinus com Acabamento Branco e Borda 600x200x18 mm,600x200x18 mm,"R$ 18,00",https://www.tramontina.com.br/painel-tramontina-modulare-em-madeira-pinus-com-acabamento-branco-e-borda-600x200x18-mm/91154062.html,600.0,200.0,18.0,18.0,BRL,1.0,0.00216,8333.333333333334,Tramontina Garibaldi Sa Industria Metalurgica,GARIBALDI,GARIBALDI,Rio Grande do Sul,-29.25454911,-51.52954846
799,https://www.tramontina.com.br/,painel pinus,FOUND,Itens encontrados.,['painel pinus'],Painel Tramontina Modulare em Madeira Pinus com Acabamento Branco e Borda 1000x200x18 mm,1000x200x18 mm,"R$ 29,88",https://www.tramontina.com.br/painel-tramontina-modulare-em-madeira-pinus-com-acabamento-branco-e-borda-1000x200x18-mm/91154102.html,1000.0,200.0,18.0,29.88,BRL,1.0,0.0036,8300.0,Tramontina Garibaldi Sa Industria Metalurgica,GARIBALDI,GARIBALDI,Rio Grande do Sul,-29.25454911,-51.52954846
800,https://www.tramontina.com.br/,painel pinus,FOUND,Itens encontrados.,['painel pinus'],Painel Tramontina Modulare em Madeira Pinus com Acabamento Branco e Borda 1000x200x18 mm,1000x200x18 mm,"R$ 29,88",https://www.tramontina.com.br/painel-tramontina-modulare-em-madeira-pinus-com-acabamento-branco-e-borda-1000x200x18-mm/91154102.html,1000.0,200.0,18.0,29.88,BRL,1.0,0.0036,8300.0,Tramontina Garibaldi Sa Industria Metalurgica,GARIBALDI,GARIBALDI,Rio Grande do Sul,-29.25454911,-51.52954846
801,https://www.tramontina.com.br/,painel pinus,FOUND,Itens encontrados.,['painel pinus'],Painel Tramontina Modulare em Madeira Pinus com Acabamento Branco e Borda 1000x200x18 mm,1000x200x18 mm,"R$ 29,88",https://www.tramontina.com.br/painel-tramontina-modulare-em-madeira-pinus-com-acabamento-branco-e-borda-1000x200x18-mm/91154102.html,1000.0,200.0,18.0,29.88,BRL,1.0,0.0036,8300.0,Tramontina Garibaldi Sa Industria Metalurgica,GARIBALDI,GARIBALDI,Rio Grande do Sul,-29.25454911,-51.52954846
802,https://www.tramontina.com.br/,painel pinus,FOUND,Itens encontrados.,['painel pinus'],Painel Tramontina Modulare em Madeira Pinus com Acabamento Branco e Borda 1000x200x18 mm,1000x200x18 mm,"R$ 29,88",https://www.tramontina.com.br/painel-tramontina-modulare-em-madeira-pinus-com-acabamento-branco-e-borda-1000x200x18-mm/91154102.html,1000.0,200.0,18.0,29.88,BRL,1.0,0.0036,8300.0,Tramontina Garibaldi Sa Industria Metalurgica,GARIBALDI,GARIBALDI,Rio Grande do Sul,-29.25454911,-51.52954846
803,https://www.tramontina.com.br/,painel pinus,FOUND,Itens encontrados.,['painel pinus'],Painel Tramontina Modulare em Madeira Pinus com Acabamento Branco e Borda 1000x200x18 mm,1000x200x18 mm,"R$ 29,88",https://www.tramontina.com.br/painel-tramontina-modulare-em-madeira-pinus-com-acabamento-branco-e-borda-1000x200x18-mm/91154102.html,1000.0,200.0,18.0,29.88,BRL,1.0,0.0036,8300.0,Tramontina Garibaldi Sa Industria Metalurgica,GARIBALDI,GARIBALDI,Rio Grande do Sul,-29.25454911,-51.52954846
804,https://www.tramontina.com.br/,painel pinus,FOUND,Itens encontrados.,['painel pinus'],Painel Tramontina Modulare em Madeira Pinus com Acabamento Branco e Borda 1000x200x18 mm,1000x200x18 mm,"R$ 29,88",https://www.tramontina.com.br/painel-tramontina-modulare-em-madeira-pinus-com-acabamento-branco-e-borda-1000x200x18-mm/91154102.html,1000.0,200.0,18.0,29.88,BRL,1.0,0.0036,8300.0,Tramontina Garibaldi Sa Industria Metalurgica,GARIBALDI,GARIBALDI,Rio Grande do Sul,-29.25454911,-51.52954846
805,https://www.tramontina.com.br/,painel pinus,FOUND,Itens encontrados.,['painel pinus'],Painel Tramontina Modulare em Madeira Pinus com Acabamento Branco e Borda 1000x200x18 mm,1000x200x18 mm,"R$ 29,88",https://www.tramontina.com.br/painel-tramontina-modulare-em-madeira-pinus-com-acabamento-branco-e-borda-1000x200x18-mm/91154102.html,1000.0,200.0,18.0,29.88,BRL,1.0,0.0036,8300.0,Tramontina Garibaldi Sa Industria Metalurgica,GARIBALDI,GARIBALDI,Rio Grande do Sul,-29.25454911,-51.52954846
806,https://www.tramontina.com.br/,painel pinus,FOUND,Itens encontrados.,['painel pinus'],Painel Tramontina Modulare em Madeira Pinus com Acabamento Branco e Borda 1000x200x18 mm,1000x200x18 mm,"R$ 29,88",https://www.tramontina.com.br/painel-tramontina-modulare-em-madeira-pinus-com-acabamento-branco-e-borda-1000x200x18-mm/91154102.html,1000.0,200.0,18.0,29.88,BRL,1.0,0.0036,8300.0,Tramontina Garibaldi Sa Industria Metalurgica,GARIBALDI,GARIBALDI,Rio Grande do Sul,-29.25454911,-51.52954846
807,https://www.tramontina.com.br/,painel pinus,FOUND,Itens encontrados.,['painel pinus'],Painel Tramontina Modulare em Madeira Pinus com Acabamento Branco e Borda 1000x200x18 mm,1000x200x18 mm,"R$ 29,88",https://www.tramontina.com.br/painel-tramontina-modulare-em-madeira-pinus-com-acabamento-branco-e-borda-1000x200x18-mm/91154102.html,1000.0,200.0,18.0,29.88,BRL,1.0,0.0036,8300.0,Tramontina Garibaldi Sa Industria Metalurgica,GARIBALDI,GARIBALDI,Rio Grande do Sul,-29.25454911,-51.52954846
808,https://www.tramontina.com.br/,painel pinus,FOUND,Itens encontrados.,['painel pinus'],Painel Tramontina Modulare em Madeira Pinus com Acabamento Branco e Borda 800x200x18 mm,800x200x18 mm,"R$ 24,18",https://www.tramontina.com.br/painel-tramontina-modulare-em-madeira-pinus-com-acabamento-branco-e-borda-800x200x18-mm/91154082.html,800.0,200.0,18.0,24.18,BRL,1.0,0.00288,8395.833333333332,Tramontina Garibaldi Sa Industria Metalurgica,GARIBALDI,GARIBALDI,Rio Grande do Sul,-29.25454911,-51.52954846
809,https://www.tramontina.com.br/,painel pinus,FOUND,Itens encontrados.,['painel pinus'],Painel Tramontina Modulare em Madeira Pinus com Acabamento Branco e Borda 800x200x18 mm,800x200x18 mm,"R$ 24,18",https://www.tramontina.com.br/painel-tramontina-modulare-em-madeira-pinus-com-acabamento-branco-e-borda-800x200x18-mm/91154082.html,800.0,200.0,18.0,24.18,BRL,1.0,0.00288,8395.833333333332,Tramontina Garibaldi Sa Industria Metalurgica,GARIBALDI,GARIBALDI,Rio Grande do Sul,-29.25454911,-51.52954846
810,https://www.tramontina.com.br/,painel pinus,FOUND,Itens encontrados.,['painel pinus'],Painel Tramontina Modulare em Madeira Pinus com Acabamento Branco e Borda 800x200x18 mm,800x200x18 mm,"R$ 24,18",https://www.tramontina.com.br/painel-tramontina-modulare-em-madeira-pinus-com-acabamento-branco-e-borda-800x200x18-mm/91154082.html,800.0,200.0,18.0,24.18,BRL,1.0,0.00288,8395.833333333332,Tramontina Garibaldi Sa Industria Metalurgica,GARIBALDI,GARIBALDI,Rio Grande do Sul,-29.25454911,-51.52954846
811,https://www.tramontina.com.br/,painel pinus,FOUND,Itens encontrados.,['painel pinus'],Painel Tramontina Modulare em Madeira Pinus com Acabamento Branco e Borda 800x200x18 mm,800x200x18 mm,"R$ 24,18",https://www.tramontina.com.br/painel-tramontina-modulare-em-madeira-pinus-com-acabamento-branco-e-borda-800x200x18-mm/91154082.html,800.0,200.0,18.0,24.18,BRL,1.0,0.00288,8395.833333333332,Tramontina Garibaldi Sa Industria Metalurgica,GARIBALDI,GARIBALDI,Rio Grande do Sul,-29.25454911,-51.52954846
812,https://www.tramontina.com.br/,painel pinus,FOUND,Itens encontrados.,['painel pinus'],Painel Tramontina Modulare em Madeira Pinus com Acabamento Branco e Borda 800x200x18 mm,800x200x18 mm,"R$ 24,18",https://www.tramontina.com.br/painel-tramontina-modulare-em-madeira-pinus-com-acabamento-branco-e-borda-800x200x18-mm/91154082.html,800.0,200.0,18.0,24.18,BRL,1.0,0.00288,8395.833333333332,Tramontina Garibaldi Sa Industria Metalurgica,GARIBALDI,GARIBALDI,Rio Grande do Sul,-29.25454911,-51.52954846
813,https://www.tramontina.com.br/,painel pinus,FOUND,Itens encontrados.,['painel pinus'],Painel Tramontina Modulare em Madeira Pinus com Acabamento Branco e Borda 800x200x18 mm,800x200x18 mm,"R$ 24,18",https://www.tramontina.com.br/painel-tramontina-modulare-em-madeira-pinus-com-acabamento-branco-e-borda-800x200x18-mm/91154082.html,800.0,200.0,18.0,24.18,BRL,1.0,0.00288,8395.833333333332,Tramontina Garibaldi Sa Industria Metalurgica,GARIBALDI,GARIBALDI,Rio Grande do Sul,-29.25454911,-51.52954846
814,https://www.tramontina.com.br/,painel pinus,FOUND,Itens encontrados.,['painel pinus'],Painel Tramontina Modulare em Madeira Pinus com Acabamento Branco e Borda 800x200x18 mm,800x200x18 mm,"R$ 24,18",https://www.tramontina.com.br/painel-tramontina-modulare-em-madeira-pinus-com-acabamento-branco-e-borda-800x200x18-mm/91154082.html,800.0,200.0,18.0,24.18,BRL,1.0,0.00288,8395.833333333332,Tramontina Garibaldi Sa Industria Metalurgica,GARIBALDI,GARIBALDI,Rio Grande do Sul,-29.25454911,-51.52954846
815,https://www.tramontina.com.br/,painel pinus,FOUND,Itens encontrados.,['painel pinus'],Painel Tramontina Modulare em Madeira Pinus com Acabamento Branco e Borda 800x200x18 mm,800x200x18 mm,"R$ 24,18",https://www.tramontina.com.br/painel-tramontina-modulare-em-madeira-pinus-com-acabamento-branco-e-borda-800x200x18-mm/91154082.html,800.0,200.0,18.0,24.18,BRL,1.0,0.00288,8395.833333333332,Tramontina Garibaldi Sa Industria Metalurgica,GARIBALDI,GARIBALDI,Rio Grande do Sul,-29.25454911,-51.52954846
816,https://www.tramontina.com.br/,painel pinus,FOUND,Itens encontrados.,['painel pinus'],Painel Tramontina Modulare em Madeira Pinus com Acabamento Branco e Borda 800x200x18 mm,800x200x18 mm,"R$ 24,18",https://www.tramontina.com.br/painel-tramontina-modulare-em-madeira-pinus-com-acabamento-branco-e-borda-800x200x18-mm/91154082.html,800.0,200.0,18.0,24.18,BRL,1.0,0.00288,8395.833333333332,Tramontina Garibaldi Sa Industria Metalurgica,GARIBALDI,GARIBALDI,Rio Grande do Sul,-29.25454911,-51.52954846
817,https://www.tramontina.com.br/,painel pinus,FOUND,Itens encontrados.,['painel pinus'],Painel Tramontina Modulare em Madeira Pinus com Acabamento Branco 800x200x18 mm,800x200x18 mm,"R$ 24,18",https://www.tramontina.com.br/painel-tramontina-modulare-em-madeira-pinus-com-acabamento-branco-800x200x18-mm/91133082.html,800.0,200.0,18.0,24.18,BRL,1.0,0.00288,8395.833333333332,Tramontina Garibaldi Sa Industria Metalurgica,GARIBALDI,GARIBALDI,Rio Grande do Sul,-29.25454911,-51.52954846
818,https://www.tramontina.com.br/,painel pinus,FOUND,Itens encontrados.,['painel pinus'],Painel Tramontina Modulare em Madeira Pinus com Acabamento Branco 800x200x18 mm,800x200x18 mm,"R$ 24,18",https://www.tramontina.com.br/painel-tramontina-modulare-em-madeira-pinus-com-acabamento-branco-800x200x18-mm/91133082.html,800.0,200.0,18.0,24.18,BRL,1.0,0.00288,8395.833333333332,Tramontina Garibaldi Sa Industria Metalurgica,GARIBALDI,GARIBALDI,Rio Grande do Sul,-29.25454911,-51.52954846
819,https://www.tramontina.com.br/,painel pinus,FOUND,Itens encontrados.,['painel pinus'],Painel Tramontina Modulare em Madeira Pinus com Acabamento Branco 800x200x18 mm,800x200x18 mm,"R$ 24,18",https://www.tramontina.com.br/painel-tramontina-modulare-em-madeira-pinus-com-acabamento-branco-800x200x18-mm/91133082.html,800.0,200.0,18.0,24.18,BRL,1.0,0.00288,8395.833333333332,Tramontina Garibaldi Sa Industria Metalurgica,GARIBALDI,GARIBALDI,Rio Grande do Sul,-29.25454911,-51.52954846
820,https://www.tramontina.com.br/,painel pinus,FOUND,Itens encontrados.,['painel pinus'],Painel Tramontina Modulare em Madeira Pinus com Acabamento Branco 800x200x18 mm,800x200x18 mm,"R$ 24,18",https://www.tramontina.com.br/painel-tramontina-modulare-em-madeira-pinus-com-acabamento-branco-800x200x18-mm/91133082.html,800.0,200.0,18.0,24.18,BRL,1.0,0.00288,8395.833333333332,Tramontina Garibaldi Sa Industria Metalurgica,GARIBALDI,GARIBALDI,Rio Grande do Sul,-29.25454911,-51.52954846
821,https://www.tramontina.com.br/,painel pinus,FOUND,Itens encontrados.,['painel pinus'],Painel Tramontina Modulare em Madeira Pinus com Acabamento Branco 800x200x18 mm,800x200x18 mm,"R$ 24,18",https://www.tramontina.com.br/painel-tramontina-modulare-em-madeira-pinus-com-acabamento-branco-800x200x18-mm/91133082.html,800.0,200.0,18.0,24.18,BRL,1.0,0.00288,8395.833333333332,Tramontina Garibaldi Sa Industria Metalurgica,GARIBALDI,GARIBALDI,Rio Grande do Sul,-29.25454911,-51.52954846
822,https://www.tramontina.com.br/,painel pinus,FOUND,Itens encontrados.,['painel pinus'],Painel Tramontina Modulare em Madeira Pinus com Acabamento Branco 800x200x18 mm,800x200x18 mm,"R$ 24,18",https://www.tramontina.com.br/painel-tramontina-modulare-em-madeira-pinus-com-acabamento-branco-800x200x18-mm/91133082.html,800.0,200.0,18.0,24.18,BRL,1.0,0.00288,8395.833333333332,Tramontina Garibaldi Sa Industria Metalurgica,GARIBALDI,GARIBALDI,Rio Grande do Sul,-29.25454911,-51.52954846
823,https://www.tramontina.com.br/,painel pinus,FOUND,Itens encontrados.,['painel pinus'],Painel Tramontina Modulare em Madeira Pinus com Acabamento Branco 800x200x18 mm,800x200x18 mm,"R$ 24,18",https://www.tramontina.com.br/painel-tramontina-modulare-em-madeira-pinus-com-acabamento-branco-800x200x18-mm/91133082.html,800.0,200.0,18.0,24.18,BRL,1.0,0.00288,8395.833333333332,Tramontina Garibaldi Sa Industria Metalurgica,GARIBALDI,GARIBALDI,Rio Grande do Sul,-29.25454911,-51.52954846
824,https://www.tramontina.com.br/,painel pinus,FOUND,Itens encontrados.,['painel pinus'],Painel Tramontina Modulare em Madeira Pinus com Acabamento Branco 800x200x18 mm,800x200x18 mm,"R$ 24,18",https://www.tramontina.com.br/painel-tramontina-modulare-em-madeira-pinus-com-acabamento-branco-800x200x18-mm/91133082.html,800.0,200.0,18.0,24.18,BRL,1.0,0.00288,8395.833333333332,Tramontina Garibaldi Sa Industria Metalurgica,GARIBALDI,GARIBALDI,Rio Grande do Sul,-29.25454911,-51.52954846
825,https://www.tramontina.com.br/,painel pinus,FOUND,Itens encontrados.,['painel pinus'],Painel Tramontina Modulare em Madeira Pinus com Acabamento Branco 800x200x18 mm,800x200x18 mm,"R$ 24,18",https://www.tramontina.com.br/painel-tramontina-modulare-em-madeira-pinus-com-acabamento-branco-800x200x18-mm/91133082.html,800.0,200.0,18.0,24.18,BRL,1.0,0.00288,8395.833333333332,Tramontina Garibaldi Sa Industria Metalurgica,GARIBALDI,GARIBALDI,Rio Grande do Sul,-29.25454911,-51.52954846
826,https://www.tramontina.com.br/,painel pinus,FOUND,Itens encontrados.,['painel pinus'],Painel Tramontina Modulare em Madeira Pinus com Acabamento Castanho Escuro 1000x200x18 mm,1000x200x18 mm,"R$ 29,88",https://www.tramontina.com.br/painel-tramontina-modulare-em-madeira-pinus-com-acabamento-castanho-escuro-1000x200x18-mm/91136102.html,1000.0,200.0,18.0,29.88,BRL,1.0,0.0036,8300.0,Tramontina Garibaldi Sa Industria Metalurgica,GARIBALDI,GARIBALDI,Rio Grande do Sul,-29.25454911,-51.52954846
827,https://www.tramontina.com.br/,painel pinus,FOUND,Itens encontrados.,['painel pinus'],Painel Tramontina Modulare em Madeira Pinus com Acabamento Castanho Escuro 1000x200x18 mm,1000x200x18 mm,"R$ 29,88",https://www.tramontina.com.br/painel-tramontina-modulare-em-madeira-pinus-com-acabamento-castanho-escuro-1000x200x18-mm/91136102.html,1000.0,200.0,18.0,29.88,BRL,1.0,0.0036,8300.0,Tramontina Garibaldi Sa Industria Metalurgica,GARIBALDI,GARIBALDI,Rio Grande do Sul,-29.25454911,-51.52954846
828,https://www.tramontina.com.br/,painel pinus,FOUND,Itens encontrados.,['painel pinus'],Painel Tramontina Modulare em Madeira Pinus com Acabamento Castanho Escuro 1000x200x18 mm,1000x200x18 mm,"R$ 29,88",https://www.tramontina.com.br/painel-tramontina-modulare-em-madeira-pinus-com-acabamento-castanho-escuro-1000x200x18-mm/91136102.html,1000.0,200.0,18.0,29.88,BRL,1.0,0.0036,8300.0,Tramontina Garibaldi Sa Industria Metalurgica,GARIBALDI,GARIBALDI,Rio Grande do Sul,-29.25454911,-51.52954846
829,https://www.tramontina.com.br/,painel pinus,FOUND,Itens encontrados.,['painel pinus'],Painel Tramontina Modulare em Madeira Pinus com Acabamento Castanho Escuro 1000x200x18 mm,1000x200x18 mm,"R$ 29,88",https://www.tramontina.com.br/painel-tramontina-modulare-em-madeira-pinus-com-acabamento-castanho-escuro-1000x200x18-mm/91136102.html,1000.0,200.0,18.0,29.88,BRL,1.0,0.0036,8300.0,Tramontina Garibaldi Sa Industria Metalurgica,GARIBALDI,GARIBALDI,Rio Grande do Sul,-29.25454911,-51.52954846
830,https://www.tramontina.com.br/,painel pinus,FOUND,Itens encontrados.,['painel pinus'],Painel Tramontina Modulare em Madeira Pinus com Acabamento Castanho Escuro 1000x200x18 mm,1000x200x18 mm,"R$ 29,88",https://www.tramontina.com.br/painel-tramontina-modulare-em-madeira-pinus-com-acabamento-castanho-escuro-1000x200x18-mm/91136102.html,1000.0,200.0,18.0,29.88,BRL,1.0,0.0036,8300.0,Tramontina Garibaldi Sa Industria Metalurgica,GARIBALDI,GARIBALDI,Rio Grande do Sul,-29.25454911,-51.52954846
831,https://www.tramontina.com.br/,painel pinus,FOUND,Itens encontrados.,['painel pinus'],Painel Tramontina Modulare em Madeira Pinus com Acabamento Castanho Escuro 1000x200x18 mm,1000x200x18 mm,"R$ 29,88",https://www.tramontina.com.br/painel-tramontina-modulare-em-madeira-pinus-com-acabamento-castanho-escuro-1000x200x18-mm/91136102.html,1000.0,200.0,18.0,29.88,BRL,1.0,0.0036,8300.0,Tramontina Garibaldi Sa Industria Metalurgica,GARIBALDI,GARIBALDI,Rio Grande do Sul,-29.25454911,-51.52954846
832,https://www.tramontina.com.br/,painel pinus,FOUND,Itens encontrados.,['painel pinus'],Painel Tramontina Modulare em Madeira Pinus com Acabamento Castanho Escuro 1000x200x18 mm,1000x200x18 mm,"R$ 29,88",https://www.tramontina.com.br/painel-tramontina-modulare-em-madeira-pinus-com-acabamento-castanho-escuro-1000x200x18-mm/91136102.html,1000.0,200.0,18.0,29.88,BRL,1.0,0.0036,8300.0,Tramontina Garibaldi Sa Industria Metalurgica,GARIBALDI,GARIBALDI,Rio Grande do Sul,-29.25454911,-51.52954846
833,https://www.tramontina.com.br/,painel pinus,FOUND,Itens encontrados.,['painel pinus'],Painel Tramontina Modulare em Madeira Pinus com Acabamento Castanho Escuro 1000x200x18 mm,1000x200x18 mm,"R$ 29,88",https://www.tramontina.com.br/painel-tramontina-modulare-em-madeira-pinus-com-acabamento-castanho-escuro-1000x200x18-mm/91136102.html,1000.0,200.0,18.0,29.88,BRL,1.0,0.0036,8300.0,Tramontina Garibaldi Sa Industria Metalurgica,GARIBALDI,GARIBALDI,Rio Grande do Sul,-29.25454911,-51.52954846
834,https://www.tramontina.com.br/,painel pinus,FOUND,Itens encontrados.,['painel pinus'],Painel Tramontina Modulare em Madeira Pinus com Acabamento Castanho Escuro 1000x200x18 mm,1000x200x18 mm,"R$ 29,88",https://www.tramontina.com.br/painel-tramontina-modulare-em-madeira-pinus-com-acabamento-castanho-escuro-1000x200x18-mm/91136102.html,1000.0,200.0,18.0,29.88,BRL,1.0,0.0036,8300.0,Tramontina Garibaldi Sa Industria Metalurgica,GARIBALDI,GARIBALDI,Rio Grande do Sul,-29.25454911,-51.52954846
835,https://www.tramontina.com.br/,painel pinus,FOUND,Itens encontrados.,['painel pinus'],Painel Tramontina Modulare em Madeira Pinus com Acabamento Mel 800x300x18 mm,800x300x18 mm,"R$ 36,05",https://www.tramontina.com.br/painel-tramontina-modulare-em-madeira-pinus-com-acabamento-mel-800x300x18-mm/91131083.html,800.0,300.0,18.0,36.05,BRL,1.0,0.00432,8344.907407407407,Tramontina Garibaldi Sa Industria Metalurgica,GARIBALDI,GARIBALDI,Rio Grande do Sul,-29.25454911,-51.52954846
836,https://www.tramontina.com.br/,painel pinus,FOUND,Itens encontrados.,['painel pinus'],Painel Tramontina Modulare em Madeira Pinus com Acabamento Mel 800x300x18 mm,800x300x18 mm,"R$ 36,05",https://www.tramontina.com.br/painel-tramontina-modulare-em-madeira-pinus-com-acabamento-mel-800x300x18-mm/91131083.html,800.0,300.0,18.0,36.05,BRL,1.0,0.00432,8344.907407407407,Tramontina Garibaldi Sa Industria Metalurgica,GARIBALDI,GARIBALDI,Rio Grande do Sul,-29.25454911,-51.52954846
837,https://www.tramontina.com.br/,painel pinus,FOUND,Itens encontrados.,['painel pinus'],Painel Tramontina Modulare em Madeira Pinus com Acabamento Mel 800x300x18 mm,800x300x18 mm,"R$ 36,05",https://www.tramontina.com.br/painel-tramontina-modulare-em-madeira-pinus-com-acabamento-mel-800x300x18-mm/91131083.html,800.0,300.0,18.0,36.05,BRL,1.0,0.00432,8344.907407407407,Tramontina Garibaldi Sa Industria Metalurgica,GARIBALDI,GARIBALDI,Rio Grande do Sul,-29.25454911,-51.52954846
838,https://www.tramontina.com.br/,painel pinus,FOUND,Itens encontrados.,['painel pinus'],Painel Tramontina Modulare em Madeira Pinus com Acabamento Mel 800x300x18 mm,800x300x18 mm,"R$ 36,05",https://www.tramontina.com.br/painel-tramontina-modulare-em-madeira-pinus-com-acabamento-mel-800x300x18-mm/91131083.html,800.0,300.0,18.0,36.05,BRL,1.0,0.00432,8344.907407407407,Tramontina Garibaldi Sa Industria Metalurgica,GARIBALDI,GARIBALDI,Rio Grande do Sul,-29.25454911,-51.52954846
839,https://www.tramontina.com.br/,painel pinus,FOUND,Itens encontrados.,['painel pinus'],Painel Tramontina Modulare em Madeira Pinus com Acabamento Mel 800x300x18 mm,800x300x18 mm,"R$ 36,05",https://www.tramontina.com.br/painel-tramontina-modulare-em-madeira-pinus-com-acabamento-mel-800x300x18-mm/91131083.html,800.0,300.0,18.0,36.05,BRL,1.0,0.00432,8344.907407407407,Tramontina Garibaldi Sa Industria Metalurgica,GARIBALDI,GARIBALDI,Rio Grande do Sul,-29.25454911,-51.52954846
840,https://www.tramontina.com.br/,painel pinus,FOUND,Itens encontrados.,['painel pinus'],Painel Tramontina Modulare em Madeira Pinus com Acabamento Mel 800x300x18 mm,800x300x18 mm,"R$ 36,05",https://www.tramontina.com.br/painel-tramontina-modulare-em-madeira-pinus-com-acabamento-mel-800x300x18-mm/91131083.html,800.0,300.0,18.0,36.05,BRL,1.0,0.00432,8344.907407407407,Tramontina Garibaldi Sa Industria Metalurgica,GARIBALDI,GARIBALDI,Rio Grande do Sul,-29.25454911,-51.52954846
841,https://www.tramontina.com.br/,painel pinus,FOUND,Itens encontrados.,['painel pinus'],Painel Tramontina Modulare em Madeira Pinus com Acabamento Mel 800x300x18 mm,800x300x18 mm,"R$ 36,05",https://www.tramontina.com.br/painel-tramontina-modulare-em-madeira-pinus-com-acabamento-mel-800x300x18-mm/91131083.html,800.0,300.0,18.0,36.05,BRL,1.0,0.00432,8344.907407407407,Tramontina Garibaldi Sa Industria Metalurgica,GARIBALDI,GARIBALDI,Rio Grande do Sul,-29.25454911,-51.52954846
842,https://www.tramontina.com.br/,painel pinus,FOUND,Itens encontrados.,['painel pinus'],Painel Tramontina Modulare em Madeira Pinus com Acabamento Mel 800x300x18 mm,800x300x18 mm,"R$ 36,05",https://www.tramontina.com.br/painel-tramontina-modulare-em-madeira-pinus-com-acabamento-mel-800x300x18-mm/91131083.html,800.0,300.0,18.0,36.05,BRL,1.0,0.00432,8344.907407407407,Tramontina Garibaldi Sa Industria Metalurgica,GARIBALDI,GARIBALDI,Rio Grande do Sul,-29.25454911,-51.52954846
843,https://www.tramontina.com.br/,painel pinus,FOUND,Itens encontrados.,['painel pinus'],Painel Tramontina Modulare em Madeira Pinus com Acabamento Mel 800x300x18 mm,800x300x18 mm,"R$ 36,05",https://www.tramontina.com.br/painel-tramontina-modulare-em-madeira-pinus-com-acabamento-mel-800x300x18-mm/91131083.html,800.0,300.0,18.0,36.05,BRL,1.0,0.00432,8344.907407407407,Tramontina Garibaldi Sa Industria Metalurgica,GARIBALDI,GARIBALDI,Rio Grande do Sul,-29.25454911,-51.52954846
844,https://www.tramontina.com.br/,painel pinus,FOUND,Itens encontrados.,['painel pinus'],Painel Tramontina Modulare em Madeira Pinus com Acabamento Castanho Escuro 800x200x18 mm,800x200x18 mm,"R$ 24,18",https://www.tramontina.com.br/painel-tramontina-modulare-em-madeira-pinus-com-acabamento-castanho-escuro-800x200x18-mm/91136082.html,800.0,200.0,18.0,24.18,BRL,1.0,0.00288,8395.833333333332,Tramontina Garibaldi Sa Industria Metalurgica,GARIBALDI,GARIBALDI,Rio Grande do Sul,-29.25454911,-51.52954846
845,https://www.tramontina.com.br/,painel pinus,FOUND,Itens encontrados.,['painel pinus'],Painel Tramontina Modulare em Madeira Pinus com Acabamento Castanho Escuro 800x200x18 mm,800x200x18 mm,"R$ 24,18",https://www.tramontina.com.br/painel-tramontina-modulare-em-madeira-pinus-com-acabamento-castanho-escuro-800x200x18-mm/91136082.html,800.0,200.0,18.0,24.18,BRL,1.0,0.00288,8395.833333333332,Tramontina Garibaldi Sa Industria Metalurgica,GARIBALDI,GARIBALDI,Rio Grande do Sul,-29.25454911,-51.52954846
846,https://www.tramontina.com.br/,painel pinus,FOUND,Itens encontrados.,['painel pinus'],Painel Tramontina Modulare em Madeira Pinus com Acabamento Castanho Escuro 800x200x18 mm,800x200x18 mm,"R$ 24,18",https://www.tramontina.com.br/painel-tramontina-modulare-em-madeira-pinus-com-acabamento-castanho-escuro-800x200x18-mm/91136082.html,800.0,200.0,18.0,24.18,BRL,1.0,0.00288,8395.833333333332,Tramontina Garibaldi Sa Industria Metalurgica,GARIBALDI,GARIBALDI,Rio Grande do Sul,-29.25454911,-51.52954846
847,https://www.tramontina.com.br/,painel pinus,FOUND,Itens encontrados.,['painel pinus'],Painel Tramontina Modulare em Madeira Pinus com Acabamento Castanho Escuro 800x200x18 mm,800x200x18 mm,"R$ 24,18",https://www.tramontina.com.br/painel-tramontina-modulare-em-madeira-pinus-com-acabamento-castanho-escuro-800x200x18-mm/91136082.html,800.0,200.0,18.0,24.18,BRL,1.0,0.00288,8395.833333333332,Tramontina Garibaldi Sa Industria Metalurgica,GARIBALDI,GARIBALDI,Rio Grande do Sul,-29.25454911,-51.52954846
848,https://www.tramontina.com.br/,painel pinus,FOUND,Itens encontrados.,['painel pinus'],Painel Tramontina Modulare em Madeira Pinus com Acabamento Castanho Escuro 800x200x18 mm,800x200x18 mm,"R$ 24,18",https://www.tramontina.com.br/painel-tramontina-modulare-em-madeira-pinus-com-acabamento-castanho-escuro-800x200x18-mm/91136082.html,800.0,200.0,18.0,24.18,BRL,1.0,0.00288,8395.833333333332,Tramontina Garibaldi Sa Industria Metalurgica,GARIBALDI,GARIBALDI,Rio Grande do Sul,-29.25454911,-51.52954846
849,https://www.tramontina.com.br/,painel pinus,FOUND,Itens encontrados.,['painel pinus'],Painel Tramontina Modulare em Madeira Pinus com Acabamento Castanho Escuro 800x200x18 mm,800x200x18 mm,"R$ 24,18",https://www.tramontina.com.br/painel-tramontina-modulare-em-madeira-pinus-com-acabamento-castanho-escuro-800x200x18-mm/91136082.html,800.0,200.0,18.0,24.18,BRL,1.0,0.00288,8395.833333333332,Tramontina Garibaldi Sa Industria Metalurgica,GARIBALDI,GARIBALDI,Rio Grande do Sul,-29.25454911,-51.52954846
850,https://www.tramontina.com.br/,painel pinus,FOUND,Itens encontrados.,['painel pinus'],Painel Tramontina Modulare em Madeira Pinus com Acabamento Castanho Escuro 800x200x18 mm,800x200x18 mm,"R$ 24,18",https://www.tramontina.com.br/painel-tramontina-modulare-em-madeira-pinus-com-acabamento-castanho-escuro-800x200x18-mm/91136082.html,800.0,200.0,18.0,24.18,BRL,1.0,0.00288,8395.833333333332,Tramontina Garibaldi Sa Industria Metalurgica,GARIBALDI,GARIBALDI,Rio Grande do Sul,-29.25454911,-51.52954846
851,https://www.tramontina.com.br/,painel pinus,FOUND,Itens encontrados.,['painel pinus'],Painel Tramontina Modulare em Madeira Pinus com Acabamento Castanho Escuro 800x200x18 mm,800x200x18 mm,"R$ 24,18",https://www.tramontina.com.br/painel-tramontina-modulare-em-madeira-pinus-com-acabamento-castanho-escuro-800x200x18-mm/91136082.html,800.0,200.0,18.0,24.18,BRL,1.0,0.00288,8395.833333333332,Tramontina Garibaldi Sa Industria Metalurgica,GARIBALDI,GARIBALDI,Rio Grande do Sul,-29.25454911,-51.52954846
852,https://www.tramontina.com.br/,painel pinus,FOUND,Itens encontrados.,['painel pinus'],Painel Tramontina Modulare em Madeira Pinus com Acabamento Castanho Escuro 800x200x18 mm,800x200x18 mm,"R$ 24,18",https://www.tramontina.com.br/painel-tramontina-modulare-em-madeira-pinus-com-acabamento-castanho-escuro-800x200x18-mm/91136082.html,800.0,200.0,18.0,24.18,BRL,1.0,0.00288,8395.833333333332,Tramontina Garibaldi Sa Industria Metalurgica,GARIBALDI,GARIBALDI,Rio Grande do Sul,-29.25454911,-51.52954846
853,https://www.tramontina.com.br/,painel pinus,FOUND,Itens encontrados.,['painel pinus'],Painel Tramontina Modulare em Madeira Pinus com Acabamento Natural CC 1200x800x25 mm,1200x800x25 mm,"R$ 65,50",https://www.tramontina.com.br/painel-tramontina-modulare-em-madeira-pinus-com-acabamento-natural-cc-1200x800x25-mm/91155128.html,1200.0,800.0,25.0,65.5,BRL,1.0,0.024,2729.1666666666665,Tramontina Garibaldi Sa Industria Metalurgica,GARIBALDI,GARIBALDI,Rio Grande do Sul,-29.25454911,-51.52954846
854,https://www.tramontina.com.br/,painel pinus,FOUND,Itens encontrados.,['painel pinus'],Painel Tramontina Modulare em Madeira Pinus com Acabamento Natural CC 1200x800x25 mm,1200x800x25 mm,"R$ 65,50",https://www.tramontina.com.br/painel-tramontina-modulare-em-madeira-pinus-com-acabamento-natural-cc-1200x800x25-mm/91155128.html,1200.0,800.0,25.0,65.5,BRL,1.0,0.024,2729.1666666666665,Tramontina Garibaldi Sa Industria Metalurgica,GARIBALDI,GARIBALDI,Rio Grande do Sul,-29.25454911,-51.52954846
855,https://www.tramontina.com.br/,painel pinus,FOUND,Itens encontrados.,['painel pinus'],Painel Tramontina Modulare em Madeira Pinus com Acabamento Natural CC 1200x800x25 mm,1200x800x25 mm,"R$ 65,50",https://www.tramontina.com.br/painel-tramontina-modulare-em-madeira-pinus-com-acabamento-natural-cc-1200x800x25-mm/91155128.html,1200.0,800.0,25.0,65.5,BRL,1.0,0.024,2729.1666666666665,Tramontina Garibaldi Sa Industria Metalurgica,GARIBALDI,GARIBALDI,Rio Grande do Sul,-29.25454911,-51.52954846
856,https://www.tramontina.com.br/,painel pinus,FOUND,Itens encontrados.,['painel pinus'],Painel Tramontina Modulare em Madeira Pinus com Acabamento Natural CC 1200x800x25 mm,1200x800x25 mm,"R$ 65,50",https://www.tramontina.com.br/painel-tramontina-modulare-em-madeira-pinus-com-acabamento-natural-cc-1200x800x25-mm/91155128.html,1200.0,800.0,25.0,65.5,BRL,1.0,0.024,2729.1666666666665,Tramontina Garibaldi Sa Industria Metalurgica,GARIBALDI,GARIBALDI,Rio Grande do Sul,-29.25454911,-51.52954846
857,https://www.tramontina.com.br/,painel pinus,FOUND,Itens encontrados.,['painel pinus'],Painel Tramontina Modulare em Madeira Pinus com Acabamento Natural CC 1200x800x25 mm,1200x800x25 mm,"R$ 65,50",https://www.tramontina.com.br/painel-tramontina-modulare-em-madeira-pinus-com-acabamento-natural-cc-1200x800x25-mm/91155128.html,1200.0,800.0,25.0,65.5,BRL,1.0,0.024,2729.1666666666665,Tramontina Garibaldi Sa Industria Metalurgica,GARIBALDI,GARIBALDI,Rio Grande do Sul,-29.25454911,-51.52954846
858,https://www.tramontina.com.br/,painel pinus,FOUND,Itens encontrados.,['painel pinus'],Painel Tramontina Modulare em Madeira Pinus com Acabamento Natural CC 1200x800x25 mm,1200x800x25 mm,"R$ 65,50",https://www.tramontina.com.br/painel-tramontina-modulare-em-madeira-pinus-com-acabamento-natural-cc-1200x800x25-mm/91155128.html,1200.0,800.0,25.0,65.5,BRL,1.0,0.024,2729.1666666666665,Tramontina Garibaldi Sa Industria Metalurgica,GARIBALDI,GARIBALDI,Rio Grande do Sul,-29.25454911,-51.52954846
859,https://www.tramontina.com.br/,painel pinus,FOUND,Itens encontrados.,['painel pinus'],Painel Tramontina Modulare em Madeira Pinus com Acabamento Natural CC 1200x800x25 mm,1200x800x25 mm,"R$ 65,50",https://www.tramontina.com.br/painel-tramontina-modulare-em-madeira-pinus-com-acabamento-natural-cc-1200x800x25-mm/91155128.html,1200.0,800.0,25.0,65.5,BRL,1.0,0.024,2729.1666666666665,Tramontina Garibaldi Sa Industria Metalurgica,GARIBALDI,GARIBALDI,Rio Grande do Sul,-29.25454911,-51.52954846
860,https://www.tramontina.com.br/,painel pinus,FOUND,Itens encontrados.,['painel pinus'],Painel Tramontina Modulare em Madeira Pinus com Acabamento Natural CC 1200x800x25 mm,1200x800x25 mm,"R$ 65,50",https://www.tramontina.com.br/painel-tramontina-modulare-em-madeira-pinus-com-acabamento-natural-cc-1200x800x25-mm/91155128.html,1200.0,800.0,25.0,65.5,BRL,1.0,0.024,2729.1666666666665,Tramontina Garibaldi Sa Industria Metalurgica,GARIBALDI,GARIBALDI,Rio Grande do Sul,-29.25454911,-51.52954846
861,https://www.tramontina.com.br/,painel pinus,FOUND,Itens encontrados.,['painel pinus'],Painel Tramontina Modulare em Madeira Pinus com Acabamento Natural CC 1200x800x25 mm,1200x800x25 mm,"R$ 65,50",https://www.tramontina.com.br/painel-tramontina-modulare-em-madeira-pinus-com-acabamento-natural-cc-1200x800x25-mm/91155128.html,1200.0,800.0,25.0,65.5,BRL,1.0,0.024,2729.1666666666665,Tramontina Garibaldi Sa Industria Metalurgica,GARIBALDI,GARIBALDI,Rio Grande do Sul,-29.25454911,-51.52954846
862,https://www.tramontina.com.br/,painel pinus,FOUND,Itens encontrados.,['painel pinus'],Painel Tramontina Modulare em Madeira Pinus com Acabamento Castanho Escuro 1200x200x18 mm,1200x200x18 mm,"R$ 36,05",https://www.tramontina.com.br/painel-tramontina-modulare-em-madeira-pinus-com-acabamento-castanho-escuro-1200x200x18-mm/91136122.html,1200.0,200.0,18.0,36.05,BRL,1.0,0.00432,8344.907407407407,Tramontina Garibaldi Sa Industria Metalurgica,GARIBALDI,GARIBALDI,Rio Grande do Sul,-29.25454911,-51.52954846
863,https://www.tramontina.com.br/,painel pinus,FOUND,Itens encontrados.,['painel pinus'],Painel Tramontina Modulare em Madeira Pinus com Acabamento Castanho Escuro 1200x200x18 mm,1200x200x18 mm,"R$ 36,05",https://www.tramontina.com.br/painel-tramontina-modulare-em-madeira-pinus-com-acabamento-castanho-escuro-1200x200x18-mm/91136122.html,1200.0,200.0,18.0,36.05,BRL,1.0,0.00432,8344.907407407407,Tramontina Garibaldi Sa Industria Metalurgica,GARIBALDI,GARIBALDI,Rio Grande do Sul,-29.25454911,-51.52954846
864,https://www.tramontina.com.br/,painel pinus,FOUND,Itens encontrados.,['painel pinus'],Painel Tramontina Modulare em Madeira Pinus com Acabamento Castanho Escuro 1200x200x18 mm,1200x200x18 mm,"R$ 36,05",https://www.tramontina.com.br/painel-tramontina-modulare-em-madeira-pinus-com-acabamento-castanho-escuro-1200x200x18-mm/91136122.html,1200.0,200.0,18.0,36.05,BRL,1.0,0.00432,8344.907407407407,Tramontina Garibaldi Sa Industria Metalurgica,GARIBALDI,GARIBALDI,Rio Grande do Sul,-29.25454911,-51.52954846
865,https://www.tramontina.com.br/,painel pinus,FOUND,Itens encontrados.,['painel pinus'],Painel Tramontina Modulare em Madeira Pinus com Acabamento Castanho Escuro 1200x200x18 mm,1200x200x18 mm,"R$ 36,05",https://www.tramontina.com.br/painel-tramontina-modulare-em-madeira-pinus-com-acabamento-castanho-escuro-1200x200x18-mm/91136122.html,1200.0,200.0,18.0,36.05,BRL,1.0,0.00432,8344.907407407407,Tramontina Garibaldi Sa Industria Metalurgica,GARIBALDI,GARIBALDI,Rio Grande do Sul,-29.25454911,-51.52954846
866,https://www.tramontina.com.br/,painel pinus,FOUND,Itens encontrados.,['painel pinus'],Painel Tramontina Modulare em Madeira Pinus com Acabamento Castanho Escuro 1200x200x18 mm,1200x200x18 mm,"R$ 36,05",https://www.tramontina.com.br/painel-tramontina-modulare-em-madeira-pinus-com-acabamento-castanho-escuro-1200x200x18-mm/91136122.html,1200.0,200.0,18.0,36.05,BRL,1.0,0.00432,8344.907407407407,Tramontina Garibaldi Sa Industria Metalurgica,GARIBALDI,GARIBALDI,Rio Grande do Sul,-29.25454911,-51.52954846
867,https://www.tramontina.com.br/,painel pinus,FOUND,Itens encontrados.,['painel pinus'],Painel Tramontina Modulare em Madeira Pinus com Acabamento Castanho Escuro 1200x200x18 mm,1200x200x18 mm,"R$ 36,05",https://www.tramontina.com.br/painel-tramontina-modulare-em-madeira-pinus-com-acabamento-castanho-escuro-1200x200x18-mm/91136122.html,1200.0,200.0,18.0,36.05,BRL,1.0,0.00432,8344.907407407407,Tramontina Garibaldi Sa Industria Metalurgica,GARIBALDI,GARIBALDI,Rio Grande do Sul,-29.25454911,-51.52954846
868,https://www.tramontina.com.br/,painel pinus,FOUND,Itens encontrados.,['painel pinus'],Painel Tramontina Modulare em Madeira Pinus com Acabamento Castanho Escuro 1200x200x18 mm,1200x200x18 mm,"R$ 36,05",https://www.tramontina.com.br/painel-tramontina-modulare-em-madeira-pinus-com-acabamento-castanho-escuro-1200x200x18-mm/91136122.html,1200.0,200.0,18.0,36.05,BRL,1.0,0.00432,8344.907407407407,Tramontina Garibaldi Sa Industria Metalurgica,GARIBALDI,GARIBALDI,Rio Grande do Sul,-29.25454911,-51.52954846
869,https://www.tramontina.com.br/,painel pinus,FOUND,Itens encontrados.,['painel pinus'],Painel Tramontina Modulare em Madeira Pinus com Acabamento Castanho Escuro 1200x200x18 mm,1200x200x18 mm,"R$ 36,05",https://www.tramontina.com.br/painel-tramontina-modulare-em-madeira-pinus-com-acabamento-castanho-escuro-1200x200x18-mm/91136122.html,1200.0,200.0,18.0,36.05,BRL,1.0,0.00432,8344.907407407407,Tramontina Garibaldi Sa Industria Metalurgica,GARIBALDI,GARIBALDI,Rio Grande do Sul,-29.25454911,-51.52954846
870,https://www.tramontina.com.br/,painel pinus,FOUND,Itens encontrados.,['painel pinus'],Painel Tramontina Modulare em Madeira Pinus com Acabamento Castanho Escuro 1200x200x18 mm,1200x200x18 mm,"R$ 36,05",https://www.tramontina.com.br/painel-tramontina-modulare-em-madeira-pinus-com-acabamento-castanho-escuro-1200x200x18-mm/91136122.html,1200.0,200.0,18.0,36.05,BRL,1.0,0.00432,8344.907407407407,Tramontina Garibaldi Sa Industria Metalurgica,GARIBALDI,GARIBALDI,Rio Grande do Sul,-29.25454911,-51.52954846
871,https://www.tramontina.com.br/,painel pinus,FOUND,Itens encontrados.,['painel pinus'],Painel Tramontina Modulare em Madeira Pinus com Acabamento Mel 1000x300x18 mm,1000x300x18 mm,"R$ 56,50",https://www.tramontina.com.br/painel-tramontina-modulare-em-madeira-pinus-com-acabamento-mel-1000x300x18-mm/91131103.html,1000.0,300.0,18.0,56.5,BRL,1.0,0.0054,10462.962962962962,Tramontina Garibaldi Sa Industria Metalurgica,GARIBALDI,GARIBALDI,Rio Grande do Sul,-29.25454911,-51.52954846
872,https://www.tramontina.com.br/,painel pinus,FOUND,Itens encontrados.,['painel pinus'],Painel Tramontina Modulare em Madeira Pinus com Acabamento Mel 1000x300x18 mm,1000x300x18 mm,"R$ 56,50",https://www.tramontina.com.br/painel-tramontina-modulare-em-madeira-pinus-com-acabamento-mel-1000x300x18-mm/91131103.html,1000.0,300.0,18.0,56.5,BRL,1.0,0.0054,10462.962962962962,Tramontina Garibaldi Sa Industria Metalurgica,GARIBALDI,GARIBALDI,Rio Grande do Sul,-29.25454911,-51.52954846
873,https://www.tramontina.com.br/,painel pinus,FOUND,Itens encontrados.,['painel pinus'],Painel Tramontina Modulare em Madeira Pinus com Acabamento Mel 1000x300x18 mm,1000x300x18 mm,"R$ 56,50",https://www.tramontina.com.br/painel-tramontina-modulare-em-madeira-pinus-com-acabamento-mel-1000x300x18-mm/91131103.html,1000.0,300.0,18.0,56.5,BRL,1.0,0.0054,10462.962962962962,Tramontina Garibaldi Sa Industria Metalurgica,GARIBALDI,GARIBALDI,Rio Grande do Sul,-29.25454911,-51.52954846
874,https://www.tramontina.com.br/,painel pinus,FOUND,Itens encontrados.,['painel pinus'],Painel Tramontina Modulare em Madeira Pinus com Acabamento Mel 1000x300x18 mm,1000x300x18 mm,"R$ 56,50",https://www.tramontina.com.br/painel-tramontina-modulare-em-madeira-pinus-com-acabamento-mel-1000x300x18-mm/91131103.html,1000.0,300.0,18.0,56.5,BRL,1.0,0.0054,10462.962962962962,Tramontina Garibaldi Sa Industria Metalurgica,GARIBALDI,GARIBALDI,Rio Grande do Sul,-29.25454911,-51.52954846
875,https://www.tramontina.com.br/,painel pinus,FOUND,Itens encontrados.,['painel pinus'],Painel Tramontina Modulare em Madeira Pinus com Acabamento Mel 1000x300x18 mm,1000x300x18 mm,"R$ 56,50",https://www.tramontina.com.br/painel-tramontina-modulare-em-madeira-pinus-com-acabamento-mel-1000x300x18-mm/91131103.html,1000.0,300.0,18.0,56.5,BRL,1.0,0.0054,10462.962962962962,Tramontina Garibaldi Sa Industria Metalurgica,GARIBALDI,GARIBALDI,Rio Grande do Sul,-29.25454911,-51.52954846
876,https://www.tramontina.com.br/,painel pinus,FOUND,Itens encontrados.,['painel pinus'],Painel Tramontina Modulare em Madeira Pinus com Acabamento Mel 1000x300x18 mm,1000x300x18 mm,"R$ 56,50",https://www.tramontina.com.br/painel-tramontina-modulare-em-madeira-pinus-com-acabamento-mel-1000x300x18-mm/91131103.html,1000.0,300.0,18.0,56.5,BRL,1.0,0.0054,10462.962962962962,Tramontina Garibaldi Sa Industria Metalurgica,GARIBALDI,GARIBALDI,Rio Grande do Sul,-29.25454911,-51.52954846
877,https://www.tramontina.com.br/,painel pinus,FOUND,Itens encontrados.,['painel pinus'],Painel Tramontina Modulare em Madeira Pinus com Acabamento Mel 1000x300x18 mm,1000x300x18 mm,"R$ 56,50",https://www.tramontina.com.br/painel-tramontina-modulare-em-madeira-pinus-com-acabamento-mel-1000x300x18-mm/91131103.html,1000.0,300.0,18.0,56.5,BRL,1.0,0.0054,10462.962962962962,Tramontina Garibaldi Sa Industria Metalurgica,GARIBALDI,GARIBALDI,Rio Grande do Sul,-29.25454911,-51.52954846
878,https://www.tramontina.com.br/,painel pinus,FOUND,Itens encontrados.,['painel pinus'],Painel Tramontina Modulare em Madeira Pinus com Acabamento Mel 1000x300x18 mm,1000x300x18 mm,"R$ 56,50",https://www.tramontina.com.br/painel-tramontina-modulare-em-madeira-pinus-com-acabamento-mel-1000x300x18-mm/91131103.html,1000.0,300.0,18.0,56.5,BRL,1.0,0.0054,10462.962962962962,Tramontina Garibaldi Sa Industria Metalurgica,GARIBALDI,GARIBALDI,Rio Grande do Sul,-29.25454911,-51.52954846
879,https://www.tramontina.com.br/,painel pinus,FOUND,Itens encontrados.,['painel pinus'],Painel Tramontina Modulare em Madeira Pinus com Acabamento Mel 1000x300x18 mm,1000x300x18 mm,"R$ 56,50",https://www.tramontina.com.br/painel-tramontina-modulare-em-madeira-pinus-com-acabamento-mel-1000x300x18-mm/91131103.html,1000.0,300.0,18.0,56.5,BRL,1.0,0.0054,10462.962962962962,Tramontina Garibaldi Sa Industria Metalurgica,GARIBALDI,GARIBALDI,Rio Grande do Sul,-29.25454911,-51.52954846
880,https://www.tumelero.com.br/,painel pinus,NOT_FOUND,Nao foram encontrados itens de 'painel pinus' (ou equivalentes) com dimensoes no nome neste site.,['painel pinus'],,,,,,,,,,,,,Tumelero,URUGUAIANA,URUGUAIANA,Rio Grande do Sul,-29.75982317,-57.08182491
881,https://www.tumelero.com.br/,painel pinus,NOT_FOUND,Nao foram encontrados itens de 'painel pinus' (ou equivalentes) com dimensoes no nome neste site.,['painel pinus'],,,,,,,,,,,,,Tumelero,URUGUAIANA,URUGUAIANA,Rio Grande do Sul,-29.75982317,-57.08182491
882,https://www.tumelero.com.br/,painel pinus,NOT_FOUND,Nao foram encontrados itens de 'painel pinus' (ou equivalentes) com dimensoes no nome neste site.,['painel pinus'],,,,,,,,,,,,,Tumelero,URUGUAIANA,URUGUAIANA,Rio Grande do Sul,-29.75982317,-57.08182491
883,https://vemiler.com.br/,painel pinus,NOT_FOUND,Nao foram encontrados itens de 'painel pinus' (ou equivalentes) com dimensoes no nome neste site.,['painel pinus'],,,,,,,,,,,,,Vemiler,QUINZE DE NOVEMBRO,QUINZE DE NOVEMBRO,Rio Grande do Sul,-28.74236135,-53.09672206
884,https://www.viveredesign.com.br/,painel pinus,NOT_FOUND,Nao foram encontrados itens de 'painel pinus' (ou equivalentes) com dimensoes no nome neste site.,['painel pinus'],,,,,,,,,,,,,Vivere Moveis Ltda,BENTO GONCALVES,BENTO GONCALVES,Rio Grande do Sul,-29.16740193,-51.51556031
885,https://www.viveredesign.com.br/,painel pinus,NOT_FOUND,Nao foram encontrados itens de 'painel pinus' (ou equivalentes) com dimensoes no nome neste site.,['painel pinus'],,,,,,,,,,,,,Vivere Moveis Ltda,BENTO GONCALVES,BENTO GONCALVES,Rio Grande do Sul,-29.16740193,-51.51556031
886,https://www.viveredesign.com.br/,painel pinus,NOT_FOUND,Nao foram encontrados itens de 'painel pinus' (ou equivalentes) com dimensoes no nome neste site.,['painel pinus'],,,,,,,,,,,,,Vivere Moveis Ltda,BENTO GONCALVES,BENTO GONCALVES,Rio Grande do Sul,-29.16740193,-51.51556031
887,https://www.viveredesign.com.br/,painel pinus,NOT_FOUND,Nao foram encontrados itens de 'painel pinus' (ou equivalentes) com dimensoes no nome neste site.,['painel pinus'],,,,,,,,,,,,,Vivere Moveis Ltda,BENTO GONCALVES,BENTO GONCALVES,Rio Grande do Sul,-29.16740193,-51.51556031
888,https://www.viveredesign.com.br/,painel pinus,NOT_FOUND,Nao foram encontrados itens de 'painel pinus' (ou equivalentes) com dimensoes no nome neste site.,['painel pinus'],,,,,,,,,,,,,Vivere Moveis Ltda,BENTO GONCALVES,BENTO GONCALVES,Rio Grande do Sul,-29.16740193,-51.51556031
889,https://www.viveredesign.com.br/,painel pinus,NOT_FOUND,Nao foram encontrados itens de 'painel pinus' (ou equivalentes) com dimensoes no nome neste site.,['painel pinus'],,,,,,,,,,,,,Vivere Moveis Ltda,BENTO GONCALVES,BENTO GONCALVES,Rio Grande do Sul,-29.16740193,-51.51556031
890,https://www.viveredesign.com.br/,painel pinus,NOT_FOUND,Nao foram encontrados itens de 'painel pinus' (ou equivalentes) com dimensoes no nome neste site.,['painel pinus'],,,,,,,,,,,,,Vivere Moveis Ltda,BENTO GONCALVES,BENTO GONCALVES,Rio Grande do Sul,-29.16740193,-51.51556031
891,https://galeriawalter.com.br/,painel pinus,NOT_FOUND,Nao foram encontrados itens de 'painel pinus' (ou equivalentes) com dimensoes no nome neste site.,['painel pinus'],,,,,,,,,,,,,Galeria Walter,PALMEIRA DAS MISSOES,PALMEIRA DAS MISSOES,Rio Grande do Sul,-27.90062088,-53.31495391
892,https://galeriawalter.com.br/,painel pinus,NOT_FOUND,Nao foram encontrados itens de 'painel pinus' (ou equivalentes) com dimensoes no nome neste site.,['painel pinus'],,,,,,,,,,,,,Galeria Walter,PALMEIRA DAS MISSOES,PALMEIRA DAS MISSOES,Rio Grande do Sul,-27.90062088,-53.31495391
893,https://galeriawalter.com.br/,painel pinus,NOT_FOUND,Nao foram encontrados itens de 'painel pinus' (ou equivalentes) com dimensoes no nome neste site.,['painel pinus'],,,,,,,,,,,,,Galeria Walter,PALMEIRA DAS MISSOES,PALMEIRA DAS MISSOES,Rio Grande do Sul,-27.90062088,-53.31495391
894,https://www.zcmateriais.com,painel pinus,NOT_FOUND,Nao foram encontrados itens de 'painel pinus' (ou equivalentes) com dimensoes no nome neste site.,['painel pinus'],,,,,,,,,,,,,Z C Materiais De Construcao Ltda,VACARIA,VACARIA,Rio Grande do Sul,-28.5023544,-50.93659916
895,https://www.zcmateriais.com,painel pinus,NOT_FOUND,Nao foram encontrados itens de 'painel pinus' (ou equivalentes) com dimensoes no nome neste site.,['painel pinus'],,,,,,,,,,,,,Z C Materiais De Construcao Ltda,VACARIA,VACARIA,Rio Grande do Sul,-28.5023544,-50.93659916
896,https://www.zcmateriais.com,painel pinus,NOT_FOUND,Nao foram encontrados itens de 'painel pinus' (ou equivalentes) com dimensoes no nome neste site.,['painel pinus'],,,,,,,,,,,,,Z C Materiais De Construcao Ltda,VACARIA,VACARIA,Rio Grande do Sul,-28.5023544,-50.93659916
897,https://www.zcmateriais.com,painel pinus,NOT_FOUND,Nao foram encontrados itens de 'painel pinus' (ou equivalentes) com dimensoes no nome neste site.,['painel pinus'],,,,,,,,,,,,,Z C Materiais De Construcao Ltda,VACARIA,VACARIA,Rio Grande do Sul,-28.5023544,-50.93659916
898,https://www.zcmateriais.com,painel pinus,NOT_FOUND,Nao foram encontrados itens de 'painel pinus' (ou equivalentes) com dimensoes no nome neste site.,['painel pinus'],,,,,,,,,,,,,Z C Materiais De Construcao Ltda,VACARIA,VACARIA,Rio Grande do Sul,-28.5023544,-50.93659916
899,https://www.zcmateriais.com,painel pinus,NOT_FOUND,Nao foram encontrados itens de 'painel pinus' (ou equivalentes) com dimensoes no nome neste site.,['painel pinus'],,,,,,,,,,,,,Z C Materiais De Construcao Ltda,VACARIA,VACARIA,Rio Grande do Sul,-28.5023544,-50.93659916
900,https://www.viviancentermat.com.br/,painel pinus,NOT_FOUND,Nao foram encontrados itens de 'painel pinus' (ou equivalentes) com dimensoes no nome neste site.,['painel pinus'],,,,,,,,,,,,,Vivian Materiais De Construcao Ltda,PORTO ALEGRE,PORTO ALEGRE,Rio Grande do Sul,-30.03003677,-51.22866046
901,https://www.viviancentermat.com.br/,painel pinus,NOT_FOUND,Nao foram encontrados itens de 'painel pinus' (ou equivalentes) com dimensoes no nome neste site.,['painel pinus'],,,,,,,,,,,,,Vivian Materiais De Construcao Ltda,PORTO ALEGRE,PORTO ALEGRE,Rio Grande do Sul,-30.03003677,-51.22866046
902,https://www.viviancentermat.com.br/,painel pinus,NOT_FOUND,Nao foram encontrados itens de 'painel pinus' (ou equivalentes) com dimensoes no nome neste site.,['painel pinus'],,,,,,,,,,,,,Vivian Materiais De Construcao Ltda,PORTO ALEGRE,PORTO ALEGRE,Rio Grande do Sul,-30.03003677,-51.22866046
903,https://www.viviancentermat.com.br/,painel pinus,NOT_FOUND,Nao foram encontrados itens de 'painel pinus' (ou equivalentes) com dimensoes no nome neste site.,['painel pinus'],,,,,,,,,,,,,Vivian Materiais De Construcao Ltda,PORTO ALEGRE,PORTO ALEGRE,Rio Grande do Sul,-30.03003677,-51.22866046
904,https://www.viviancentermat.com.br/,painel pinus,NOT_FOUND,Nao foram encontrados itens de 'painel pinus' (ou equivalentes) com dimensoes no nome neste site.,['painel pinus'],,,,,,,,,,,,,Vivian Materiais De Construcao Ltda,PORTO ALEGRE,PORTO ALEGRE,Rio Grande do Sul,-30.03003677,-51.22866046
905,https://www.viviancentermat.com.br/,painel pinus,NOT_FOUND,Nao foram encontrados itens de 'painel pinus' (ou equivalentes) com dimensoes no nome neste site.,['painel pinus'],,,,,,,,,,,,,Vivian Materiais De Construcao Ltda,PORTO ALEGRE,PORTO ALEGRE,Rio Grande do Sul,-30.03003677,-51.22866046
906,https://www.viviancentermat.com.br/,painel pinus,NOT_FOUND,Nao foram encontrados itens de 'painel pinus' (ou equivalentes) com dimensoes no nome neste site.,['painel pinus'],,,,,,,,,,,,,Vivian Materiais De Construcao Ltda,PORTO ALEGRE,PORTO ALEGRE,Rio Grande do Sul,-30.03003677,-51.22866046
907,https://www.viviancentermat.com.br/,painel pinus,NOT_FOUND,Nao foram encontrados itens de 'painel pinus' (ou equivalentes) com dimensoes no nome neste site.,['painel pinus'],,,,,,,,,,,,,Vivian Materiais De Construcao Ltda,PORTO ALEGRE,PORTO ALEGRE,Rio Grande do Sul,-30.03003677,-51.22866046
908,https://www.viviancentermat.com.br/,painel pinus,NOT_FOUND,Nao foram encontrados itens de 'painel pinus' (ou equivalentes) com dimensoes no nome neste site.,['painel pinus'],,,,,,,,,,,,,Vivian Materiais De Construcao Ltda,PORTO ALEGRE,PORTO ALEGRE,Rio Grande do Sul,-30.03003677,-51.22866046
