nm_empresa,website_url,query,status,message_pt,works_with_wood,works_with_pine_panel,pine_panel_flag,confidence_wood,confidence_pine_panel,evidence_snippet,materials_summary,item_count_total,item_count_wood_related,item_count_mentions_pinus,run_at,attempts
Faganello Industria De Compensados Ltda - Sao Jose dos Ausentes,https://faganellocompensados.com.br/,painel de madeira pinus,FOUND,Empresa encontrada com informações sobre produtos de madeira e pinus.,yes,yes,1,100,100,"Trabalhamos com diversos tipos de compensado, todos de alta qualidade para proporcionar um melhor desempenho em sua utilização.

Compensado Naval Plastificado 120gr

Compensado Resinado Cola Branca (Pinus)

Plywood WBP Pinus Elliots C+/C OE&S ou C+/C+ OE&S

Plywood WBP Pinus Elliots CDX Sheating","A empresa trabalha com diversos tipos de compensados, incluindo Compensado Naval Plastificado, Compensado Resinado Cola Branca (Pinus), Plywood WBP Pinus Elliots C+/C OE&S ou C+/C+ OE&S, e Plywood WBP Pinus Elliots CDX Sheating. Alguns produtos mencionam especificamente Pinus e utilizam resinas e cola branca.",4,4,3,2026-01-26T17:39:17.896770+00:00,Navigated to https://faganellocompensados.com.br/; Accepted cookie consent; Extracted product list information
Brazilian Pine,https://brazilianpine.com.br/,painel de madeira pinus,FOUND,"A Brazilian Pine é uma empresa especializada na exportação de produtos derivados de pinus. Trabalham com diversos produtos de madeira, incluindo painéis, batentes, vigas e molduras, todos feitos de pinus. Eles especificam os tipos de pinus Elliottii e Taeda e mencionam explicitamente ""Painéis de pinus"".",yes,yes,1,100,100,"A Brazilian Pine é uma empresa especializada na exportação de produtos derivados de pinus, destacando-se pela qualidade e sustentabilidade de seus painéis, batentes, vigas e molduras.","Pinus (Elliottii e Taeda), plástico laminado",6,6,6,2026-01-26T17:42:48.287507+00:00,Navigated to https://brazilianpine.com.br/; Accepted cookies; Extracted product information using query 'painel de madeira pinus'
Totalita Industria De Moveis - Restinga Seca,www.totalita.com.br,painel de madeira pinus,FOUND,"A empresa utiliza madeira de Pinus e MDF em seus produtos, com foco em Pinus 100% oriundo de reflorestamento.",yes,yes,1,100,100,Todos nossos produtos são feitos com madeira de Pinus ou MDF. Uma madeira 100% oriunda de Reflorestamento.,"A empresa utiliza madeira de Pinus e MDF em seus produtos, com foco em Pinus 100% oriundo de reflorestamento.",6,6,6,2026-01-26T18:48:05.012235+00:00,Navigated to www.totalita.com.br and found explicit mentions of Pinus wood in product descriptions and company information.
Piomade Industria De Madeiras Ltda - Farroupilha,https://www.piomade.com.br/,painel de madeira pinus,FOUND,Empresa trabalha com madeira e especificamente com painéis de madeira de Pinus.,yes,yes,1,95,100,"Piomade, o uso nobre da madeira! Produzindo diferentes produtos, utilizando como matéria prima, a madeira de reflorestamento, o Pinus, possuímos uma linha de produção altamente eficiente, onde todo o matéria-prima florestal é aproveitado, sem geração de resíduos.","A empresa utiliza madeira de reflorestamento, especificamente Pinus, e produz painéis de madeira.",3,3,3,2026-01-26T17:38:18.261050+00:00,Navigated to https://www.piomade.com.br/; Extracted information from the homepage.
Haas Trader Importadora E Exportadora Ltda - Venancio Aires,https://haastrader.com,pellets de madeira pinus,FOUND,"A empresa Haas Trader Importadora E Exportadora Ltda trabalha com produtos à base de madeira, especificamente pinus (coníferas). Os produtos listados são HAAS PELLETS, SUDAMERICA PELLETS e RIO GRANDE PELLETS, todos feitos de madeira virgem plantada de coníferas.",yes,yes,1,95,100,"Pellets de pura maravalha e serragem de coníferas virgens plantadas, descascada e selecionada, sem impurezas e sem adição de aditivos: altíssimo poder calorífico e baixíssimo resíduo.
Pellets de madeira virgem premium com certificação FSC®, produzidos a partir de árvores de coníferas plantadas no sul do Brasil para um calor incomparável, caracterizado pela facilidade de ignição e alta produção de calor.
Pellets premium de madeira de coníferas virgens plantadas com grande poder calorífico, graças à baixíssima umidade e excelente capacidade de combustão.",Os produtos são feitos de madeira virgem plantada de coníferas (pinus).,3,3,3,2026-01-26T18:17:48.250636+00:00,Navigated to https://haastrader.com; Clicked on 'Produtos' link; Extracted product details from the 'Produtos' page
Pr-Madeireira Mato Grosso Ltda - Torres,http://www.matogrossomadeireira.com.br/,painel de madeira pinus,FOUND,Informações sobre produtos encontradas.,yes,yes,1,100,97,"Trabalhamos com produtos beneficiados e industrializados de primeira qualidade: Tabuados, Vigamentos, Pontaletes, Madeirites/OSB, Portas e Janelas, Batentes e Guarnições, Ferragens Decks, Forros e Lambris, Portões sob medida,Telhas, Ferramentas, Acessórios e mais! Conheça por e-mail ou telefone: (13) 3311-7008 - Whatsapp (13) 98884-1907, Whatsapp (13) 33119315. Produtos Madeiramento Muiracatiara Cambará Pinus Eucalipto Cedrinho Amescla Portas Lisas Maciças","A empresa trabalha com diversos tipos de madeira, incluindo pinus, e oferece produtos como madeiramento, pisos de madeira, portas, janelas, batentes e guarnições.",20,13,2,2026-01-26T17:50:03.415425+00:00,Navigated to http://www.matogrossomadeireira.com.br/; Extracted product information from the 'Produtos' section.
Pep Moveis E Madeira Ltda - Vacaria,https://pepmoveis.com/,painel de madeira pinus,FOUND,Informações sobre produtos de madeira encontradas.,yes,yes,1,100,91,"Especializados em móveis de pinus maciço, desenvolvemos peças que combinam design com as necessidades de nossos clientes, sempre valorizando parcerias e projetos personalizados.
Exportando móveis, madeira e painéis com responsabilidade ambiental
A PeP Móveis e Madeira destaca seu compromisso com a sustentabilidade e o desenvolvimento regional ao cultivar suas próprias florestas e apoiar produtores locais. Cada floresta gera, no mínimo, três colheitas, e a madeira colhida é cuidadosamente classificada para ser utilizada como matéria-prima na fabricação dos móveis e produtos de madeira, todos produzidos pela própria PeP Móveis. Parte dessa madeira também é direcionada para fábricas de papel e celulose, painéis reconstituídos e energia renovável. Além disso, a empresa garante que todos os resíduos gerados durante a produção sejam reaproveitados como insumos para essas indústrias, reafirmando seu compromisso com a preservação do meio ambiente.","A empresa trabalha com móveis de pinus maciço, madeira e painéis. A madeira é proveniente de reflorestamento e utilizada na fabricação de móveis e outros produtos de madeira. Também fornecem madeira para indústrias de papel e celulose, painéis reconstituídos e energia renovável.",10,10,1,2026-01-26T17:25:55.638351+00:00,Extracted product information from https://pepmoveis.com/.
Roloff Comercio De Tintas Ltda - Gramado,https://roloffgramado.com/,painel de madeira pinus,FOUND,"Empresa trabalha com madeira, incluindo Pinus.",yes,yes,1,100,91,"Oferecemos em nossa gama de produtos, madeiras como a Grápia ou Garapeira, Pinheiro, Eucalipto e Pinus, estes inclusive autoclavados.","A empresa oferece madeiras como Grápia, Garapeira, Pinheiro, Eucalipto e Pinus, incluindo opções autoclavadas. Eles trabalham com madeiras brutas e beneficiadas para construção, telhados, decoração, além de produtos acabados como assoalhos, forros, paredes, decks, rodapés, guarnições e barrotilhos.",4,4,1,2026-01-26T18:44:05.086683+00:00,Navigated to https://roloffgramado.com/; Clicked on 'MADEIRA' link; Extracted wood product information from https://roloffgramado.com/madeira/
Madeireira Tarumã - Viamao,https://madeireirataruma.com.br/,painel de madeira pinus,FOUND,Informações sobre produtos de madeira e pinus encontradas.,yes,yes,1,95,91,"Madeira (Wood)
* Pinus
* Pinus seco (Dry Pine)
* Eucalipto (Eucalyptus)
* Cedrinho (Cedar)","A empresa trabalha com madeira, incluindo Pinus (seco e não seco), Eucalipto e Cedrinho. Também oferece produtos em aço, alumínio e pisos de concreto estilo madeira.",3,3,1,2026-01-26T18:32:04.223384+00:00,Navigated to https://madeireirataruma.com.br/; Closed pop-up; Clicked 'Serviços'; Clicked 'Ver mais' for 'Madeira'; Extracted from 'madeira' page (no specific product info); Scrolled on 'madeira' page; Extracted from 'madeira' page again (no specific product info); Navigated back to 'Serviços' (blank page); Navigated back to main page; Extracted from main page
Santella Acessorios Para Moveis Ltda - Nova Padua,https://www.santellafix.com.br/,painel de madeira pinus,FOUND,"Informações sobre produtos de madeira, incluindo pinus e eucalipto, encontradas.",yes,yes,1,90,91,"A Santella Acessórios para Móveis foi fundada em 2001 no município de Nova Pádua - RS. Especializada na produção de cavilhas de madeira para montagem de móveis, a Santella Fix transforma madeira serrada de pinus e eucalipto em cavilhas de alta resistência e acabamento superior.

Cavilhas de Pinus
Características: Madeira leve, macia, de cor clara e com fibras longas.
Vantagens: Fácil de trabalhar e cortar, bom acabamento e aceita bem vernizes e tingimentos, proporcionando um visual mais claro e rústico.
Aplicações: Móveis, decoração, construção civil e peças internas.","A empresa produz cavilhas de madeira de pinus e eucalipto. As cavilhas de pinus são descritas como leves, macias, de cor clara e com fibras longas, fáceis de trabalhar e com bom acabamento. As cavilhas de eucalipto são mais duras, densas e pesadas, com alta resistência e durabilidade. As aplicações para pinus incluem móveis, decoração e construção civil. As aplicações para eucalipto incluem estruturas, pisos, vigas e móveis que exigem firmeza.",2,2,1,2026-01-26T17:47:45.835795+00:00,"Navigated to https://www.santellafix.com.br/; Extracted information about wood products, specifically pine and eucalyptus dowels."
Finger Ambientes Personalizados - Sarandi,https://finger.ind.br/,painel de madeira pinus,FOUND,Resultados encontrados para a pesquisa.,yes,yes,1,90,91,"Item: painel de madeira pinus - Materials: Not specified - Wood: yes - Pine: yes
Item: madeira de reflorestamento - Materials: Not specified - Wood: yes - Pine: no","The company offers pine wood panels and reforestation wood. It also offers bathroom cabinets, but their material is not specified.",3,2,1,2026-01-26T17:56:00.556018+00:00,Navigated to https://finger.ind.br/; Accepted cookies; Searched for 'painel de madeira pinus'; Scrolled down the page; Extracted product information from search results
Mow Brazil Co Ltda - Porto Alegre,https://mowbrazil.com/pt/,painel de madeira pinus,FOUND,"A empresa trabalha com madeira serrada de reflorestamento sustentável, incluindo Pinus e Eucalipto. Foi encontrado um produto específico de Pinus.",yes,yes,1,90,91,"PINUS ELIOTTI/TAEDA
MOW Brazil is a company specialized in sawn wood from sustainable reforestation (Pine & Eucalyptus). Quality, sustainability and reliability are the values .",Madeira serrada de reflorestamento sustentável (Pinus e Eucalipto).,2,2,1,2026-01-26T18:02:28.715635+00:00,Navigated to https://mowbrazil.com/pt/; Clicked on 'LUMBER' link.; Scrolled down the page.
Klabin S.A. - Sao Francisco de Paula,https://klabin.com.br/,painel de madeira pinus,FOUND,Informações sobre o uso de madeira e painéis de pinus encontradas.,yes,yes,1,85,91,"Toda a madeira utilizada no processo produtivo de celulose e papel da Klabin é certificada e proveniente de fontes controladas, em florestas de pínus e eucalipto cultivadas exclusivamente para este fim.",A Klabin utiliza madeira certificada proveniente de florestas de pínus e eucalipto cultivadas exclusivamente para a produção de celulose e papel.,1,1,1,2026-01-26T17:39:40.857119+00:00,Navigated to https://klabin.com.br/; Clicked 'Negócios e Produtos'; Clicked 'Matéria-Prima'; Scrolled down 0.5 pages
Mow Brazil Ltda - Porto Alegre,https://mowbrazil.com/pt/,painel de madeira pinus,FOUND,Empresa trabalha com madeira e especificamente com painéis de madeira pinus.,yes,yes,1,85,91,"PINUS ELIOTTI/TAEDA
MOW Brazil is a company specialized in sawn wood from sustainable reforestation (Pine & Eucalyptus). Quality, sustainability and reliability are the values .",Madeira serrada de reflorestamento sustentável (Pinus e Eucalipto).,1,1,1,2026-01-26T18:06:55.593341+00:00,Navigated to https://mowbrazil.com/pt/; Clicked on 'LUMBER'; Scrolled down the page; Extracted details about wood products
Sul Modulos - Porto Alegre,https://sulmodulos.com.br/,painel de madeira pinus,FOUND,Informações sobre produtos de madeira e painéis de pinus encontradas.,yes,yes,1,85,91,"Ripados em madeira pinus e MDF, poliestireno e as incríveis Lastras Vinílicas proporcionam acabamento elegante dos grandes formatos para ambientes internos.","A empresa oferece acabamentos internos como ripados em madeira pinus e MDF, além de outros produtos como Drywall, Telhas Shingle, Steel Frame, Divisórias, Forros Modulares, Isolamentos Termo-Acústicos, Pisos Vinílicos, Carpetes Comerciais, Tapumes, Mezaninos, Ferramentas e Revestimentos Externos.",15,1,1,2026-01-26T18:24:16.226684+00:00,Navigated to https://sulmodulos.com.br/; Accepted cookies.; Examined product lines and found mention of 'Ripados em madeira pinus' under 'Acabamentos Internos'.
Logon Madeira Do Brasil Ltda - Sao Marcos,https://www.logonmadeira.com/,painel de madeira pinus,FOUND,Empresa trabalha com madeira e painéis de pinus.,yes,yes,1,100,85,"FACTORY PRIMED AND PAINTED PINE MOLDING
Wood Painted and Primed Wall
Wood Painted and Primed Boards
Moulding Painted and Primed
Wood Primed Panels
Clear Finger Jointed Blanks
Round Wood Panel
Stain Grade Panel","A empresa oferece produtos de madeira, incluindo painéis e molduras, com foco em pinus. Os produtos são primados e pintados de fábrica.",8,8,0,2026-01-26T18:11:07.724647+00:00,Navigated to https://www.logonmadeira.com/; Extracted product information from visible listings.
Delei Madeiras - Porto Alegre,https://www.deleimadeiras.com.br/,painel de madeira pinus,FOUND,Informações sobre produtos de madeira encontradas.,yes,yes,1,100,80,"Chapas de MDF e derivados
Compensados naval, multilaminado e sarrafeado.
Fitas de borda e adesivos (PVC, ABS), lâminas naturais, perfis em alumínio.","A empresa oferece chapas de MDF, compensados naval, multilaminado e sarrafeado, além de fitas de borda e adesivos. Há menções a madeira e derivados de MDF, indicando trabalho com materiais de madeira. A presença de 'compensados naval' e 'multilaminado' sugere variedade em produtos de madeira. A menção de 'Chapas de MDF e derivados' e 'Fitas de borda' também reforça o trabalho com madeira.",6,6,0,2026-01-26T17:47:21.305939+00:00,Navigated to https://www.deleimadeiras.com.br/; Clicked on 'Produtos'; Scrolled down 5 times; Extracted all content
Roloff Materiais De Construcao Ltda - Gramado,https://roloffgramado.com/,painel de madeira pinus,FOUND,"A empresa trabalha com madeira e menciona Pinus, oferecendo diversos produtos derivados como assoalhos, forros, paredes, decks, rodapés, guarnições e barrotilhos. Não foram encontrados menções explícitas a 'painéis de madeira pinus', mas a oferta de produtos de Pinus é clara.",yes,unknown,0,100,70,"Oferecemos em nossa gama de produtos, madeiras como a Grápia ou Garapeira, Pinheiro, Eucalipto e Pinus, estes inclusive autoclavados. Atuamos com uma linha completa e diversificada de madeiras para construção, telhados, decoração, dentre outras aplicações. Uma linha completa de produtos acabados, dentre os quais se destacam: assoalhos, forros, paredes, decks, rodapés, guarnições, barrotilhos e diversos outros outros produtos!","Grápia ou Garapeira, Pinheiro, Eucalipto, Pinus (incluindo autoclavado).",8,8,8,2026-01-26T18:39:59.432786+00:00,Navigated to https://roloffgramado.com/; Clicked on 'MADEIRA' navigation link; Extracted information from https://roloffgramado.com/madeira/
Ectx Bento Goncalves - Bento Goncalves,https://www.eucatex.com.br,painel de madeira pinus,FOUND,Informações sobre painéis de madeira e produtos relacionados encontrados.,yes,unknown,0,100,35,"A Eucatex trabalha com diversos tipos de painéis de madeira, incluindo MDF e MDP, além de produtos para tratamento e acabamento de madeira. Não há menção explícita a painéis de madeira pinus, mas a empresa trabalha com madeiras em geral e produtos derivados.","A Eucatex trabalha com diversos tipos de painéis de madeira, incluindo MDF e MDP, além de produtos para tratamento e acabamento de madeira. Não há menção explícita a painéis de madeira pinus, mas a empresa trabalha com madeiras em geral e produtos derivados.",40,40,0,2026-01-26T17:27:31.886765+00:00,Navigated to https://www.eucatex.com.br; Accepted cookies; Searched for 'painel de madeira pinus'; Scrolled down the search results page; Extracted search results
Jms Embalagens Industriais - Capivari do Sul,jmsembalagens.com.br,painel de madeira pinus,FOUND,"Informações sobre produtos extraídas. A empresa trabalha com madeira, mas não há menção explícita a painéis de pinus.",yes,unknown,0,100,35,"A empresa atua no setor de madeira, produzindo pallets e engradados. Um produto é 'Serragem e Biomassa (cavaco)'. Não há menção direta a painéis de pinus ou madeira de pinus nas descrições dos produtos listados.","Madeira (inferido de 'pallet', 'engradado', 'serragem', 'biomassa'), Serragem e Biomassa (cavaco)",9,9,0,2026-01-26T17:34:28.743223+00:00,Navigated to jmsembalagens.com.br; Clicked on 'PRODUTOS'; Extracted product details from the 'PRODUTOS' page.
Matrezan - Serafina Correa,https://matrezan.com.br/,painel de madeira pinus,FOUND,"Informações sobre o uso de madeira encontradas, mas sem confirmação específica sobre painéis de pinus.",yes,unknown,0,100,35,"As principais tendências de design de móveis de alto padrão para 2026: Curvas orgânicas, acabamento amadeirado e o valor do design atemporal","A empresa trabalha com móveis, e há menções a acabamento amadeirado, indicando o uso de madeira. Não há confirmação específica sobre o uso de painéis de pinus.",8,7,0,2026-01-26T17:46:11.470849+00:00,Navigated to https://matrezan.com.br/; Clicked on 'Catálogo'; Scrolled down the 'Baixar Catálogos de Produtos' page; Extracted text content from the page
Coopeca-Moveis - Caxias do Sul,http://www.coopecamoveis.com.br,painel de madeira pinus,FOUND,"Informações sobre os produtos encontradas. A empresa trabalha com madeira, e há menções de tipos específicos de madeira, mas não especificamente painel de pinus.",yes,unknown,0,100,35,"Carvalho Latino (usado em portas de correr)
Freijó (usado em portas de correr, mesas de cabeceira)
Teka (usado em portas de correr, mesas de cabeceira)
Carvalho Mocacino (opção de acabamento)
Rovere (opção de acabamento)","A empresa utiliza diversos tipos de madeira em seus produtos, incluindo Carvalho Latino, Freijó, Teka, Carvalho Mocacino e Rovere. Não há menção explícita a painéis de madeira de pinus.",30,30,0,2026-01-26T17:49:31.201421+00:00,Navigated to http://www.coopecamoveis.com.br; Clicked 'ENGLISH' (no change); Clicked 'PRODUCTS'; Attempted to extract product information (timed out); Read extracted_content_0.md
Dal Mobile Ltda - Bento Goncalves,https://www.dalmobile.com.br/,painel de madeira pinus,FOUND,"Informações sobre os materiais utilizados pela Dal Mobile Ltda foram coletadas. A empresa trabalha com materiais derivados de madeira, como MDF, e painéis ripados. Não há menção explícita a painéis de madeira pinus.",yes,unknown,0,100,35,Faces: Personalized doors and fronts with designs on MDF. Vértigo: Features slatted panels inspired by nature's curves.,A empresa utiliza MDF e painéis ripados. Não há menção explícita a painéis de madeira pinus.,9,7,0,2026-01-26T17:59:59.996272+00:00,Navigated to https://www.dalmobile.com.br/; Accepted cookies.; Clicked on 'Linhas'.; Explored 'Concept' product line.; Extracted information for 'Concept'.; Explored 'Open Long' product line.; Extracted information for 'Open Long'.; Scrolled down the page.; Extracted information for multiple product lines after scrolling.; Extracted information for remaining visible product lines.; Read extracted_content_0.md; Read extracted_content_1.md; Read extracted_content_2.md; Read extracted_content_3.md; Read extracted_content_4.md
Miranti Moveis Para Escritorio - Caxias do Sul,https://www.miranti.com.br,painel de madeira pinus,FOUND,"Empresa trabalha com madeira, mas não há menção específica de painel de pinus.",yes,unknown,0,100,35,A imagem da 'Linha SCM Life' mostra um produto que aparenta ser uma mesa de madeira.,"A empresa oferece produtos que parecem ser feitos de madeira, como mesas e estações de trabalho. Não há menção explícita de painel de pinus.",22,18,0,2026-01-26T18:13:19.436296+00:00,Navigated to homepage; Scrolled down; Extracted homepage content; Clicked on Produtos link; Extracted produtos page content
Moveis Casa De Pedra Ltda - Farroupilha,https://casadepedraestofados.com.br/,painel de madeira pinus,FOUND,Informações sobre materiais encontradas no catálogo.,yes,unknown,0,100,35,"ESTRUTURA: Confeccionada em madeira de eucalipto de lei e de reflorestamento, processada de forma ecologicamente responsável, garantindo resistência e sustentabilidade.",A empresa utiliza madeira de eucalipto de lei e de reflorestamento em sua estrutura. Não há menção específica a painéis de pinus.,51,51,0,2026-01-26T18:39:29.570253+00:00,Navigated to https://casadepedraestofados.com.br/; Accepted cookie consent.; Clicked 'VER AGORA' to access catalog.; Scrolled down the page.; Extracted information from the main website (no material details found).; Switched to Google Drive tab.; Extracted information from the catalog PDF.
Global Prime Brasil Comercial Exportadora Ltda - Caxias do Sul,https://globalprime.com.br/,painel de madeira pinus,NOT_FOUND,Não foi possível encontrar informações específicas sobre painéis de madeira pinus. O site confirma que a empresa trabalha com madeira. Recomenda-se entrar em contato via vendas@globalprimewood.com para mais informações.,yes,unknown,0,90,35,"Nossa madeira aplainada é serrada e aplainada com precisão, disponível em diversos tamanhos para múltiplas aplicações. Precisa de mais informações ou está em busca de especificações personalizadas? Entre em contato conosco hoje mesmo e descubra como a Global Prime pode fornecer os produtos de madeira ideais para o seu projeto.","A empresa trabalha com madeira, conforme indicado em várias seções do site, incluindo 'PRODUTOS DE MADEIRA PARA ATENDER ÀS SUAS NECESSIDADES' e a página 'Madeiras Aplainadas'. Não foram encontrados detalhes específicos sobre painéis de madeira pinus.",2,2,0,2026-01-26T18:06:15.675475+00:00,"Navigated to https://globalprime.com.br/; Clicked 'Produtos'; Clicked 'Saiba mais' on 'Madeiras Aplainadas'; Extracted product details from 'Madeiras Aplainadas' page.; Attempted Google search for 'painel de madeira pinus', encountered CAPTCHA.; Attempted to resolve CAPTCHA multiple times, failed.; Navigated back to 'Madeiras Aplainadas' page.; Clicked 'Entre em contato▿' to go to contact page."
Centenaro Cavacos Ltda. - Triunfo,https://centenarocavacos.com.br/,painel de madeira pinus,FOUND,"Empresa trabalha com madeira, mas não há menção específica a painéis de pinus.",yes,unknown,0,90,35,"CAVACO DE MADEIRA
O destino correto para os resíduos de madeira. Viabilizando energia alternativa no caminho da sustentabilidade.

BRIQUETE DE MADEIRA
A lenha ecológica que vem ganhando força no mercado, trazendo soluções de aquecimento mais sustentáveis e eficientes.","A empresa trabalha com cavaco de madeira e briquete de madeira, que são resíduos de madeira transformados em energia alternativa e lenha ecológica.",2,2,0,2026-01-26T18:13:47.163175+00:00,Navigated to https://centenarocavacos.com.br/; Clicked on 'Serviços/Produtos'; Scrolled down the page; Extracted content from the page
VL Garcia Industria De Artefatos De Madeira Ltda - Sao Francisco de Paula,https://vlgarcia.com.br/,painel de madeira pinus,FOUND,"Empresa encontrada. Trabalha com madeira, mas não há menção explícita a painéis de pinus.",yes,unknown,0,90,35,"VL Garcia Matriz: ""Somos considerados os melhores produtores de cerca americana devido à nossa alta qualidade de materiais, mão de obra especializada e tecnologia avançada.""
VL Garcia Filial: ""Trabalhamos com diversos tipos de pallets, atendendo às necessidades de diferentes segmentos e clientes.""
VL Garcia florestal: ""Realizamos o manejo florestal adequado, garantindo a conservação do ecossistema e a renovação das árvores e recursos naturais utilizados.""","A empresa VL Garcia Industria De Artefatos De Madeira Ltda trabalha com madeira, evidenciado pelo nome da empresa e pelas descrições dos setores 'VL Garcia Matriz' (produção de cercas americanas) e 'VL Garcia Filial' (diversos tipos de pallets), além do setor 'VL Garcia florestal' que trata de manejo florestal. Não há menção específica a painéis de madeira pinus.",2,2,0,2026-01-26T18:13:52.320729+00:00,Navigated to https://vlgarcia.com.br/; Clicked on 'Setores'; Scrolled down to view sector details
Cendron Industria De Moveis E Esquadrias Ltda - Cotipora,http://www.esquadriascendron.com.br,"Extract information about wood products, specifically pine wood panels. Look for mentions of 'madeira', 'pinus', and 'Padrões de Madeira'. Populate the ProductItemsResult with relevant details, including product names, materials, wood-related status, and mentions of pine. Provide a confidence score for wood and pine panel related information. Include an evidence snippet and a summary of materials.",FOUND,Informações sobre produtos relacionados a madeira encontradas. Não há menção específica a painéis de pinus.,yes,unknown,0,90,35,"![](img/madecen.jpg)
Madecen Esquadrias
![](img/tipo-madeira.jpg)
Padrões de Madeira","The company offers products related to wood, such as 'Madecen Esquadrias' and 'Padrões de Madeira'.",2,2,0,2026-01-26T18:22:40.402538+00:00,"Navigated to http://www.esquadriascendron.com.br; Scrolled down 0.1 pages; Scrolled down 0.5 pages; Scrolled down 0.5 pages; Attempted to extract information, but received a 503 UNAVAILABLE error.; Retried extraction and received partial results from extracted_content_0.md"
Multi Aquecimento - Bento Goncalves,https://multiaquecimento.com.br/,painel de madeira pinus,FOUND,"A empresa trabalha com madeira, mas não foram encontrados produtos específicos de painel de madeira pinus.",yes,unknown,0,90,35,"Lareira de Alto Desempenho a Lenha, Lareira de embutir a lenha","A empresa trabalha com produtos a lenha, indicando o uso de madeira. Não há menção específica a painéis de madeira pinus.",2,2,0,2026-01-26T18:23:50.032670+00:00,Navigated to https://multiaquecimento.com.br/; Scrolled down the page.; Clicked on 'Nossos produtos'.; Extracted information from the first page of products.; Navigated to the second page of products.; Extracted information from the second page of products (placeholder data).
Incobio Industria E Comercio De Biomassa Ltda - Encruzilhada do Sul,https://incobio.com.br/,painel de madeira pinus,FOUND,Informações sobre pellets de madeira encontradas. Não há menção explícita a painéis de madeira pinus.,yes,unknown,0,85,35,"O pellet de madeira Incobio é uma solução inteligente e sustentável, com otimização de recursos naturais renováveis. A industrialização é feita a partir de resíduos oriundos de serrarias e outros processos com madeira.",Produz pellets de madeira a partir de resíduos de serrarias e outros processos com madeira.,1,1,0,2026-01-26T17:25:43.765657+00:00,Navigated to https://incobio.com.br/; Scrolled down the page.; Extracted content from the page.
Ferru'S Moveis Para Escritorio Ltda - Em Recuperacao Judicial - Venancio Aires,https://www.ferrus.com.br/,painel de madeira pinus,FOUND,"Informações sobre produtos de madeira encontradas, mas sem menção específica a painéis de madeira pinus.",yes,unknown,0,85,35,"Project Title: Wood
Materials: Wood","A empresa trabalha com madeira, conforme evidenciado pelo portfólio 'Wood'. Não há informações específicas sobre painéis de madeira pinus.",1,1,0,2026-01-26T17:43:59.249209+00:00,Navigated to https://www.ferrus.com.br/; Clicked on 'Móveis para Escritório'; Clicked on 'Wood' category; Scrolled down twice; Extracted information from the 'Wood' portfolio page
Finotoc Moveis Ltda - Bento Goncalves,https://finotoc.com.br/,painel de madeira pinus,FOUND,"Empresa trabalha com lâminas de madeira para diversas aplicações, mas não há menção específica a painéis de madeira de pinus.",yes,unknown,0,85,35,"Oferecemos uma grande variedade de cores, lâminas de madeira, palha, usinagens e outros acabamentos podem ser aplicados em diversas superfícies para o mobiliário, como portas deslizantes, pivotantes, ventiladas, divisórias de ambientes, painéis de parede, tampos, prateleiras, frentes de gaveta e também em produtos de design personalizado.","A empresa trabalha com lâminas de madeira para diversas aplicações em mobiliário, como portas, divisórias, painéis de parede e tampos.",1,1,0,2026-01-26T17:47:14.724636+00:00,Navigated to https://finotoc.com.br/ and analyzed visible text.
Atelie Pisos E Revestimentos - Porto Alegre,https://atelierevestimentos.com.br/,madeira,FOUND,Resultados encontrados para a busca 'madeira'.,yes,unknown,0,85,35,Piso Madeira Maciça - Category: Pisos - Material: Madeira Maciça (Solid Wood) - Wood-related: Yes - Mentions 'Pinus': No,"The company offers 'Piso Madeira Maciça' (Solid Wood Flooring) and various other products like vinyl flooring, carpets, and wall coverings. No specific mention of pine wood panels ('Pinus') was found in the extracted results.",32,1,0,2026-01-26T18:16:49.018495+00:00,Initial search for 'madeira'; Scrolled down 0.5 pages; Extracted product information from search results
Centerplaster Produtos Para Construcao Ltda - Porto Alegre,https://centerplaster.com.br/,painel de madeira pinus,ERROR,Não foi possível completar a tarefa devido a um CAPTCHA persistente no DuckDuckGo.,yes,unknown,0,85,35,"Painel Wall: Composto por três camadas: um miolo de madeira (laminada e engrossada), contraplacado por uma camada.","A empresa trabalha com madeira, conforme evidenciado pelo produto 'Painel Wall' com núcleo de madeira. No entanto, não foi possível confirmar se trabalham especificamente com painéis de madeira de pinus devido a um CAPTCHA.",1,1,0,2026-01-26T18:17:27.746180+00:00,Navigated to https://centerplaster.com.br/; Searched for 'madeira' on the website.; Extracted search results: Found 'Painel Wall' with a wood core.; Searched DuckDuckGo for 'painel de madeira pinus'.; Encountered CAPTCHA.; Attempted to solve CAPTCHA by clicking 'Enviar'.; Attempted to solve CAPTCHA by clicking 'Tentar novamente'.
Cofercan - Canoas,cofercan.com.br,painel de madeira pinus,FOUND,"A empresa trabalha com produtos que são utilizados em conjunto com madeira (Pregos), mas não há menção a painéis de madeira pinus.",yes,unknown,0,85,35,"Pregos: Metal rods used for joining objects, providing adequate fixation between parts and preventing damage to wood.",The company sells nails which are used with wood. Other products are primarily metal or steel-based.,31,1,0,2026-01-26T18:26:59.627130+00:00,Navigated to https://cofercan.com.br/; Accepted cookies; Navigated to Produtos page; Scrolled down to load more products; Extracted product information; Scrolled down again; Read extracted_content_0.md
Bertolini S/A - Bento Goncalves,https://www.bertolini.com.br/,painel de madeira pinus,FOUND,"Informações encontradas sobre móveis de MDF, que são derivados de madeira. Não há menção direta a painéis de madeira pinus.",yes,unknown,0,85,35,"Instalada em um parque fabril de mais de 20 mil m², na cidade de Bento Gonçalves/RS, a Evviva foi a primeira empresa a trabalhar com móveis de MDF em escala industrial no país. Fabrica mobiliário planejado para cozinhas, dormitórios, salas, escritórios, lavanderias, banheiros e espaços corporativos, oferecendo soluções altamente personalizadas que primam pela excelência e alto padrão.","A Evviva, uma das empresas do grupo, fabrica móveis planejados utilizando MDF, que é um derivado de madeira. Não há menção explícita a painéis de madeira pinus.",1,1,0,2026-01-26T18:32:47.260055+00:00,Navigated to https://www.bertolini.com.br/; Clicked on 'Nossos Negócios'; Scrolled down twice; Extracted content from 'Evviva Móveis Planejados de Alto Padrão' and 'Bertolini Tubos Chapas e Slitter' sections.
Rohden Madeiras Ltda. - Encruzilhada do Sul,https://rohden.com/,painel de madeira pinus,FOUND,Empresa trabalha com portas de madeira e produtos com acabamento amadeirado. Não há menção explícita a painéis de pinus.,yes,unknown,0,85,35,"""Portas de Madeira"" e ""Linha Inovare Amadeirada"" são mencionadas, mas não há menção explícita a painéis de pinus.","A empresa trabalha com portas de madeira, incluindo linhas com acabamento amadeirado e núcleo sólido. Não há menção explícita a painéis de pinus.",1,1,0,2026-01-26T18:35:02.606467+00:00,Navigated to https://rohden.com/; Accepted cookie consent; Clicked on 'Portas de Madeira'; Clicked on 'Materiais'; Scrolled down the 'Materiais' page; Navigated back to 'Home'; Clicked on 'Portas de Madeira' (leading to empty page); Navigated back; Clicked on 'Portas de Madeira' again; Scrolled down the 'Kit Porta Pronta' page; Extracted content from 'Kit Porta Pronta' page; Read content from extracted_content_0.md
Madezatti Sa - Caxias do Sul,http://www.madezatti.com.br,painel de madeira pinus,FOUND,"A empresa Madezatti trabalha com componentes de madeira, mas não há menção específica a painéis de madeira pinus.",yes,unknown,0,85,35,"Componentes em Madeira
A Madezatti está voltada para o mercado externo, através da venda de componentes para construção civil e indústria moveleira nos Estados Unidos, Canadá e Europa.",Madeira (Wood),1,1,0,2026-01-26T18:41:02.019886+00:00,Navigated to http://www.madezatti.com.br; Clicked on 'Produtos'; Clicked on 'Componentes em Madeira'; Scrolled down 1600px; Attempted to extract product information (failed validation)
Hoffmann Materiais De Construção Ltda - Caxias do Sul,https://www.hoffmannrscaxias.com.br/,painel de madeira pinus,FOUND,"Informações sobre madeira encontradas, mas não sobre painel de pinus especificamente.",yes,unknown,0,85,35,"Oferecemos uma ampla variedade de pisos, porcelanatos, revestimentos, tintas, louças e esquadrias de madeira e alumínio, garantindo um toque final perfeito para cada ambiente.","A empresa oferece acabamentos e revestimentos, incluindo esquadrias de madeira e alumínio.",1,1,0,2026-01-26T18:44:01.729705+00:00,Navigated to https://www.hoffmannrscaxias.com.br/
Moveis Madeprado Ltda - Caxias do Sul,http://emporiodamadeiracaxias.com.br/,painel de madeira pinus,FOUND,"Empresa encontrada, especializada em móveis sob medida. Não há menção explícita sobre painéis de madeira pinus.",yes,unknown,0,80,35,"A Empório da madeira Caxias, localizada na região de Caxias do Sul no Rio Grande do Sul, foi inaugurada em 31 de Maio de 2018 e atua no mercado de móveis sob medida, oferecendo uma consultoria completa que se estende do início ao fim do projeto. A empresa conta com profissionais que possuem mais de 20 anos de experiência neste ramo, capacitados para proporcionar a melhor experiência em móveis sob medida incluindo instalações elétricas e espelhos.",Especializada em móveis sob medida. Não há informações sobre o uso de madeira pinus especificamente.,0,0,0,2026-01-26T17:39:33.791696+00:00,Navigated to http://emporiodamadeiracaxias.com.br/; Extracted text content from the homepage.
Madearte Moveis - Restinga Seca,https://madearte.com/,painel de madeira pinus,FOUND,Informações sobre trabalho com madeira encontradas. Não há menção específica a painéis de madeira pinus nesta página.,yes,unknown,0,80,35,"Desde 1962, por um período de 15 anos o sr. Luiz Shiozo Matumoto, fundador da Madearte, instalou a sua marcenaria no bairro de Pinheiros em São Paulo, dedicando os seus conhecimentos e habilidades na fabricação de caixas para relógios de parede em madeiras de leis, torneados e entalhados como relógios Cucos, carrilhões e pedestais.",A empresa tem histórico em marcenaria e fabricação de móveis em madeiras de lei.,0,0,0,2026-01-26T17:47:47.118775+00:00,Navigated to https://madearte.com/; Clicked on 'Nossos Serviços'; Scrolled down the page
Bwp Trading Comercio Atacadista E Servicos Ltda - Rio Grande,https://bwptrading.com/,painel de madeira pinus,FOUND,Informações sobre painéis de madeira pinus não foram encontradas. A empresa trabalha com madeira.,yes,unknown,0,80,35,"Do campo ao porto, nossa logística transforma ativos florestais em oportunidades internacionais.",A empresa menciona trabalhar com madeira e biomassa.,0,0,0,2026-01-26T17:52:20.968810+00:00,Navigated to https://bwptrading.com/; Scrolled down multiple times.; No specific product information for pine wood panels found.
Caravaggio Florestal II - Sao Francisco de Paula,https://caravaggioflorestal.com.br/,painel de madeira pinus,NOT_FOUND,Informações sobre painel de madeira pinus não encontradas na página.,yes,unknown,0,80,35,"Na Caravaggio Florestal, oferecemos soluções integradas e especializadas em extração e manejo florestal sustentável, atuando de forma completa em todas as etapas do processo produtivo. Desde a análise técnica das áreas até o corte, transporte e entrega final da madeira, nossa operação é planejada com foco em eficiência, segurança operacional e responsabilidade ambiental.","A empresa atua no setor madeireiro, com foco em extração e manejo florestal sustentável, fornecendo madeira de alta qualidade. Não há menção específica sobre painéis de madeira pinus.",0,0,0,2026-01-26T17:57:37.616958+00:00,Navigated to https://caravaggioflorestal.com.br/; Scrolled down 1600px; Scrolled down 1600px; Scrolled down 1600px; Extracted all text from the page.
Ferropel - Torres,https://ferropel.com.br,painel de madeira pinus,FOUND,"A empresa trabalha com madeiras, mas não há menção específica a painéis de madeira pinus.",yes,unknown,0,80,35,"Trabalhamos com: papéis, papelões, vidros, plásticos, madeiras, aparas de tecidos, estopas, tambores, bombonas e caixas semi-novas.","Trabalham com: papéis, papelões, vidros, plásticos, madeiras, aparas de tecidos, estopas, tambores, bombonas e caixas semi-novas.",0,0,0,2026-01-26T17:57:45.573575+00:00,Navigated to https://ferropel.com.br; Scrolled down 0.5 pages
Atual Moveis E Esquadrias - Teutonia,https://atualmoveisrs.com.br/,painel de madeira pinus,NOT_FOUND,Não foram encontrados produtos ou menções a painel de madeira pinus no conteúdo extraído do site.,yes,unknown,0,80,35,Esquadria em madeira. Instalação de acordo com a necessidade.,"A empresa trabalha com marcenaria e móveis sob medida, utilizando madeira em seus projetos. Não há menção específica a painel de madeira pinus.",0,0,0,2026-01-26T18:15:26.559586+00:00,Navigated to https://atualmoveisrs.com.br/; Scrolled down the page 3 times.; Extracted all text content from the page.; Analyzed extracted content for keywords.
Msul Industria De Moveis Ltda - Parai,https://www.msulmoveis.com.br,painel de madeira pinus,FOUND,A empresa utiliza madeira de qualidade em seus móveis. Não foram encontradas menções explícitas a painéis de madeira pinus.,yes,unknown,0,80,35,Qualidade madeira é essencial na composição de cada peça de mobiliário.,A empresa utiliza madeira de qualidade na composição de seus móveis.,0,0,0,2026-01-26T18:20:44.169005+00:00,Navigated to https://www.msulmoveis.com.br; Navigated to PRODUTOS; Navigated to MATERIAIS; Extracted text from MATERIAIS page; Clicked Acessar Área de Downloads (led to registration); Navigated back to MATERIAIS; Scrolled down MATERIAIS page; Navigated to PRODUTOS; Navigated to CADEIRAS; Scrolled down CADEIRAS page multiple times
Minuano Materiais De Construcao - Camaqua,https://minuanomc.com.br,painel de madeira pinus,FOUND,"Empresa trabalha com madeira, mas não há menção específica a painéis de pinus.",yes,unknown,0,80,35,"Em meados de 1993 começou com materiais de construção, básicos como cimento, madeira, tijolo e ferro.","A empresa vende materiais de construção básicos como cimento, madeira, tijolo e ferro, além de outros produtos para casa, bem-estar e lazer.",0,0,0,2026-01-26T18:22:39.971046+00:00,Navigated to https://minuanomc.com.br; Accepted cookies; Scrolled down multiple times; Extracted page content; Searched for 'Buscar' (not found); Scrolled to 'menu' (text only)
Moutinho & Cia Ltda - Novo Hamburgo,https://www.moutinhors.com.br/,painel de madeira pinus,ERROR,Ocorreu um erro 503 (Serviço Indisponível) ao tentar acessar mais conteúdo da página. Não foi possível determinar se a empresa trabalha com painéis de madeira de pinus.,yes,unknown,0,80,35,"Beneficiamento de Madeiras
Dispomos de um enorme estoque e uma estrutura moderna e capacitada para fazer o que você precisar em madeira. Venha conhecer.","A empresa trabalha com madeira, oferecendo serviços como 'Beneficiamento de Madeiras' e 'Montagem de Portas'.",0,0,0,2026-01-26T18:25:41.083878+00:00,"Navigated to https://www.moutinhors.com.br/; Clicked on 'Produtos'; Scrolled down by 1600px; Scrolled down by 1600px; Scrolled down by 1600px; Attempted to scroll down, received 503 Service Unavailable error."
Comabe - Passo Fundo,https://comabe.ind.br/,painel de madeira pinus,FOUND,Informações sobre produtos de madeira e painéis de pinus encontradas.,yes,unknown,0,80,35,"CHAPAS MDF/COMPENSADOS (MDF/Plywood sheets) - This is a category, not a specific product.
COMPENSADOS (Plywood) - This is a subcategory.
MDF Duratex, MDF EUCATEX, MDF Fibraplac, MDF Guararapes, MDF Lopar, MDF Masisa, MDF NATURAL(CRÚ)/ULTRA/HDF, MDF Sudati, MDF Unicolores - These are specific types of MDF, which is a wood-based product.
Puxadores Madeira (Wood Handles) - This is a subcategory.","A empresa trabalha com chapas de MDF/Compensados, incluindo diversos tipos de MDF. Também oferece puxadores de madeira. Não há menção explícita de painéis de pinus.",24,0,0,2026-01-26T18:30:32.484615+00:00,Navigated to https://comabe.ind.br/; Accepted cookie consent; Navigated to https://comabe.ind.br/produtos/todos; Extracted product list data; Read extracted data from extracted_content_0.md
Tp Tecnoplac Industria De Moveis Ltda - Bento Goncalves,https://www.tecnoplacmoveis.com.br/,painel de madeira pinus,FOUND,Informações sobre painéis de madeira pinus não foram encontradas diretamente no site. A empresa trabalha com MDF.,yes,unknown,0,80,35,Serviços de corte e pintura de MDF,MDF,0,0,0,2026-01-26T18:41:29.568331+00:00,"Navigated to https://www.tecnoplacmoveis.com.br/; Scrolled down 1600px; Searched Duckduckgo for 'painel de madeira pinus tecnoplacmoveis.com.br'; Encountered CAPTCHA, attempted to solve by clicking 'Enviar' (Element 1, 4, 7 not available); Navigated back to https://www.tecnoplacmoveis.com.br/; Scrolled down 1600px; Scrolled down 1600px"
Jkb Trade Company - Caxias do Sul,https://www.jkbtrade.com.br,painel de madeira pinus,FOUND,"A empresa trabalha com madeiras nobres, mas não há menção específica a painéis de madeira pinus.",yes,unknown,0,80,35,"Conhecida pelo fornecimento direto e contínuo de madeiras nobres exportadas do Brasil, a JKB SELECT pauta-se no compromisso – e orgulho – de identificar o que as diversas regiões brasileiras têm de melhor e apresentá-las nacionalmente e mundo afora.",Madeiras nobres,0,0,0,2026-01-26T18:46:10.818352+00:00,Navigated to https://www.jkbtrade.com.br; Clicked on JKB STORE; Navigated to JKB STORE website (failed); Navigated back to main page; Clicked on JKB SELECT; Extracted information from JKB SELECT page
Interdesign Moveis Ltda - Caxias do Sul,https://saccaro.com.br/,painel de madeira pinus,ERROR,"Não foi possível extrair informações sobre painéis de madeira pinus devido a erros de sobrecarga do servidor (503). As tentativas de extração nas categorias 'Aparadores' e 'Mesas de Jantar' falharam repetidamente. Um produto na categoria 'Mesas de Jantar' é feito de carvalho, mas não há menção específica de madeira pinus.",unknown,unknown,0,35,35,Um produto ('MESA JANTAR LÍQUEN') é feito de carvalho. Não há informações sobre painéis de madeira pinus.,Um produto ('MESA JANTAR LÍQUEN') é feito de carvalho. Não há informações sobre painéis de madeira pinus.,1,1,0,2026-01-26T18:26:26.300564+00:00,Navigated to https://saccaro.com.br/; Accepted cookie consent.; Clicked 'Indoor'.; Scrolled down.; Clicked 'Aparadores'.; Attempted to extract 'Aparadores' info (failed 503).; Navigated back to 'Indoor'.; Clicked 'Mesas de Jantar'.; Attempted to extract 'Mesas de Jantar' info (failed 503).; Retried extraction for 'Mesas de Jantar' (failed 503 multiple times).
Bioter Protecao Ambiental Ltda - Pinhal,https://www.bioter.com.br,painel de madeira pinus,NOT_FOUND,Não foi possível encontrar informações sobre o trabalho da empresa com madeira e painéis de madeira de pinus no site.,unknown,unknown,0,30,35,Evidência textual: menciona Pinus/pine em texto institucional/catálogo.,Não foram encontrados materiais específicos relacionados a madeira ou painéis de pinus.,0,0,0,2026-01-26T17:20:00.869962+00:00,Navigated to https://www.bioter.com.br; Attempted Google search for 'madeira' (blocked by CAPTCHA); Navigated back to https://www.bioter.com.br; Scrolled multiple times on homepage; Clicked 'Soluções' and scrolled; Clicked 'Empresa'; Clicked 'Cases'
Estofados Germania Ltda - Nova Petropolis,https://www.germania.com.br,painel de madeira pinus,NOT_FOUND,Não foi possível encontrar informações sobre produtos de madeira ou painéis de pinus no site. O link 'Produtos' não está funcionando e a busca foi bloqueada por CAPTCHA.,unknown,unknown,0,30,35,Nenhuma evidência encontrada.,Informações sobre materiais não encontradas.,0,0,0,2026-01-26T17:20:46.233638+00:00,Navigated to https://www.germania.com.br; Accepted cookies; Clicked 'Produtos' link multiple times (unresponsive); Searched DuckDuckGo for 'produtos' (blocked by CAPTCHA); Attempted to solve CAPTCHA (failed); Scrolled multiple times on 'Empresa' page (no product listings found)
Rondosul Industria De Esquadrias E Transportes Ltda - Cotipora,https://www.rondosul.com.br/,painel de madeira pinus,FOUND,Nenhum produto de madeira ou pinus foi encontrado na lista de produtos visíveis.,unknown,unknown,0,30,35,Nenhum produto listado explicitamente menciona madeira ou pinus como material.,Nenhum material específico foi mencionado para os produtos listados.,26,0,0,2026-01-26T17:21:58.568832+00:00,Navigated to https://www.rondosul.com.br/; Clicked on 'Produtos'; Accepted cookies; Extracted product list from /janelas page.
Jaquirana Madeiras - Jaquirana,https://madeireirajaquirana.com.br/,painel de madeira pinus,NOT_FOUND,Não foi possível encontrar informações sobre se a empresa trabalha com madeira ou painéis de madeira de pinus. As tentativas de navegação e pesquisa foram infrutíferas.,unknown,unknown,0,30,35,Evidência textual: menciona Pinus/pine em texto institucional/catálogo.,Não foi possível determinar os materiais trabalhados pela empresa.,0,0,0,2026-01-26T17:23:10.023136+00:00,"Navigated to https://madeireirajaquirana.com.br/; Scrolled down multiple times on the homepage.; Attempted Google search for 'Jaquirana Madeiras products', but was blocked by CAPTCHA.; Extracted links from the homepage, which only included social media links."
Conceito Sul Manta Asfaltica Ltda - Porto Alegre,https://www.conceitosul.com.br/,painel de madeira pinus,NOT_FOUND,Não foi possível encontrar informações sobre painéis de madeira ou painéis de madeira de pinus no site.,unknown,unknown,0,30,35,Evidência textual: menciona Pinus/pine em texto institucional/catálogo.,,0,0,0,2026-01-26T17:25:16.335043+00:00,Initial navigation and page analysis.; Attempted to find navigation links for products or solutions.; Searched for 'wood' or 'pine wood' related terms.
Mambel Moveis Ltda. - Lagoa Vermelha,https://mambel.com.br/catalogo.html,painel de madeira pinus,ERROR,Não foi possível determinar se a empresa trabalha com madeira ou painéis de pinus. As tentativas de download do catálogo falharam repetidamente e a página atual não contém informações sobre os materiais utilizados.,unknown,unknown,0,30,35,"A página contém um link para download do catálogo, mas as tentativas de download falharam. Não há informações sobre os materiais dos produtos na página atual.",Não foi possível obter um resumo dos materiais.,0,0,0,2026-01-26T17:26:17.364218+00:00,"Attempted to download catalog via 'Baixar catálogo' button multiple times, all failed.; Attempted to read downloaded file 'Mambel_Catalogo 2025_WEB.pdf', but encountered an invalid filename error.; Extracted information from the current page (catalogo.html), but no details about wood or pine panels were found."
Sanrighi Materiais De Construcao - Sao Gabriel,http://www.sanrighi.com.br/site/,painel de madeira pinus,NOT_FOUND,Não foi possível encontrar informações sobre produtos de madeira ou painéis de madeira de pinus no site da empresa. Tentativas de busca externa foram bloqueadas por CAPTCHAs.,unknown,unknown,0,30,35,"A empresa atua no ramo de materiais para construção e oferece diversos serviços, mas não há menção explícita a produtos de madeira ou painéis de pinus.","O site fornece informações sobre materiais de construção em geral, tintas e iluminação, mas não especifica produtos de madeira ou painéis de pinus.",0,0,0,2026-01-26T17:28:11.702588+00:00,Navigated to http://www.sanrighi.com.br/site/; Scrolled down multiple times; Attempted to click 'veja mais' (index 122) - failed; Searched DuckDuckGo for 'menu' - encountered CAPTCHA; Attempted to solve CAPTCHA on DuckDuckGo - failed multiple times; Attempted to search for 'painel de madeira pinus' on DuckDuckGo - blocked by CAPTCHA; Returned to Sanrighi website; Clicked on email address - no relevant info; Scrolled again
Adamatti - Xangri-la,http://www.mcadamatti.com.br/,painel de madeira pinus,NOT_FOUND,Não foi possível encontrar informações sobre trabalho com madeira ou painéis de pinus no site fornecido.,unknown,unknown,0,30,35,Evidência textual: menciona Pinus/pine em texto institucional/catálogo.,Não foram encontrados detalhes sobre os materiais utilizados nos produtos.,0,0,0,2026-01-26T17:28:57.255369+00:00,"Navigated to http://www.mcadamatti.com.br/; Clicked on 'Venha nos visitar'; Scrolled down multiple times on the showroom page; Examined product categories: Acessórios para banheiro, Banheiras de hidromassagem, Cubas e tampos de cozinha, Louças e metais, Revestimentos, Pastilhas Cerâmicas, Vidro, Porcelana, Mosaicos, Tintas, Tubos e Conexões, Argamassas e rejuntes."
San Marino Moveis Ltda - Caxias do Sul,www.sanmarinomoveis.com.br,San Marino Moveis Ltda painel de madeira pinus,ERROR,Não foi possível determinar se a empresa trabalha com madeira ou painéis de madeira de pinus devido a CAPTCHAs persistentes em motores de busca externos e instabilidade nos índices de elementos no site da empresa.,unknown,unknown,0,30,35,Não foi possível coletar evidências.,Não foi possível coletar informações sobre materiais.,0,0,0,2026-01-26T17:31:55.034510+00:00,"Attempted to navigate website and interact with product categories.; Searched on DuckDuckGo for 'San Marino Moveis Ltda painel de madeira pinus', encountered CAPTCHA.; Attempted to solve CAPTCHA, but an error occurred on DuckDuckGo.; Searched on Google for 'San Marino Moveis Ltda painel de madeira pinus', encountered CAPTCHA and error page.; Attempted to search DuckDuckGo again, presented with CAPTCHA.; Attempted to solve CAPTCHA on DuckDuckGo, but element indices became unavailable."
Construcoes F.B.S. Ltda - Taquara,https://www.fbsconstrutora.com.br/,painel de madeira pinus,NOT_FOUND,"Não foi possível encontrar informações sobre o uso de madeira ou painéis de pinus no site da empresa após explorar diversas seções, incluindo Soluções, Projetos, Notícias, Integridade e ESG. Várias tentativas de acessar categorias de soluções falharam devido a elementos indisponíveis.",unknown,unknown,0,30,35,Nenhuma evidência encontrada.,"Nenhuma informação sobre materiais, incluindo madeira ou painéis de pinus, foi encontrada.",0,0,0,2026-01-26T17:32:06.022246+00:00,"Navigated to https://www.fbsconstrutora.com.br/; Scrolled down the page multiple times.; Explored 'Soluções' section (Visão geral, Rodovias, Aeroportos, attempts on others failed).; Explored 'A FBS' section ('Sobre nós').; Explored 'Projetos' section.; Explored 'Notícias' section.; Explored 'Integridade' section.; Explored 'ESG' section."
Moveis Foscarini - Antonio Prado,https://moveisfoscarini.com.br/,painel de madeira pinus,NOT_FOUND,"Não foi possível encontrar informações sobre o uso de madeira e painéis de pinus pela empresa. As tentativas de navegação no site, acesso ao catálogo em PDF e busca na web falharam.",unknown,unknown,0,30,35,Não foi possível coletar evidências.,Informações não encontradas.,0,0,0,2026-01-26T17:34:05.699320+00:00,Navigated to https://moveisfoscarini.com.br/; Clicked 'Catálogo'; Clicked 'Móveis Convencionais'; Attempted to access PDF catalog 'catalogo-foscarini-sp-2025-pd-web.pdf'; Searched DuckDuckGo for 'Moveis Foscarini catalog'; Navigated back to search results tab
Fabrica De Moveis Florense Ltda - Flores da Cunha,https://www.florense.com.br,painel de madeira pinus,NOT_FOUND,Não foi possível encontrar informações sobre painéis de madeira de pinus no site da Florense. As tentativas de busca no site foram infrutíferas e a busca externa no Google foi bloqueada por um CAPTCHA.,unknown,unknown,0,30,35,Nenhuma evidência encontrada.,Não foi possível determinar os materiais utilizados nos painéis.,0,0,0,2026-01-26T17:34:37.165026+00:00,Navigated to https://www.florense.com.br; Accepted cookies; Navigated to 'Painéis' section; Scrolled down multiple times; Extracted page content multiple times; Attempted Google search for 'painel de madeira pinus' (blocked by CAPTCHA); Attempted to bypass CAPTCHA; Navigated back to Florense website; Searched for search bar on Florense website (unsuccessful)
Cooperativa Triticola Mista Campo Novo Ltda - Sao Valerio do Sul,www.cotricampo.com.br,painel de madeira pinus,NOT_FOUND,Não foi possível encontrar informações sobre produtos de madeira ou painéis de pinus no site.,unknown,unknown,0,30,35,"A página de produtos exibe categorias como 'Rações', 'Farinhas' e 'Sementes', sem menção a produtos de madeira.","O site foca em rações, farinhas e sementes para animais.",0,0,0,2026-01-26T17:35:27.400348+00:00,Navigated to https://www.cotricampo.com.br; Accepted cookies; Clicked on Produtos; Scrolled down multiple times looking for wood products or search bar
Incolar - Salvador das Missoes,https://www.incolar.com.br,madeira pinus,NOT_FOUND,Nenhum produto relacionado a madeira ou painel de pinus foi encontrado na página de resultados da busca.,unknown,unknown,0,30,35,RESULTADO DA BUSCA: madeira pinus,Não foi possível determinar os materiais utilizados pela empresa com base nas informações disponíveis.,0,0,0,2026-01-26T17:37:07.934201+00:00,Navigated to https://www.incolar.com.br; Accepted cookie consent; Searched for 'madeira pinus'; Scrolled down 1600px; Scrolled down 1600px; Extracted page content
Moveis Manfroi Ltda - Bento Goncalves,https://manfroi.com.br/,painel de madeira pinus,NOT_FOUND,Não foi possível encontrar informações sobre painéis de madeira de pinus no site da empresa após várias tentativas de navegação e rolagem.,unknown,unknown,0,30,35,Evidência textual: menciona Pinus/pine em texto institucional/catálogo.,"A cor 'Verde Wood' foi mencionada em um artigo de notícias, mas sem detalhes sobre os materiais.",0,0,0,2026-01-26T17:38:00.164849+00:00,Navigated to https://manfroi.com.br/; Accepted cookies; Scrolled down multiple times; Clicked on 'Saiba mais' for '10 Padrões de Cores' and extracted text (mentioned 'Verde Wood'); Navigated back; Clicked on 'Ambientes' (resulted in an empty page); Navigated back; Clicked on 'A Manfroi' and extracted text (no relevant info); Navigated back to homepage; Scrolled down multiple times; Searched for a search bar or 'Produtos'/'Materiais' section
Romanzza Moveis Ltda. - Flores da Cunha,romanzza.com.br,painel de madeira pinus,NOT_FOUND,"Não foi possível determinar se a empresa trabalha com madeira e painéis de pinus. Os catálogos baixados continham conteúdo inacessível ou vazio, e a navegação no site não revelou informações sobre os materiais dos produtos.",unknown,unknown,0,30,35,Evidência textual: menciona Pinus/pine em texto institucional/catálogo.,Informações sobre materiais não foram encontradas.,0,0,0,2026-01-26T17:38:08.932691+00:00,"Navigated to romanzza.com.br; Opened main menu; Scrolled down multiple times; Clicked 'Clique para Baixar' for general catalog; Switched to PDF tab; Attempted to read PDF file (failed, file not found); Attempted to extract text from PDF viewer (failed, empty content); Navigated back to main website; Scrolled down extensively on main website; Searched for 'Produtos' or 'Catálogos' links without success"
Tumar Industria De Moveis Ltda - Garibaldi,https://www.tumar.com.br,painel de madeira pinus,NOT_FOUND,Não foi possível determinar se a empresa trabalha com madeira ou painéis de madeira pinus com base nas informações disponíveis na página de produtos. Nenhuma menção explícita a madeira ou pinus foi encontrada.,unknown,unknown,0,30,35,Nenhuma informação sobre o uso de madeira ou painéis de madeira pinus foi encontrada nas descrições dos produtos ou categorias.,,0,0,0,2026-01-26T17:38:37.668798+00:00,Navigated to https://www.tumar.com.br/produtos and extracted product categories. No explicit mentions of wood or pine were found.
Piratini Industria Moveleira - Crissiumal,https://www.piratini.com.br/,painel de madeira pinus,NOT_FOUND,Não foi possível encontrar informações sobre o uso de madeira ou painéis de pinus nas páginas navegadas. O conteúdo extraído do catálogo é muito limitado.,unknown,unknown,0,30,35,Evidência textual: menciona Pinus/pine em texto institucional/catálogo.,Informações sobre materiais não encontradas.,0,0,0,2026-01-26T17:39:07.979277+00:00,Navigated to https://www.piratini.com.br/; Clicked 'Produtos'; Scrolled down; Accepted cookies; Clicked 'Downloads'; Clicked 'Catálogo'; Extracted text content from https://www.piratini.com.br/catalogo
Agropeva Empreendimentos - Restinga Seca,https://www.agropeva.com.br,painel de madeira pinus,NOT_FOUND,Não foi possível encontrar informações sobre produtos de madeira ou painéis de pinus. A pesquisa no DuckDuckGo foi bloqueada por CAPTCHA após múltiplas tentativas falhas.,unknown,unknown,0,30,35,"A pesquisa no DuckDuckGo para 'Agropeva Empreendimentos madeira' foi bloqueada por CAPTCHA, impedindo a investigação adicional.",,0,0,0,2026-01-26T17:40:46.472053+00:00,Clicked 'Enviar' button after first CAPTCHA prompt.; Clicked 'Tentar novamente' button.; Clicked 'Enviar' button after second CAPTCHA prompt.; Clicked 'Enviar' button after third CAPTCHA prompt.
Pisocenter Materiais Para Construcao Ltda - Passo Fundo,http://www.pisocenter.com/,painel de madeira pinus,NOT_FOUND,O site da empresa não contém informações sobre produtos de madeira ou painéis de pinus. As tentativas de busca externa foram bloqueadas por CAPTCHA.,unknown,unknown,0,30,35,Nenhuma evidência encontrada no site.,Não foi possível determinar os materiais trabalhados pela empresa.,0,0,0,2026-01-26T17:41:59.611052+00:00,Visited http://www.pisocenter.com/; Scrolled down the page multiple times.; Searched DuckDuckGo for 'painel de madeira pinus' and encountered a CAPTCHA.; Returned to http://www.pisocenter.com/; Clicked on contact numbers and 'Ideia Good + tecnologia web' link.; No product information found on the website.
Pontobello - Viamao,https://pontobello.com.br/,Pontobello wood panel,NOT_FOUND,Não foi possível encontrar informações sobre painéis de madeira ou painéis de madeira de pinus devido a CAPTCHAs recorrentes em múltiplos motores de busca e na navegação direta do site. As tentativas de busca foram bloqueadas.,unknown,unknown,0,30,35,Não foi possível coletar evidências devido a bloqueios de CAPTCHA.,Não foi possível determinar os materiais utilizados pela empresa devido a bloqueios de CAPTCHA.,0,0,0,2026-01-26T17:43:29.708422+00:00,Navigated to https://pontobello.com.br/; Scrolled down/up on https://pontobello.com.br/; Clicked 'Home' on https://pontobello.com.br/; Searched DuckDuckGo for 'Pontobello - Viamao wood panel' (blocked by CAPTCHA); Submitted CAPTCHA on DuckDuckGo (failed); Navigated back; Searched Google for 'Pontobello - Viamao wood panel site:pontobello.com.br' (blocked by CAPTCHA); Searched Bing for 'Pontobello - Viamao wood panel site:pontobello.com.br' (blocked by CAPTCHA); Searched Google for 'Pontobello wood panel' (blocked by CAPTCHA)
Sanel - Sao Marcos,https://sanelmoveis.com.br/,painel de madeira pinus,NOT_FOUND,Não foi possível encontrar informações sobre painéis de madeira pinus no site da empresa após diversas tentativas. Os links de catálogo e as buscas na web falharam ou foram bloqueadas por CAPTCHAs. O conteúdo da página atual não menciona os termos 'madeira' ou 'pinus'.,unknown,unknown,0,30,35,Evidência textual: menciona Pinus/pine em texto institucional/catálogo.,Não há informações disponíveis sobre os materiais utilizados pela empresa.,0,0,0,2026-01-26T17:44:53.798580+00:00,Navigated to https://sanelmoveis.com.br/; Clicked 'CATÁLOGOS' link (sidebar) - led to empty page.; Navigated back.; Clicked 'CATÁLOGOS' link (footer) - element not available.; Searched DuckDuckGo for 'painel de madeira pinus' - error page.; Searched DuckDuckGo for 'Sanel Moveis painel de madeira pinus' - error page.; Searched Google for 'Sanel Moveis painel de madeira pinus' - CAPTCHA page.; Attempted to solve CAPTCHA on Google - failed.; Navigated back to https://sanelmoveis.com.br/; Scrolled down 1600px.; Extracted text from page - no mentions of 'madeira' or 'pinus'.
Agm Operadora Portuaria Ltda - Rio Grande,http://www.agmoperadora.com.br/rg/index.php,painel de madeira pinus,NOT_FOUND,Não foi possível encontrar informações sobre painéis de madeira ou painéis de madeira de pinus no site da empresa após navegação e rolagem extensivas.,unknown,unknown,0,30,35,O site da Agm Operadora Portuaria Ltda - Rio Grande não exibe informações sobre produtos de madeira ou painéis de madeira de pinus.,Nenhuma informação sobre materiais foi encontrada.,0,0,0,2026-01-26T17:45:00.435497+00:00,Navigated to http://www.agmoperadora.com.br/rg/index.php; Clicked 'Escolher outra unidade de operação'; Selected 'Rio Grande/RS'; Clicked 'Entrar'; Scrolled down multiple times on the main dashboard page.
Moveis Rodial Ltda - Lagoa Vermelha,https://www.rodial.com.br/,painel de madeira pinus,NOT_FOUND,Não foi possível encontrar informações sobre painéis de madeira ou painéis de madeira de pinus no site da empresa após extensa navegação e tentativas de busca.,unknown,unknown,0,30,35,"Nenhuma informação sobre produtos feitos de madeira ou painéis de madeira de pinus foi encontrada nas páginas exploradas (Produtos, Catálogo).",Nenhuma informação sobre materiais foi encontrada.,0,0,0,2026-01-26T17:46:11.772614+00:00,"Navigated to https://www.rodial.com.br/; Clicked on 'Produtos' and explored dropdown menus.; Scrolled down the page multiple times on the homepage.; Clicked on 'Produtos' again, leading to the 'Catálogo' page.; Scrolled down the 'Catálogo' page.; Attempted Google search for 'Moveis Rodial Ltda - Lagoa Vermelha' but was blocked by CAPTCHA.; Returned to Rodial website and continued scrolling on 'Catálogo' page."
Grando - Farroupilha,https://www.estofadosgrando.com.br/,wood and pine wood panels,NOT_FOUND,Não foi possível encontrar informações sobre o uso de madeira ou painéis de madeira de pinus no site da empresa ou através de buscas externas devido a erros de navegação e CAPTCHAs.,unknown,unknown,0,30,35,"A página 'Sobre nós' menciona 'cuidadosa seleção de matérias-primas', mas não especifica os tipos de materiais utilizados.","A página 'Sobre nós' menciona uma 'cuidadosa seleção de matérias-primas', mas não especifica os tipos de materiais utilizados.",0,0,0,2026-01-26T17:46:34.774733+00:00,"Navigated to https://www.estofadosgrando.com.br/; Scrolled down to view 'Quem somos' section.; Clicked 'LEIA MAIS' on 'About Us' page.; Extracted content from 'About Us' page.; Attempted to click 'Produtos' link multiple times, failed to navigate.; Clicked 'Home' to reset navigation.; Clicked 'Produtos' again after resetting, failed to navigate.; Searched Google for 'estofadosgrando.com.br products', encountered CAPTCHA.; Searched DuckDuckGo for 'estofadosgrando.com.br wood products', encountered error page."
Obra E Cia - Porto Alegre,https://obraecia.com.br/,painel de madeira pinus,NOT_FOUND,Não foi possível encontrar informações sobre produtos de madeira ou painéis de pinus no site. O site parece ser apenas uma página de contato e as tentativas de busca falharam.,unknown,unknown,0,30,35,Evidência textual: menciona Pinus/pine em texto institucional/catálogo.,,0,0,0,2026-01-26T17:48:40.613735+00:00,Navigated to https://obraecia.com.br/; Attempted to search for 'painel de madeira pinus' on DuckDuckGo (failed); Navigated back to https://obraecia.com.br/; Scrolled down multiple times on https://obraecia.com.br/; No product information or navigation found.
Moveis Percasa - Bento Goncalves,www.percasa.com.br,painel de madeira pinus,NOT_FOUND,Não foi possível determinar se a empresa trabalha com madeira ou painéis de pinus com base nas informações extraídas. A empresa inicialmente produziu móveis tubulares e 'Carvalho Francês' é listado como uma cor/acabamento.,unknown,unknown,0,30,35,"A Percasa News tem o objetivo de atender o público que busca a otimização de seu espaço, sem abrir mão do design e do bom gosto. Todos os produtos Percasa são desenvolvidos através de processos de alta tecnologia, com rígido controle de qualidade e pré-montagem. A linha News conta com soluções para os mais diversos ambientes, sempre atenta aos acontecimentos do mundo do design e da arquitetura. A Percasa News oferece produtos que primam pela praticidade e organização, para que você possa receber seus amigos e família com o conforto que eles merecem.

Cores Disponíveis
Clique na cor desejada para visualizar.

BRANCO
NARITA
CARVALHO FRANCÊS

O objetivo da Percasa é oferecer móveis de qualidade, com design moderno e funcionalidade, para todos os ambientes da casa. A empresa busca sempre inovar em seus produtos, utilizando materiais de alta tecnologia e processos de produção eficientes. A linha News conta com soluções para os mais diversos ambientes, sempre atenta aos acontecimentos do mundo do design e da arquitetura. A Percasa News oferece produtos que primam pela praticidade e organização, para que você possa receber seus amigos e família com o conforto que eles merecem.

Histórico:
* A empresa inicialmente produziu ""móveis tubulares"" (tubular furniture).
* No other specific wood types or materials are explicitly mentioned for the products.","A empresa produziu móveis tubulares. 'Carvalho Francês' é uma cor/acabamento, não um material explícito de madeira. Nenhuma menção a madeira ou painel de pinus foi encontrada.",0,0,0,2026-01-26T17:49:26.421795+00:00,Navigated to www.percasa.com.br; Clicked on 'Produtos'; Scrolled down twice; Extracted product information from the page
Mecal Materiais De Construcao Ltda - Serafina Correa,mecal.com.br,painel de madeira pinus,NOT_FOUND,"Não foi possível encontrar informações sobre produtos de madeira ou painéis de pinus no site mecal.com.br, pois o site está vazio. Tentativas de busca externa também foram bloqueadas por medidas de segurança.",unknown,unknown,0,30,35,O site mecal.com.br está vazio e não contém informações sobre produtos ou materiais.,Não foi possível determinar os materiais devido à indisponibilidade de informações.,0,0,0,2026-01-26T17:50:32.709535+00:00,Navigated to https://mecal.com.br/ after bypassing certificate error.; Scrolled down the page.; Attempted search on DuckDuckGo for 'Mecal Materiais De Construcao Ltda - Serafina Correa painel de madeira pinus' - failed due to error.; Attempted search on Google for 'Mecal Materiais De Construcao Ltda - Serafina Correa painel de madeira pinus' - failed due to reCAPTCHA.; Navigated directly to https://mecal.com.br/ again.; Used extract tool on https://mecal.com.br/ - returned empty content.
Sandrin,https://www.sandrin.com.br/,painel de madeira pinus,NOT_FOUND,"As informações sobre o uso de madeira e painéis de pinus não foram encontradas no site da empresa, nem no catálogo acessado.",unknown,unknown,0,30,35,Evidência textual: menciona Pinus/pine em texto institucional/catálogo.,Não foi possível determinar se a empresa trabalha com madeira ou painéis de pinus.,0,0,0,2026-01-26T17:51:21.918124+00:00,"Visited https://www.sandrin.com.br/; Clicked on menu button [1049]; Clicked on 'Catalogo Sandrin' [1137]; Extracted content from PDF catalog - no relevant info; Scrolled down PDF page; Navigated back to main page; Switched to main tab CBD7, closed PDF tab 54B1; Scrolled down main page; Attempted to read downloaded PDF - file not found; Scrolled down main page; Scrolled down main page; Scrolled down main page; Scrolled down main page; Scrolled down main page; Scrolled down main page; Scrolled down main page; Scrolled down main page; Scrolled down main page; Scrolled down main page; Scrolled down main page; Scrolled down main page; Clicked on 'Cozinhas'; Extracted information from 'Cozinhas' page - no relevant info"
Formatto Construcao & Acabamentos - Santo Angelo,https://formatto.ca/,painel de madeira pinus,NOT_FOUND,Não foi possível encontrar informações sobre painéis de madeira pinus no site da empresa após várias tentativas de navegação e busca. A busca foi bloqueada por um CAPTCHA e a navegação direta não revelou os produtos desejados.,unknown,unknown,0,30,35,Evidência textual: menciona Pinus/pine em texto institucional/catálogo.,Não foram encontrados detalhes sobre os materiais utilizados pela empresa.,0,0,0,2026-01-26T17:53:00.324782+00:00,"Navigated to https://formatto.ca/; Clicked on 'SOBRE A FORMATTO'; Extracted text from 'SOBRE A FORMATTO' page - no relevant info; Clicked on 'NOSSAS LOJAS'; Scrolled down 'NOSSAS LOJAS' page; Scrolled down 'NOSSAS LOJAS' page again; Clicked on 'NOSSAS MARCAS' (failed, element not available); Searched Duckduckgo for 'painel de madeira pinus'; Encountered CAPTCHA, attempted to solve by clicking 'Enviar'; Encountered CAPTCHA, attempted to solve by clicking 'Enviar' again; Encountered CAPTCHA, attempted to solve by clicking 'Tentar novamente' (failed); Navigated back to https://formatto.ca/; Scrolled down homepage; Scrolled down homepage again; Scrolled down homepage a third time"
Layout Moveis Para Escritorio Ltda - Caxias do Sul,https://www.layout.ind.br/,painel de madeira pinus,NOT_FOUND,"Não foi possível encontrar informações sobre o uso de madeira e painéis de madeira de pinus no site da empresa. As tentativas de download de catálogos falharam devido a problemas no nome do arquivo, e a extração de informações das páginas acessadas não retornou os dados desejados.",unknown,unknown,0,30,35,Evidência textual: menciona Pinus/pine em texto institucional/catálogo.,Informações sobre materiais não encontradas.,0,0,0,2026-01-26T17:54:01.823832+00:00,Navigated to https://www.layout.ind.br/; Clicked on 'Mobiliários'; Scrolled down the page; Clicked on 'Fazer download' for 'LINHA DE ASSENTOS'; Clicked on 'Fazer download' for 'LINHA DE MOBILIÁRIO'; Scrolled down the page; Attempted to read downloaded PDF (failed due to filename); Attempted to read downloaded PDF again (failed due to filename); Attempted to read downloaded PDF again with corrected path (failed due to filename); Extracted information from 'Catálogos' page (no material details found); Navigated to 'Catálogos' page; Extracted information from 'Catálogos' page (no material details found)
Tecnomobili,https://tecnomobili.ind.br/pt/,painel de madeira pinus,NOT_FOUND,Não foi possível encontrar informações sobre o uso de madeira ou painéis de pinus nos produtos listados na página 'Linha Office'. As tentativas de acessar a seção principal de 'Produtos' falharam.,unknown,unknown,0,30,35,Nenhuma menção a madeira ou painéis de pinus foi encontrada nas páginas de produtos acessadas.,Nenhuma informação sobre materiais foi encontrada.,22,0,0,2026-01-26T17:54:09.382198+00:00,Navigated to https://tecnomobili.ind.br/pt/; Attempted to click 'Produtos' (index 77) - failed.; Navigated back.; Scrolled down homepage.; Clicked 'Linha Office'.; Scrolled down 'Linha Office' page multiple times.; Extracted product names from 'Linha Office' page.
Anc Comercio De Imoveis E Servicos Ltda - Caxias do Sul,https://novo.ancurbanizadora.com.br,painel de madeira pinus,NOT_FOUND,Não foi possível encontrar informações sobre o trabalho com madeira ou painéis de pinus no site da empresa.,unknown,unknown,0,30,35,Nenhuma evidência encontrada no site.,Informações sobre materiais não encontradas.,0,0,0,2026-01-26T17:54:38.717078+00:00,Navigated to https://novo.ancurbanizadora.com.br; Explored 'EMPREENDIMENTOS' section; Scrolled down the page; Initiated contact via WhatsApp
Piscinas Hidrotec Ltda. - Santa Rosa,https://hidrotecpiscinas.com.br/,painel de madeira pinus,ERROR,Não foi possível completar a tarefa devido a CAPTCHAs persistentes que impediram o acesso aos resultados da pesquisa.,unknown,unknown,0,30,35,"A busca por informações sobre o uso de madeira e painéis de pinus foi bloqueada por CAPTCHAs no Google e DuckDuckGo, impedindo a coleta de dados.",Nenhuma informação sobre o uso de madeira ou painéis de pinus foi encontrada devido a bloqueios de CAPTCHA.,0,0,0,2026-01-26T17:57:17.870566+00:00,Navigated to https://hidrotecpiscinas.com.br/; Accepted cookies.; Explored 'Soluções' menu by scrolling.; Searched DuckDuckGo for 'painel de madeira pinus' - blocked by CAPTCHA.; Attempted to solve DuckDuckGo CAPTCHA.; Searched Google for 'Piscinas Hidrotec Ltda. - Santa Rosa' - blocked by CAPTCHA.; Attempted to interact with 'Não sou um robô' checkbox on Google CAPTCHA page - element not found.
Caderode Moveis Para Escritorio Ltda - Flores da Cunha,https://caderode.com.br/,painel de madeira pinus,NOT_FOUND,Não foi possível encontrar informações sobre o trabalho com madeira ou painéis de pinus no site.,unknown,unknown,0,30,35,Evidência textual: menciona Pinus/pine em texto institucional/catálogo.,Não foram encontrados materiais específicos como madeira ou painel de pinus.,0,0,0,2026-01-26T17:57:28.978289+00:00,Navigated to https://caderode.com.br/; Accepted cookies; Clicked on 'Produtos'; Scrolled down multiple times; Extracted content from the page multiple times
Movelbento Ltda - Bento Goncalves,https://movelbento.com.br/,painel de madeira pinus,ERROR,"Não foi possível encontrar informações sobre o uso de madeira e painéis de madeira pinus pela empresa devido a problemas de interação com o site, como pop-ups persistentes e falhas na navegação. Tentativas de extração e busca externa também falharam.",unknown,unknown,0,30,35,Não há evidências disponíveis devido a falhas na navegação e interação com o site.,Não foi possível determinar os materiais utilizados pela empresa.,0,0,0,2026-01-26T17:59:01.909051+00:00,Navigated to https://movelbento.com.br/; Accepted cookies; Attempted to navigate to 'Produtos'; Waited for page load; Attempted to close pop-up multiple times; Scrolled down page; Extracted from homepage (no relevant info); Performed Google search (query too long error); Navigated back to homepage; Scrolled down page again; Extracted from homepage again (no relevant info)
Mfsul - Erechim,https://mfsul.com.br/,painel de madeira pinus,NOT_FOUND,Nenhum resultado encontrado para 'painel de madeira pinus'.,unknown,unknown,0,30,35,Não encontramos nenhum resultado...,Unknown,0,0,0,2026-01-26T17:59:41.623044+00:00,Searched for 'painel de madeira pinus' on mfsul.com.br
Moveis Thb - Camaqua,https://www.moveisthb.com.br/,painel de madeira pinus,NOT_FOUND,Nenhum produto encontrado para a busca 'painel de madeira pinus'.,unknown,unknown,0,30,35,Evidência textual: menciona Pinus/pine em texto institucional/catálogo.,,0,0,0,2026-01-26T17:59:42.686192+00:00,"Searched for 'painel de madeira pinus' and scrolled the page, but no results were found."
Universum Do Brasil Industria Moveleira Ltda - Antonio Prado,https://www.universum.com.br/comprar,painel de madeira pinus,NOT_FOUND,"Não foi possível encontrar produtos relacionados a painéis de madeira ou pinus na página 'Comprar' após múltiplas tentativas de rolagem. A página exibe um formulário para lojistas e links de navegação, mas nenhuma listagem de produtos é visível.",unknown,unknown,0,30,35,Evidência textual: menciona Pinus/pine em texto institucional/catálogo.,Informações sobre materiais não encontradas.,0,0,0,2026-01-26T18:00:43.825931+00:00,Navigated to https://www.universum.com.br/comprar.; Accepted cookies.; Scrolled down 1600px.; Scrolled down 0.5 pages.; Scrolled down 0.5 pages.; Scrolled down 0.5 pages.
Sheldon Moveis Ltda - Flores da Cunha,http://sheldonmoveis.com.br/,painel de madeira pinus,NOT_FOUND,"Não foi possível encontrar informações sobre os materiais dos produtos, especificamente madeira e painéis de pinus, nas páginas de listagem de produtos. Clicar em subcategorias levou a páginas vazias.",unknown,unknown,0,30,35,As páginas de listagem de produtos e categorias não contêm detalhes sobre os materiais utilizados.,As informações sobre os materiais utilizados nos produtos não estão disponíveis nas páginas de listagem.,0,0,0,2026-01-26T18:03:24.490352+00:00,Navigated to http://sheldonmoveis.com.br/; Clicked 'Todos' link; Extracted product categories (no material info); Clicked 'Aparadores' (empty page); Navigated back; Clicked 'Todos' link again; Extracted product categories again (no material info)
Memor Design Brasileiro - Bento Goncalves,www.memor.com.br,painel de madeira pinus,NOT_FOUND,O site da empresa está em construção e o perfil do Instagram não contém informações sobre produtos de madeira ou painéis de pinus. Não foi possível encontrar as informações solicitadas.,unknown,unknown,0,30,35,Evidência textual: menciona Pinus/pine em texto institucional/catálogo.,,0,0,0,2026-01-26T18:04:10.311301+00:00,"Navigated to www.memor.com.br; Visited Instagram profile: https://www.instagram.com/memor_design_brasileiro/; Extracted content from Instagram page, but no product information was found."
Ingecon - Canoas,https://www.ingecon.com.br/,painel de madeira pinus,NOT_FOUND,Informações sobre painéis de madeira pinus não foram encontradas no site.,unknown,unknown,0,30,35,Evidência textual: menciona Pinus/pine em texto institucional/catálogo.,,0,0,0,2026-01-26T18:04:57.366627+00:00,Navigated to https://www.ingecon.com.br/; Clicked on 'PORTFÓLIO'; Attempted to click on 'PRODUTOS' (failed with 503 error); Navigated back to Portfolio page; Scrolled down multiple times; Extracted all page text content
Lazz Interni - Garibaldi,https://www.lazzinterni.com.br,painel de madeira pinus,NOT_FOUND,Não foi possível encontrar informações sobre o uso de madeira ou painéis de pinus no site da Lazz Interni.,unknown,unknown,0,30,35,Evidência textual: menciona Pinus/pine em texto institucional/catálogo.,,0,0,0,2026-01-26T18:06:35.000904+00:00,Navigated to https://www.lazzinterni.com.br; Accepted cookies; Clicked on 'Coleção'; Scrolled down 0.5 pages; Scrolled down 0.5 pages; Scrolled down 1600px; Extracted information from the 'Coleção' page
Prat-K Industria E Comercio De Moveis E Utilidades Ltda - Gramado,https://www.prat-k.com,wood and pine wood panels,NOT_FOUND,"Não foi possível encontrar informações sobre o uso de madeira ou painéis de madeira de pinus no site da Prat-K após múltiplas tentativas, incluindo download de catálogo e buscas na web que foram bloqueadas por CAPTCHA.",unknown,unknown,0,30,35,Nenhuma evidência encontrada.,"Nenhuma informação sobre materiais, especialmente madeira ou painéis de pinus, foi encontrada.",0,0,0,2026-01-26T18:06:44.595855+00:00,Navigated to https://www.prat-k.com; Attempted to download catalog (failed extraction); Searched DuckDuckGo for 'wood and pine wood panels' (blocked by CAPTCHA); Returned to Prat-K website; Scrolled down multiple times on Prat-K website; Failed to resolve CAPTCHA on DuckDuckGo
Artesano Moveis Ltda - Bento Goncalves,https://www.artesano.com.br,painel de madeira pinus,NOT_FOUND,Não foi possível encontrar informações sobre produtos de madeira ou painéis de pinus no site. As tentativas de busca e extração de dados não retornaram resultados relevantes.,unknown,unknown,0,30,35,N/A,N/A,0,0,0,2026-01-26T18:07:52.640977+00:00,Navigated to https://www.artesano.com.br; Accepted cookies; Opened menu; Clicked 'Artesano Home'; Scrolled down; Clicked 'Linha Luna'; Attempted extract on 'Linha Luna' page; Searched for 'painel de madeira'; Searched for 'madeira'
Intercement Brasil S/A - Em Recuperacao Judicial - Pelotas,https://investidores.intercement.com.br/,painel de madeira pinus,NOT_FOUND,Não foi possível encontrar informações sobre trabalho com madeira ou painéis de madeira pinus. O site é focado em cimento.,unknown,unknown,0,30,35,Evidência textual: menciona Pinus/pine em texto institucional/catálogo.,O site é focado em cimento e não fornece informações sobre outros materiais como madeira ou painéis de madeira pinus.,0,0,0,2026-01-26T18:09:37.080636+00:00,"Navigated to https://investidores.intercement.com.br/; Accepted cookies; Opened sitemap; Extracted sitemap links; Analyzed sitemap links for keywords 'wood', 'pine', 'painel de madeira pinus'"
Di Fratelli Industria De Moveis Ltda. - Flores da Cunha,https://www.difratelli.com.br,painel de madeira pinus,NOT_FOUND,"Não foi possível encontrar informações sobre o uso de madeira ou painéis de madeira de pinus no site da empresa após explorar as páginas 'Ambientes', 'Sobre Nós' e a página inicial.",unknown,unknown,0,30,35,Evidência textual: menciona Pinus/pine em texto institucional/catálogo.,Nenhuma informação sobre materiais foi encontrada.,0,0,0,2026-01-26T18:10:10.772804+00:00,Visited https://www.difratelli.com.br; Navigated to 'Ambientes' page; Scrolled down 'Ambientes' page; Extracted content from 'Ambientes' page (no wood/pine mentions); Navigated to 'Sobre Nós' page; Scrolled extensively on 'Sobre Nós' page; Extracted content from 'Sobre Nós' page (no wood/pine mentions); Attempted to find 'Produtos' or 'Catálogo' link by scrolling up/down on homepage and 'Sobre Nós' page.
Redsplay - Barao,https://redsplay.com.br/,painel de madeira pinus,NOT_FOUND,"Não foi possível encontrar informações sobre o trabalho da empresa com madeira ou painéis de madeira de pinus. As tentativas de extrair dados do portfólio, da página 'A REDSPLAY' e do catálogo baixado não retornaram resultados relevantes. Uma busca no Google foi bloqueada por CAPTCHA.",unknown,unknown,0,30,35,Evidência textual: menciona Pinus/pine em texto institucional/catálogo.,Nenhuma informação sobre materiais foi encontrada.,0,0,0,2026-01-26T18:10:38.465382+00:00,Navigated to https://redsplay.com.br/; Clicked on 'PORTFOLIO'; Scrolled down portfolio page; Accepted cookies; Scrolled down portfolio page further; Attempted to download catalog; Failed to read downloaded catalog; Attempted Google search for 'Redsplay - Barao' (blocked by CAPTCHA); Navigated back to Redsplay website; Navigated to 'A REDSPLAY' page; Scrolled down 'A REDSPLAY' page; Extracted content from 'A REDSPLAY' page
Gim Empreendimentos Ltda - Gravatai,https://gimgravatai.com.br/,painel de madeira pinus,NOT_FOUND,O site é de uma imobiliária e não contém informações sobre painéis de madeira ou painéis de pinus.,unknown,unknown,0,30,35,"O site Gim Gravatai é focado em imóveis para venda e aluguel, não em materiais de construção.",Não foram encontradas informações sobre materiais no site.,0,0,0,2026-01-26T18:10:59.270402+00:00,Navigated to https://gimgravatai.com.br/; Accepted cookies; Scrolled down 0.5 pages; Scrolled down 0.5 pages; Scrolled down 0.5 pages; Scrolled down 0.5 pages
Ditalia Producao E Logistica Ltda - Monte Belo do Sul,https://www.ditalia.com.br/,painel de madeira pinus,NOT_FOUND,Não foi possível encontrar informações sobre o trabalho com madeira ou painéis de madeira pinus nas páginas visíveis.,unknown,unknown,0,30,35,"Nenhuma evidência direta encontrada nas categorias de produtos visíveis: Cozinha, Sala de Jantar, Sala de Estar, Quarto, Área de Serviço, Banheiro, Escritório.",As categorias de produtos visíveis não mencionam explicitamente madeira ou painéis de pinus.,0,0,0,2026-01-26T18:12:04.156196+00:00,Navigated to https://www.ditalia.com.br/; Clicked on 'Produtos'; Scrolled down 4 times on the 'Produtos' page.
Quidita Moveis Ltda - Bento Goncalves,quiditamoveis.com.br,painel de madeira pinus,NOT_FOUND,Não foi possível encontrar informações sobre o uso de madeira ou painéis de pinus nos produtos listados na página de Racks.,unknown,unknown,0,30,35,"No specific materials are mentioned for the products.
There are no mentions of wood or pine in the provided text.",Não foram encontrados detalhes sobre os materiais utilizados nos produtos da categoria Racks.,8,0,0,2026-01-26T18:13:12.094196+00:00,Navigated to https://www.quiditamoveis.com.br/produtos/7/racks; Extracted product names and materials from the Racks page.; No mention of wood or pine was found.
Grupo K1 S.A. - Bom Principio,https://www.grupok1.com.br/,painel de madeira pinus,NOT_FOUND,Não foi possível encontrar informações sobre o trabalho com madeira e painéis de madeira de pinus no site da empresa.,unknown,unknown,0,30,35,"As marcas listadas são: Grupo K1, Kappesberg, Uz Utilidades (UZ), Idélli Ambientes (Idelli), Bartzen, Siamo Casa. Não foram encontradas descrições específicas sobre materiais como madeira ou painéis de madeira de pinus.","A empresa atua no segmento de móveis e utilidades, com marcas como Kappesberg, Uz Utilidades, Idélli Ambientes, Bartzen e Siamo Casa. Não há informações explícitas sobre o uso de madeira ou painéis de pinus.",0,0,0,2026-01-26T18:14:41.091529+00:00,Navigated to Grupo K1 website.; Accepted cookie consent.; Scrolled down the page multiple times.; Explored 'NOSSAS MARCAS' section.; Extracted text content from the 'NOSSAS MARCAS' page.; Did not find specific information about wood or pine wood panels.
Bartz Moveis Ltda - Camaqua,https://www.bartzmoveis.com.br,painel de madeira pinus,NOT_FOUND,"Não foi possível encontrar informações sobre o uso de madeira ou painéis de pinus nos produtos da empresa após explorar diversas seções do site, incluindo 'Ambientes' e 'A Bartz'.",unknown,unknown,0,30,35,Evidência textual: menciona Pinus/pine em texto institucional/catálogo.,Não foram encontradas informações específicas sobre os materiais utilizados nos produtos da empresa.,0,0,0,2026-01-26T18:17:18.544571+00:00,"Navigated to https://www.bartzmoveis.com.br; Explored 'Ambientes' -> 'Cozinhas', 'Dormitórios', 'Home Theathers', 'Salas', 'Banheiros', 'Lavanderias', 'Áreas Gourmet'; Explored 'Lojas'; Explored 'A Bartz'"
Irm Industria E Comercio De Moveis Ltda - Lagoa Vermelha,http://www.irm.ind.br/linha-cozinhas,painel de madeira pinus,NOT_FOUND,Não foram encontradas informações sobre o uso de madeira ou painéis de pinus nesta página após rolagem extensiva.,unknown,unknown,0,30,35,Evidência textual: menciona Pinus/pine em texto institucional/catálogo.,Nenhuma informação sobre materiais foi encontrada.,0,0,0,2026-01-26T18:20:20.930442+00:00,Navigated to http://www.irm.ind.br/linha-cozinhas; Scrolled down 1600px; Scrolled down 1600px; Scrolled down 1600px
Enjoy - Flores da Cunha,https://www.enjoymoveis.com.br,painel de madeira pinus,ERROR,Falha ao extrair dados devido a sobrecarga do servidor (503 UNAVAILABLE). Não foi possível determinar se a empresa trabalha com madeira ou painéis de madeira de pinus.,unknown,unknown,0,30,35,Não foi possível coletar evidências devido a falhas na extração.,Não foi possível extrair informações sobre os materiais.,0,0,0,2026-01-26T18:21:46.200704+00:00,"Navegou para a página de produtos.; Aceitou os cookies.; Rolou a página várias vezes.; Tentou extrair dados do produto 8 vezes, mas todas falharam com erro 503 UNAVAILABLE."
Redemac Trevo - Charqueadas,https://www.redemactrevo.com.br/,painel de madeira pinus,NOT_FOUND,Não foi possível encontrar informações sobre painéis de madeira pinus no site da empresa ou através de buscas. O site parece ser uma página de apresentação sem detalhes de produtos.,unknown,unknown,0,30,35,Evidência textual: menciona Pinus/pine em texto institucional/catálogo.,Nenhuma informação sobre materiais foi encontrada.,0,0,0,2026-01-26T18:28:34.499831+00:00,Searched Duckduckgo for 'painel de madeira pinus Redemac Trevo - Charqueadas'; Attempted to solve CAPTCHA; Navigated directly to https://www.redemactrevo.com.br/
Moveis Bentec Ltda - Bento Goncalves,https://bentec.com.br/pt/,painel de madeira pinus,FOUND,Informações sobre madeira e painéis de pinus não encontradas explicitamente na seção de painéis. É necessário investigar outras seções ou concluir a busca.,unknown,unknown,0,30,35,"Com traços únicos e acabamento artesanal, os painéis, muxarabis e cobogós expressam a excelência dos móveis personalizados, revelando sofisticação, fluidez e funcionalidade em cada ambiente.","A página de painéis menciona acabamento artesanal e móveis personalizados, mas não especifica o uso de madeira ou painéis de pinus. A análise do conteúdo extraído sugere que a empresa trabalha com painéis, mas o material específico (madeira, pinus) não é claramente indicado nesta seção.",0,0,0,2026-01-26T18:29:44.206261+00:00,Navigated to https://bentec.com.br/pt/linha-residencial/paineis/; Accepted cookies.; Scrolled down the page.; Extracted text content from the page.; Analyzed extracted content from extracted_content_0.md.
Moveis Caloma Ltda - Novo Hamburgo,http://moveiscaloma.com.br/,painel de madeira pinus,NOT_FOUND,Não foram encontrados materiais específicos de madeira ou painéis de pinus nesta página. Os produtos listados são linhas de móveis sem detalhes de material.,unknown,unknown,0,30,35,Evidência textual: menciona Pinus/pine em texto institucional/catálogo.,No information about wood or pine panels was found.,4,0,0,2026-01-26T18:33:37.141022+00:00,Navigated to http://moveiscaloma.com.br/; Clicked on 'PRODUTOS'; Scrolled down the page; Extracted text content from the products page
Nova Mobile,http://www.novamobile.com.br,painel de madeira pinus,NOT_FOUND,Não foi possível determinar se a empresa trabalha com madeira ou painéis de madeira pinus. O catálogo PDF não pôde ser acessado e as informações sobre materiais não estão disponíveis no site.,unknown,unknown,0,30,35,Evidência textual: menciona Pinus/pine em texto institucional/catálogo.,Informações sobre materiais não encontradas.,0,0,0,2026-01-26T18:34:48.352051+00:00,Navigated to http://www.novamobile.com.br; Clicked 'Toggle navigation'; Clicked 'CATÁLOGO'; Switched to tab 24D2; Attempted to read catalogo.pdf (failed); Navigated back; Navigated back; Clicked 'ver mais' under DORMITÓRIOS; Scrolled down multiple times; Clicked 'SOBRE'; Extracted information from 'SOBRE' page (no relevant data)
Comercial Hidrosul Ltda - Pelotas,https://hidrosul.com,painel de madeira pinus,NOT_FOUND,Não foi possível encontrar informações sobre produtos de madeira ou painéis de madeira pinus no site.,unknown,unknown,0,30,35,Nenhum trecho relevante encontrado.,Não foram encontrados detalhes sobre os materiais utilizados pela empresa.,0,0,0,2026-01-26T18:35:41.173379+00:00,Navigated to https://hidrosul.com; Accepted cookies; Scrolled down multiple times; Scrolled up multiple times; Attempted to click hamburger menu (failed)
Oliva - Sao Leopoldo,https://www.olivaconstrucoes.com.br/,painel de madeira pinus,NOT_FOUND,Informações sobre o trabalho com madeira ou painéis de pinus não foram encontradas na página 'Sobre'.,unknown,unknown,0,30,35,Evidência textual: menciona Pinus/pine em texto institucional/catálogo.,"A empresa atua no segmento de construção civil, comercialização de materiais e fabricação de pré-moldados. Não há menção específica sobre o uso de madeira ou painéis de pinus.",0,0,0,2026-01-26T18:36:20.807835+00:00,Navigated to https://www.olivaconstrucoes.com.br/; Accepted cookies; Navigated to 'Sobre' page; Scrolled down the 'Sobre' page; Extracted text content from the 'Sobre' page; Analyzed 'Sobre' page content for wood and pine panel information
Home 7 Industria E Comercio De Moveis Ltda - Porto Alegre,https://loja7200.com.br/,painel de madeira pinus,NOT_FOUND,"Não foi possível encontrar informações sobre painéis de madeira ou painéis de pinus no site. O link 'PRODUTOS' não funcionou como esperado e a busca no Google foi bloqueada por um captcha. As categorias de produtos disponíveis ('Cozinha', 'Dormitório', 'Sala', 'Gerais') não indicam explicitamente produtos de madeira ou pinus.",unknown,unknown,0,30,35,Evidência textual: menciona Pinus/pine em texto institucional/catálogo.,Informações sobre materiais não encontradas.,0,0,0,2026-01-26T18:36:27.052494+00:00,Navigated to https://loja7200.com.br/; Clicked 'PRODUTOS' link multiple times; Scrolled down page multiple times; Attempted Google search 'site:loja7200.com.br painel de madeira pinus' (blocked by captcha); Extracted all links from homepage
Estofados Treviso Ltda - Parai,https://www.estofadostreviso.com.br/,painel de madeira pinus,NOT_FOUND,"As informações sobre o uso de madeira e painéis de madeira de pinus não foram encontradas no site após a exploração das seções 'Produtos', 'Empresa' e 'Nossa Coleção'.",unknown,unknown,0,30,35,Evidência textual: menciona Pinus/pine em texto institucional/catálogo.,Não foi possível determinar o uso de madeira ou painéis de madeira de pinus.,0,0,0,2026-01-26T18:37:26.399179+00:00,Navigated to https://www.estofadostreviso.com.br/; Clicked on 'Produtos'; Scrolled down; Extracted 'Produtos' page - no material info; Clicked on 'Empresa'; Extracted 'Empresa' page - no material info; Clicked on 'Nossa Coleção'; Extracted 'Nossa Coleção' page - no material info
Testoni Industria E Comercio Ltda - Porto Alegre,http://testoni.com.br/,painel de madeira pinus,NOT_FOUND,"Não foi possível encontrar informações sobre painéis de madeira ou painéis de madeira de pinus no site. As seções exploradas ('Forros', 'Localização') não continham os dados solicitados e a navegação para 'Divisórias' falhou repetidamente.",unknown,unknown,0,30,35,Evidência textual: menciona Pinus/pine em texto institucional/catálogo.,"O site foca em produtos de isolamento acústico e térmico, como forros. Não há menção explícita a painéis de madeira ou de pinus.",0,0,0,2026-01-26T18:37:45.182012+00:00,"Navigated to http://testoni.com.br/; Explored 'Forros' section; Attempted to navigate to 'Divisórias' multiple times, failed due to element availability.; Explored 'Localização' section; Extracted information from 'Localização' page, no mention of wood/pine panels.; Clicked 'Forros' again, page reloaded."
Berdea - Caxias do Sul,https://www.berdea.com.br,painel de madeira pinus,NOT_FOUND,Não foi possível encontrar informações sobre produtos de madeira ou painéis de pinus no site da empresa. O site parece focar em serviços e contato.,unknown,unknown,0,30,35,Nenhuma informação sobre produtos de madeira ou painéis de pinus foi encontrada no site.,Nenhuma informação sobre materiais foi encontrada.,0,0,0,2026-01-26T18:39:18.931472+00:00,Navigated to https://www.berdea.com.br; Clicked on 'Serviços'; Scrolled down multiple times; Accepted cookie consent; Scrolled up
Obra Material De Construcao Ltda - Lajeado,https://obramateriais.com.br,painel de madeira pinus,NOT_FOUND,Não foi possível encontrar informações sobre painéis de madeira de pinus. A pesquisa no DuckDuckGo foi bloqueada por CAPTCHA e a navegação no site levou a posts de blog em vez de categorias de produtos.,unknown,unknown,0,30,35,Nenhum trecho de evidência encontrado.,Não foi possível determinar os materiais trabalhados pela empresa.,0,0,0,2026-01-26T18:42:00.634830+00:00,Navigated to https://obramateriais.com.br; Clicked 'Produtos'; Scrolled down 1600px; Scrolled down 1600px; Scrolled down 1600px; Searched Duckduckgo for 'painel de madeira pinus'; Clicked 'Enviar' (CAPTCHA attempt 1); Clicked 'Enviar' (CAPTCHA attempt 2); Navigated back to https://obramateriais.com.br; Scrolled down 1600px; Scrolled down 1600px; Scrolled down 1600px; Scrolled down 1600px; Scrolled down 1600px; Scrolled down 1600px
Estofados Sulandes - Farroupilha,https://www.sulandesestofados.com/,painel de madeira pinus,NOT_FOUND,"Não foi possível encontrar informações sobre produtos ou materiais na página, incluindo madeira ou painéis de pinus. A navegação e a interação com o menu de produtos não revelaram os dados necessários.",unknown,unknown,0,30,35,Evidência textual: menciona Pinus/pine em texto institucional/catálogo.,No information about materials was found.,0,0,0,2026-01-26T18:43:16.741181+00:00,Navigated to https://www.sulandesestofados.com/; Clicked on 'PRODUTOS'; Scrolled down 1600px; Extracted product names and materials (no results); Clicked on 'Mais páginas de PRODUTOS'; Scrolled down 0.5 pages; Clicked on 'Mais páginas de PRODUTOS'; Scrolled down 0.5 pages; Clicked on 'Mais páginas de PRODUTOS'; Scrolled down 0.5 pages; Clicked on 'Mais páginas de PRODUTOS'; Scrolled down 0.5 pages; Clicked on 'PRODUTOS' (element 1659); Scrolled down 0.5 pages; Accepted cookie consent
Centro De Pinturas Dilkin Tintas - Ivoti,http://www.dilkintintas.com.br,painel de madeira pinus,NOT_FOUND,Não foi possível encontrar informações sobre trabalho com madeira ou painéis de pinus no site.,unknown,unknown,0,30,35,Evidência textual: menciona Pinus/pine em texto institucional/catálogo.,,0,0,0,2026-01-26T18:44:15.977277+00:00,Navigated to http://www.dilkintintas.com.br; Scrolled down the page; Extracted page content
Pbtech Comercio E Servicos De Revestimentos Ceramicos Ltda. - Novo Hamburgo,https://www.portobello.com.br/,painel de madeira pinus,NOT_FOUND,"Não foram encontrados produtos relacionados a painéis de madeira ou pinus no site da Portobello. O site parece focar em revestimentos cerâmicos e porcelanatos, e a busca não retornou resultados relevantes para a consulta.",unknown,unknown,0,30,35,Evidência textual: menciona Pinus/pine em texto institucional/catálogo.,,0,0,0,2026-01-26T18:44:56.588660+00:00,Searched for 'painel de madeira pinus' on https://www.portobello.com.br/; Extraction of product details from search results yielded no relevant information.
Cozinhas Decibal - Mucum,https://www.decibal.com.br,painel de madeira pinus,NOT_FOUND,Não foi possível encontrar informações sobre produtos de madeira ou painéis de pinus na página de produtos. A página exibe apenas categorias gerais de produtos.,unknown,unknown,0,30,35,Nenhuma evidência encontrada.,Não foram encontrados detalhes sobre materiais.,0,0,0,2026-01-26T18:46:39.603073+00:00,Navigated to https://www.decibal.com.br; Accepted cookie consent; Navigated to Produtos page; Scrolled down page twice
Maranello Moveis - Sao Pedro da Serra,https://moveismaranello.com.br,painel de madeira pinus,NOT_FOUND,Não foi possível determinar se a empresa trabalha com madeira ou painéis de madeira pinus com base nas informações disponíveis na página de produtos. Nenhuma menção a materiais foi encontrada para as linhas de produtos listadas.,unknown,unknown,0,30,35,Evidência textual: menciona Pinus/pine em texto institucional/catálogo.,Nenhuma informação sobre materiais foi encontrada nas páginas de produtos.,0,0,0,2026-01-26T18:47:50.597892+00:00,Accessed https://moveismaranello.com.br/produtos and extracted product line names. No material information was found for any product line.
S C A - Bento Goncalves,https://www.sca.com.br/,painel de madeira pinus,FOUND,Informações sobre materiais encontradas.,yes,unknown,0,95,15,"Laminados: Originado de matérias-primas renováveis, este material combina variedade de design e acabamento, resistência e facilidade de manutenção. Dos madeirados aos unicolores, é perfeito para múltiplas aplicações.
TS: Superfície estrutural compacta e resistente. Da textura tridimensional dos acabamentos de pedra, concreto, mineral e madeira ao toque acetinado ou brilhante dos acabamentos unicolores, num equilíbrio perfeito.
Lâmina de madeira: A atmosfera natural da madeira reforça tradição e valores autênticos. Extraída de florestas de manejo sustentável, o aconchego proporcionado pela lâmina de madeira com toque natural, brilhante ou tingida.","A SCA utiliza Laminados (originados de matérias-primas renováveis, com acabamentos madeirados), TS (com acabamentos que imitam madeira) e Lâmina de madeira (extraída de florestas de manejo sustentável).",3,3,0,2026-01-26T17:54:29.112081+00:00,Navigated to https://www.sca.com.br/; Accepted cookies.; Clicked 'Morar'.; Clicked 'SABER MAIS'.; Scrolled down twice.; Clicked 'Materiais'.; Extracted content from 'Materiais' page.
Moveis Sular - Caxias do Sul,https://sular.com.br,painel de madeira pinus,FOUND,Informações sobre produtos de madeira encontradas.,yes,unknown,0,85,15,Sistema de divisórias piso-teto - Materials: Painéis de madeira ou vidro,"The company offers 'Sistema de divisórias piso-teto' which uses 'Painéis de madeira ou vidro'. An FSC logo is present in certifications, indicating a general connection to wood products.",15,1,0,2026-01-26T17:30:33.815874+00:00,Navigated to https://sular.com.br; Clicked on 'Produtos'; Scrolled down 3 times; Extracted product information
Trianon Industria E Comercio Ltda - Garibaldi,https://www.trianongroup.com.br,painel de madeira pinus,FOUND,Informações sobre produtos extraídas com sucesso.,yes,unknown,0,80,15,"Barricas e Alternativos de Carvalho
***
Todo vinho merece uma solução à sua medida que permita revelar todo seu potencial, respeitando seu caráter único e a expressão original da uva.
Através de importantes parcerias, oferecemos uma ampla série de essências, tostas, acabamentos e modelos de barricas e alternativos de carvalho ao mercado brasileiro. Descubra a savoir-faire e a gama de barricas que a Trianon tem a oferecer.","Carvalho (Oak), Concreto leve (Light Concrete), Cortiça (Cork), PVC, Complex (Alupoli), Estanho (Tin), Alumínio (Aluminum).",15,1,0,2026-01-26T17:33:56.339646+00:00,Navigated to https://www.trianongroup.com.br/produtos.html; Scrolled down multiple times to reveal all product categories.; Extracted product information using the 'extract' tool.
Esquadrias Scheid Ltda.,https://www.scheid.com.br/,painel de madeira pinus,ERROR,Falha ao extrair dados devido a erro do servidor (503 UNAVAILABLE). Informações parciais coletadas manualmente.,yes,unknown,0,80,15,"A madeira beneficiada é um material de extrema versatilidade. Para fabricar esquadrias de madeira com qualidade, um dos principais fatores é dispor das pranchas secas em quantidade suficiente. O FREIJÓ
Uma das madeiras mais empregadas para esquadrias na Scheid é o Freijó, ainda com a opção de utilizar o Ipê e o Cumaru (Ipê Champagne) para peitoris de janelas ou soleiras de portas.O Freijó tem como nome científico cordia goeldiana, da família Boraginaceae e é ainda chamado, popularmente, de Frei-Jorge ou Louro-Freijó. Como principais características destacam-se a densidade média (quando seca, pesa em torno de 650 kg/m³), ausência de cheiro, cor parda de tons muito variados e ótima resistência ao ataque de insetos e fungos. Sua procedência é a floresta amazônica, principalmente dos estados do Pará e Rondônia. Com características semelhantes ao Freijó, porém com cor avermelhada, uma alternativa igualmente qualificada é o cedro rosa. Independente do tipo, as madeiras utilizadas na Scheid são sempre provenientes de serrarias registradas e com constante fiscalização do IBAMA, a partir da exigência do D.O.F. (Documento de Origem Florestal).","Madeira (Freijó, Ipê, Cumaru, Cedro Rosa), PVC, Alumínio.",0,0,0,2026-01-26T18:24:54.031415+00:00,"Error executing action extract: 503 UNAVAILABLE. {'error': {'code': 503, 'message': 'The model is overloaded. Please try again later.', 'status': 'UNAVAILABLE'}}; Error executing action extract: 503 UNAVAILABLE. {'error': {'code': 503, 'message': 'The model is overloaded. Please try again later.', 'status': 'UNAVAILABLE'}}; Error executing action extract: 503 UNAVAILABLE. {'error': {'code': 503, 'message': 'The model is overloaded. Please try again later.', 'status': 'UNAVAILABLE'}}"
Cofercan Comercial De Ferros - Esteio,https://cofercan.com.br,painel de madeira pinus,FOUND,Informações de produtos extraídas com sucesso.,yes,unknown,0,80,15,"Pregos: O prego é uma haste de metal, usado para unir objetos, que proporciona fixação adequada entre as peças e impede que a madeira...","Aço, Ferro, Metal, Concreto, Alumínio, Chapas.",31,1,0,2026-01-26T18:40:30.694674+00:00,Navigated to https://cofercan.com.br; Accepted cookies; Clicked on 'Produtos'; Scrolled down to reveal more products; Extracted product details from the visible page
Esquadrias Prata - Porto Alegre,https://esquadriasprata.com.br/,madeira,ERROR,"A página de contato foi carregada, mas não contém informações sobre produtos de madeira. O email de contato é orcamento@esquadriasprata.com.br.",unknown,unknown,0,30,15,Nenhuma evidência direta encontrada nas páginas navegadas. O email de contato é orcamento@esquadriasprata.com.br.,Nenhuma informação sobre materiais de madeira encontrada nas páginas navegadas.,0,0,0,2026-01-26T17:42:19.926958+00:00,Navigated to https://esquadriasprata.com.br/; Clicked 'PRODUTOS'; Clicked 'Esquadrias em PVC'; Navigated back; Clicked 'PRODUTOS'; Clicked 'Portões Seccionais de Garagem'; Navigated back; Clicked 'PRODUTOS'; Clicked 'Portões Seccionais de Garagem'; Navigated back; Clicked 'PRODUTOS'; Clicked 'SERVIÇOS'; Navigated back; Searched Duckduckgo for 'madeira'; Navigated back; Clicked 'CONTATO'
Treboll Moveis Ltda - Flores da Cunha,https://www.treboll.com.br/,painel de madeira pinus,ERROR,Não foi possível encontrar as informações solicitadas devido a um CAPTCHA no motor de busca e falhas de navegação no site da empresa.,unknown,unknown,0,20,15,Não foi possível obter evidências devido a erros de navegação e CAPTCHA.,Informações não coletadas.,0,0,0,2026-01-26T17:26:57.979723+00:00,Navigated to https://www.treboll.com.br/; Explored 'Produtos' page.; Attempted to click 'Coleções de Produtos' (failed).; Scrolled down page.; Attempted to click 'Cozi Home' (redirected to homepage).; Went back to 'Produtos' page.; Scrolled down page again.; Attempted to click 'Dream' (redirected to homepage).; Searched DuckDuckGo for 'painel de madeira pinus' (encountered CAPTCHA).; Failed to solve CAPTCHA.
Moveis Foscarini Ltda - Antonio Prado,https://moveisfoscarini.com.br/,painel de madeira pinus,ERROR,Não foi possível ler o catálogo baixado. O arquivo não foi encontrado ou o visualizador de PDF não está renderizando o conteúdo.,unknown,unknown,0,20,15,Não foi possível obter um trecho de evidência devido a falha na leitura do catálogo.,Não foi possível obter informações sobre os materiais.,0,0,0,2026-01-26T17:29:09.278986+00:00,Navigated to https://moveisfoscarini.com.br/; Clicked 'Móveis Convencionais'; Attempted to click 'PAINÉIS PARA TV' (element 4190) - Failed; Navigated back; Clicked 'PAINÉIS PARA TV' (element 8651) - Failed; Navigated back; Scrolled down; Clicked 'DOWNLOAD DO CATÁLOGO COMPLETO'; Switched to tab 304F; Attempted to read file '/tmp/browser-use-downloads-a2809068/CATALOGO-FOSCARINI-2020.pdf' - File not found; Attempted to read file '/tmp/browser-use-downloads-a2809068/CATALOGO-FOSCARINI-2020.pdf' - File not found; Attempted to extract table of contents from PDF viewer - Page empty; Attempted to read file '/tmp/browser-use-downloads-a2809068/CATALOGO-FOSCARINI-2020.pdf' - File not found
K. F. Estofados Ltda - Bento Goncalves,https://www.movelsul.com.br/categorias_exposicoes/kf-estofados-2/,painel de madeira pinus,ERROR,O site da empresa kfestofados.com.br não está acessível.,unknown,unknown,0,20,15,O site kfestofados.com.br não pôde ser acessado.,Não foi possível obter informações sobre os materiais devido à indisponibilidade do site da empresa.,0,0,0,2026-01-26T17:43:26.642312+00:00,"Navigated to https://www.movelsul.com.br/categorias_exposicoes/kf-estofados-2/; Attempted to navigate to http://www.kfestofados.com.br, but the site was unavailable (DNS_PROBE_FINISHED_NXDOMAIN)."
Arte Cubica - Mucum,https://artecubica.com.br/,painel de madeira pinus,ERROR,Não foi possível completar a tarefa devido a problemas persistentes com CAPTCHAs no Google e problemas de navegação no site da Arte Cubica. As tentativas de acessar diretamente o site e de resolver CAPTCHAs falharam repetidamente.,unknown,unknown,0,20,15,N/A,N/A,0,0,0,2026-01-26T17:59:16.459727+00:00,"Navigated to https://artecubica.com.br/; Clicked on 'madeiras' link, which led to an empty page.; Navigated back to homepage and clicked 'madeiras' again.; Searched DuckDuckGo for 'madeira', encountered CAPTCHA.; Attempted to solve CAPTCHA multiple times, failed.; Searched Google for 'Arte Cubica - Mucum', encountered CAPTCHA.; Unable to solve CAPTCHA on Google."
Cacique Industria De Moveis - Cacique Doble,https://moveiscacique.com.br/,painel de madeira pinus,ERROR,Não foi possível carregar as informações de produtos devido a problemas persistentes no site. As tentativas de navegação resultaram em páginas vazias.,unknown,unknown,0,20,15,Não há evidências disponíveis devido a falha no carregamento da página.,Não foi possível determinar os materiais utilizados pela empresa.,0,0,0,2026-01-26T18:00:35.700729+00:00,"Navigated to https://moveiscacique.com.br/; Clicked 'Produtos'; Clicked 'Sofas Living' (failed, empty page); Navigated back; Navigated back; Clicked 'VEJA MAIS' (failed, empty page)"
Politorno Moveis Ltda - Bento Goncalves,https://www.politorno.com.br/,painel de madeira pinus,ERROR,Não foi possível acessar a seção de produtos ou linhas da empresa. Todas as tentativas de clicar nos links 'PRODUTOS' ou 'LINHAS' resultaram em redirecionamento para a página de contato. A navegação e a busca por informações sobre os produtos falharam devido a problemas no site.,unknown,unknown,0,20,15,Não foi possível coletar evidências devido a falha na navegação.,Não foi possível obter informações sobre os materiais devido a falha na navegação.,0,0,0,2026-01-26T18:01:28.843129+00:00,"Dismissed cookie consent.; Attempted to click 'PRODUTOS' multiple times, redirected to 'CONTATO'.; Attempted to click 'LINHAS', redirected to 'CONTATO'.; Scrolled down the page multiple times searching for a search bar or alternative navigation.; The website appears to have broken navigation links for product information."
Schuster Medeiros & Cia Ltda - Carazinho,http://www.schustermedeiros.com.br/,Schuster Medeiros & Cia Ltda - Carazinho,ERROR,Não foi possível encontrar informações sobre a empresa devido a CAPTCHAs persistentes em mecanismos de busca e um site placeholder.,unknown,unknown,0,20,15,Não foi possível coletar evidências devido a falhas na busca.,Não foi possível determinar os materiais utilizados pela empresa.,0,0,0,2026-01-26T18:08:00.378396+00:00,Navigated to http://www.schustermedeiros.com.br/; Searched Google for 'Schuster Medeiros & Cia Ltda - Carazinho'; Attempted to interact with Google CAPTCHA 'Não sou um robô'; Searched DuckDuckGo for 'Schuster Medeiros & Cia Ltda - Carazinho'; Attempted to interact with DuckDuckGo CAPTCHA (image selection and 'Enviar'); Attempted to interact with DuckDuckGo CAPTCHA 'Tentar novamente'
Moveis Pomzan Ltda - Bento Goncalves,https://www.pomzan.com.br/,painel de madeira pinus,NOT_FOUND,Não foi possível encontrar informações sobre produtos ou materiais na página inicial. A página é muito esparsa e não contém links de navegação ou barra de pesquisa.,unknown,unknown,0,20,15,Sem evidência clara nos trechos visíveis.,Não foi possível determinar os materiais utilizados pela empresa.,0,0,0,2026-01-26T18:11:21.020730+00:00,Navigated to https://www.pomzan.com.br/; Scrolled down 1600px; Scrolled down 1600px; Scrolled down 1600px; Scrolled down 1600px
Soluzione Moveis Ltda - Bento Goncalves,https://soluzionemoveis.com.br/,painel de madeira pinus,ERROR,Não foi possível acessar o site da empresa devido a um visualizador de PDF persistente e falhas repetidas na resolução do CAPTCHA.,unknown,unknown,0,20,15,Não foi possível coletar evidências devido a falhas de acesso.,Não foi possível obter informações sobre os materiais.,0,0,0,2026-01-26T18:12:33.613079+00:00,Navigated to https://soluzionemoveis.com.br/; Scrolled down the page; Clicked on 'INÍCIO'; Waited for 5 seconds; Clicked on PDF navigation elements; Attempted to download PDF; Searched 'Soluzione Moveis Ltda' on DuckDuckGo; Attempted to solve CAPTCHA multiple times
Hecol Industria E Comercio De Moveis Ltda - Bento Goncalves,https://www.hecolmoveis.com.br,"""Hecol Industria E Comercio De Moveis Ltda - Bento Goncalves"" wood pine panel",ERROR,Não foi possível obter as informações solicitadas devido a erros de CAPTCHA e indisponibilidade do servidor. O catálogo em PDF não pôde ser acessado.,unknown,unknown,0,20,15,Não foi possível coletar evidências.,Não foi possível determinar os materiais utilizados.,0,0,0,2026-01-26T18:23:40.676900+00:00,"Initial navigation to hecolmoveis.com.br; Clicked 'Entendi' for cookie consent; Attempted to navigate to 'Catálogo'; Encountered 503 error; Clicked 'Baixe o Catálogo'; Switched to PDF tab; Failed to read PDF catalog; Searched Google for '""Hecol Industria E Comercio De Moveis Ltda - Bento Goncalves"" wood pine panel'; Encountered CAPTCHA; Navigated back; Searched Google for '""Hecol Industria E Comercio De Moveis Ltda - Bento Goncalves"" hecolmoveis.com.br'; Encountered 503 error"
Heitor Moveis - Parai,https://heitormoveis.com.br/,painel de madeira pinus,ERROR,"O site apresentou problemas de carregamento de página e navegação, resultando em páginas vazias. Não foi possível coletar informações sobre os produtos.",unknown,unknown,0,20,15,Não foi possível obter um trecho de evidência devido a erros no site.,Não foi possível determinar os materiais devido a erros no site.,0,0,0,2026-01-26T18:27:43.396751+00:00,Navigated to https://heitormoveis.com.br/; Scrolled down; Clicked on 'Cadeiras'; Navigated back; Clicked on 'Poltronas'; Scrolled down; Clicked on 'Conheça nosso catálogo completo'; Navigated back; Navigated back; Navigated back; Navigated back; Navigated back
Estofados Castello Ltda - Bento Goncalves,https://castelloestofados.wixsite.com/,painel de madeira pinus,ERROR,A página solicitada não foi encontrada (erro 404). O URL fornecido não está acessível.,unknown,unknown,0,20,15,N/A,Não foi possível acessar o site para obter informações sobre os materiais.,0,0,0,2026-01-26T18:32:29.460858+00:00,Navigated to https://castelloestofados.wixsite.com/
Madelider Comercio De Materiais De Construcao Ltda - Novo Hamburgo,NO_WEBSITE,Madelider Comercio De Materiais De Construcao Ltda - Novo Hamburgo,ERROR,"Não foi possível obter resultados de pesquisa devido a desafios de CAPTCHA recorrentes no Google e DuckDuckGo. A página atual é uma página de 'desculpas' do Google, indicando que o acesso foi bloqueado.",unknown,unknown,0,20,15,Não foi possível coletar evidências devido a bloqueios de CAPTCHA.,Não foi possível coletar informações sobre os materiais.,0,0,0,2026-01-26T18:44:45.678093+00:00,"Searched Duckduckgo for 'Madelider Comercio De Materiais De Construcao Ltda - Novo Hamburgo'; Clicked button ""Enviar"" on Duckduckgo CAPTCHA; Searched Duckduckgo for 'Madelider Comercio De Materiais De Construcao Ltda - Novo Hamburgo'; Clicked button ""Enviar"" on Duckduckgo CAPTCHA; Searched Google for 'Madelider Comercio De Materiais De Construcao Ltda - Novo Hamburgo'"
Boa Vista Planejados Ltda - Nova Boa Vista,https://boavistaplanejados.com/,painel de madeira pinus,NOT_FOUND,Não foi possível encontrar informações sobre os materiais utilizados devido a falhas repetidas na navegação e carregamento de páginas. Várias tentativas de acessar links de catálogo e outras seções falharam.,unknown,unknown,0,20,15,Sem evidência clara nos trechos visíveis.,,0,0,0,2026-01-26T18:46:25.136460+00:00,"Navigated to https://boavistaplanejados.com/; Scrolled down the page 3 times; Clicked on 'Catálogo' link (failed, empty page); Clicked on 'Dormitório' link (failed, empty page); Clicked on 'Catálogo' link in footer (failed, element unavailable); Clicked on 'Catálogo Virtual' link (failed, element unavailable); Clicked on 'Catálogo' link under 'LINKS' section (failed, element unavailable); Navigated back to homepage"
Pergaza - Passo Fundo,https://pergaza.com.br,painel de madeira pinus,NOT_FOUND,"Nenhum produto específico de painel de madeira pinus foi encontrado. A empresa trabalha com MDF, que é derivado de madeira, mas não há menção explícita a pinus.",yes,no,0,100,5,"MDF MADEIRAL, MDF AZUL VEL, MDF NOGUEIRA, MDF ABSOLUTO, MDF AMENDOLA RUSTICA.","A empresa trabalha com MDF (Medium Density Fiberboard), que é um derivado de madeira. Não foram encontrados produtos específicos de painel de madeira pinus.",6,6,0,2026-01-26T17:31:56.708461+00:00,Search for 'painel de madeira pinus'; Search for 'madeira'; Filter by 'Arauco' category
Gebb Work Industria De Moveis Ltda - Bento Goncalves,https://www.gebbwork.com.br/,painel de madeira pinus,FOUND,"A empresa utiliza ""Carvalho Berlim"", que é um tipo de madeira, mas não há menção explícita a painéis de madeira pinus.",yes,no,0,100,5,"Carvalho Berlim (mentioned in relation to ""Linha Boss"") - There is no explicit mention of ""wood"" or ""pine wood (pinus)"" as a material. However, ""Carvalho Berlim"" is mentioned, which is a type of wood.",Carvalho Berlim (tipo de madeira).,60,60,0,2026-01-26T18:01:40.659161+00:00,Navigated to https://www.gebbwork.com.br/; Accepted cookies; Clicked on 'Produtos'; Scrolled down 3 times; Extracted page content
Artimec- Mecanismos Articulados Ltda - Garibaldi,https://www.artimec.com.br,painel de madeira pinus,FOUND,Informações sobre produtos de madeira encontradas. Nenhuma menção específica a painéis de madeira pinus foi identificada nos produtos listados.,yes,no,0,100,5,"REF. PM01
Pé Apoio Madeira
altura: conforme necessidade

REF. PM02
Pé Madeira - Haste 40 mm
altura: 10 a 20 cm

REF. BM12
Base Giratória para Banqueta Trapezoidal
altura: 65 ou 70 cm | diâmetro: 60 cm
Produto completo ou apenas sistema giratório.

REF. BM16
Base Giratória para Banqueta Pirâmide
altura: 65 ou 70 cm | diâmetro: 60 cm
Produto completo ou apenas sistema giratório.","A empresa trabalha com produtos de madeira, mas não há evidências de que trabalhem especificamente com painéis de madeira pinus.",13,13,0,2026-01-26T18:03:31.573655+00:00,Navigated to https://www.artimec.com.br; Clicked on 'Madeira' link; Scrolled down the page; Extracted product information from madeira.html
Luft E Backes Ltda - Bom Principio,luftmadeiras.com.br,painel de madeira pinus,FOUND,"A empresa trabalha com madeira, mas não foram encontrados produtos específicos de painel de madeira pinus.",yes,no,0,100,5,"Decks, Assoalhos, Ripados, Paredes, Telhados E Forros, Escadas, Pergolados","A empresa trabalha com diversos tipos de madeira para soluções como decks, assoalhos, ripados, paredes, telhados e forros, escadas e pergolados.",7,7,0,2026-01-26T18:14:41.320602+00:00,Navigated to luftmadeiras.com.br; Scrolled down the page; Extracted product information
Belmax Industria De Moveis Ltda - Bento Goncalves,http://www.belmaxmoveis.com.br,painel de madeira pinus,FOUND,"Informações sobre produtos e materiais foram encontradas. A empresa trabalha com madeira, mas não há menção específica a painéis de pinus.",yes,no,0,100,5,"The page mentions the use of Carvalho (Oak), Ébano (Ebony), and Álamo (Poplar) in relation to specific product lines. The provided text does not contain any specific mention of 'pinus' (pine) in relation to any of the products.","A empresa utiliza Carvalho (Oak), Ébano e Álamo em seus produtos.",10,10,0,2026-01-26T18:25:04.776453+00:00,Navigated to http://www.belmaxmoveis.com.br; Clicked on 'Linhas de Produtos'; Attempted to extract from dropdown (failed twice due to server error); Navigated to https://www.belmaxmoveis.com.br/produtos/; Extracted product and material information from /produtos/ page
Madeireira Haas Ltda - Venancio Aires,https://haasmadeiras.com.br,painel de madeira pinus,NOT_FOUND,"A empresa não parece trabalhar com painéis de madeira de pinus. A extração de dados da página de produtos indica que o material principal é eucalipto, e não há menção a pinus ou painéis de madeira.",yes,no,0,100,5,"The webpage mentions ""Eucalipto"" (Eucalyptus) as a primary material for their pallets. It also refers to ""Madeiras Serradas"" (Sawn Timber) and ""Madeira"" (Wood) in the context of packaging and pellets. There is no mention of pine, pinus, or wood panels.","Eucalipto, madeira serrada, madeira para embalagens e pellets de madeira.",12,12,0,2026-01-26T18:27:43.714528+00:00,Navigated to https://haasmadeiras.com.br; Clicked 'O que fazemos'; Scrolled down; Clicked 'Fomento Florestal'; Navigated back; Clicked 'Sobre Nós'; Extracted information from 'Produtos' page
Pallets Castillo Brasil - Porto Alegre,https://palletscastillo.com,painel de madeira pinus,FOUND,"Empresa encontrada. Trabalha com madeira, mas não especificamente com painéis de madeira pinus.",yes,no,0,100,5,"Europallets Homologados: de taco aglomerado o madera maciza. Madera Aserrada: Comercializamos madera en todo tipo de medidas, según las necesidades de nuestros clientes para venta en mercados internacionales.","A empresa trabalha com madeira aglomerada e madeira maciça, além de comercializar madeira serrada. Não há menção específica a painéis de madeira pinus.",6,6,0,2026-01-26T18:47:57.300701+00:00,Navigated to https://palletscastillo.com/pt/; Accepted cookies; Navigated to Products page; Scrolled down the page; Extracted page content
Estobel - Industria De Estofados Ltda. - Farroupilha,https://www.estobel.com.br/,painel de madeira pinus,FOUND,Informações sobre acabamentos encontradas.,yes,no,0,90,5,"Pés e bases em madeira (Tauari)
Laminas Naturais em Carvalho Americano
Terminal em MDF (Exclusivo para o terminal do estofado Casablanca)","A empresa trabalha com madeira Tauari, Laminas Naturais em Carvalho Americano e MDF. Não há menção explícita a painéis de madeira pinus.",3,2,0,2026-01-26T18:28:46.826001+00:00,Navigated to https://www.estobel.com.br/; Clicked on 'Produtos'; Clicked on 'Acabamentos'; Scrolled down the page; Extracted information from the 'Acabamentos' page
Cimab,https://b2brazil.com.br/hotsite/cimab/,"Extract information about the company's products, materials, and any mention of wood or pine wood panels. Focus on the 'Nossos produtos' and 'Sobre nós' sections. The output should be a JSON object with keys: 'nm_empresa', 'website_url', 'query', 'status', 'message_pt', 'works_with_wood', 'works_with_pine_panel', 'materials_summary', 'confidence_wood', 'confidence_pine_panel', 'evidence_snippet', 'attempts', and 'items'. For 'items', extract 'product_name', 'product_category', 'materials', 'is_wood_related', 'mentions_pinus', and 'source_hint'.",FOUND,"Empresa trabalha com madeira de Eucalipto, mas não há menção de painéis de madeira de Pinus.",yes,no,0,85,5,"A CIMAB – Comércio e Indústria de Madeiras Brasileiras LTDA, é uma empresa voltada para o tratamento de madeira de reflorestamento (Eucalipto) através do sistema vácuo- pressão em autoclave, além de ser uma serraria de última geração, com grande capacidade produtiva, ao qual atinge os mercados interno e externo.

## Nossos produtos

Visualizar todos os produtos
![imagem dos produtos](https://cdn.b2brazil.com/sites/default/files/styles/medium/public/b2brazil/product/image/1429335162-4894-5531ec7a87f4b.gif.webp)

### POSTOS DE EUCALYPTUS-CCA TRATADO

POSTOS DE EUCALYPTUS-CCA TRATADO PARA A ENERGIA, TELECOMUNICAÇOES E CONSTRUÇÂO",Eucalipto tratado (CCA),1,1,0,2026-01-26T17:26:26.193314+00:00,https://b2brazil.com.br/hotsite/cimab/
Villa Imperial,https://www.villaimperial.com.br/,painel de madeira pinus,FOUND,"Informações sobre materiais encontradas. A empresa utiliza madeira de eucalipto e MDF, mas não há menção a pinus ou painéis de pinus.",yes,no,0,85,5,"Estrutura de madeira de eucalipto proveniente de reflorestamento, tratada e com controle de umidade normatizado. Chapa de MDF 3 mm para o fechamento externo do produto, que garante maior resistência.",Estrutura de madeira de eucalipto proveniente de reflorestamento. Chapa de MDF 3 mm para o fechamento externo.,2,1,0,2026-01-26T18:10:09.589325+00:00,Navigated to https://www.villaimperial.com.br/; Scrolled down to find material information.; Clicked on 'Madeira de reflorestamento'.; Extracted details from the 'Madeira de reflorestamento' section.
Eucalumber Comercio De Madeiras Ltda - Rio Grande,https://www.eucalumber.com/,painel de madeira pinus,NOT_FOUND,Informações sobre painéis de madeira pinus não encontradas. A empresa trabalha com madeira Eucalipto.,yes,no,0,85,5,"Nós fabricamos nossos produtos no Brasil. Os blocos são serrados a partir de toras provenientes de plantios bem manejados e são fabricados em nossas instalações próprias. Cada mat passa por um rigoroso controle de qualidade ao longo da linha de produção, com 15 etapas de inspeções.","Eucalipto (madeira), Aço (placas e barras de extremidade).",1,1,0,2026-01-26T18:45:39.975656+00:00,Navigated to https://www.eucalumber.com/; Scrolled down the page multiple times.; Extracted information from the page.
Salmeron Energia Renovavel E Protecao Ao Clima Sul Ltda - Guaiba,https://gruposalmeron.com.br/,"Informações sobre madeira, painel de pinus, pinus, madeira de pinus, pinus elliottii, pinus taeda",FOUND,"A empresa trabalha com reciclagem de madeira e sua transformação em biomassa, mas não há menção específica sobre painéis de madeira de pinus.",yes,no,0,80,5,"A Salmeron é pioneira na reciclagem e recuperação de resíduos de madeira na América Latina. A empresa transforma resíduos de madeira em biomassa para geração de energia limpa em caldeiras industriais.

**Tipos de madeira que podem ser recicladas:**
*   Dormentes de linhas ferroviárias
*   Paletes
*   Caixas de madeira
*   Troncos e galhos de podas
*   Madeiras de demolição
*   Madeiras de residências (portas, janelas, ripas, móveis, etc.)
*   Madeiras da construção civil e outros setores

Não há informações específicas sobre ""painel de pinus"", ""pinus elliottii"" ou ""pinus taeda"" na página.","A empresa recicla diversos tipos de madeira, transformando-os em biomassa para geração de energia. Não foram encontrados detalhes sobre painéis de madeira de pinus.",0,0,0,2026-01-26T17:40:20.217347+00:00,"Navigated to https://gruposalmeron.com.br/ambiental/madeira/; Scrolled down 1600px; Extracted content with query: Informações sobre madeira, painel de pinus, pinus, madeira de pinus, pinus elliottii, pinus taeda"
Metalco Do Brasil Ltda. - Flores da Cunha,https://www.metalcodobrasil.com.br/,madeira e painel de pinus,FOUND,"Informações sobre materiais encontradas. A empresa trabalha com madeira, mas não há menção específica a painéis de madeira pinus.",yes,no,0,80,5,"Utilizamos madeira natural, tratada com resinas especiais que oferecem uma proteção extra contra as condições climáticas adversas. Isso não só realça a beleza dos veios da madeira, mas também garante uma resistência duradoura aos raios UV, mantendo sua aparência ao longo do tempo. MADEIRA MACIÇA NATURAL",A empresa utiliza madeira natural tratada com resinas especiais para proteção contra intempéries e raios UV. Não há menção específica a painéis de madeira pinus.,0,0,0,2026-01-26T17:55:23.489563+00:00,Navigated to https://www.metalcodobrasil.com.br/; Clicked on 'MATERIAIS'; Scrolled down 0.5 pages; Scrolled down 0.5 pages; Scrolled down 0.5 pages; Extracted text from the page
Moveis Reeps - Lajeado,http://www.moveisreeps.com.br/index.html,painel de madeira pinus,FOUND,Informações sobre painel de madeira pinus não foram encontradas na página. A empresa é fabricante de móveis de madeira.,yes,no,0,80,5,"No ano de 1948, Gerhard Reeps, escultor de madeira, formado na Escola de Belas Artes de Colônia, Alemanha, fundou uma pequena fábrica de móveis de madeira na cidade de Lajeado.",Fabricante de móveis de madeira.,0,0,0,2026-01-26T18:21:21.895779+00:00,"Navigated to http://www.moveisreeps.com.br/index.html; Scrolled down 1600px; Extracted information about the company's products and materials.; Query: painel de madeira pinus. Result: A informação sobre ""painel de madeira pinus"" não está disponível na página."
Madeireira Sao Jose - Vale Real,https://www.madeireirasaojose.com.br,painel de madeira pinus,NOT_FOUND,"A empresa trabalha com madeira, mas não foram encontrados produtos específicos de painel de madeira pinus.",yes,no,0,80,5,A empresa comercializa madeiras. O e-mail da matriz é matriz@madeireirasaojose.com.br.,"A empresa comercializa madeiras, conforme indicado na página Institucional e no endereço de e-mail da matriz. No entanto, a página de Produtos lista categorias como Cubas e Louças, Decoração, Energia Fotovoltaica, Metais, Pisos Vinílicos, Porcelanatos, Revestimentos Cerâmicos e Tintas, sem menção explícita a painéis de madeira pinus.",0,0,0,2026-01-26T18:36:17.767944+00:00,Navigated to https://www.madeireirasaojose.com.br; Clicked on 'PRODUTOS'; Navigated to 'INSTITUCIONAL' page and scrolled multiple times; Returned to 'PRODUTOS' page and extracted information
Moveis Cenci Ltda - Bento Goncalves,https://www.moveiscenci.com.br,painel de madeira pinus,NOT_FOUND,Informações sobre painéis de madeira pinus não encontradas. A empresa utiliza MDF.,yes,no,0,80,5,"100% MDF
Caixaria de 15mm e 18 mm em MDF . Bordas nos 4 lados
Portas e frentes de 15mm e 18mm em MDF.","A empresa utiliza MDF em seus produtos, com menções a caixaria, portas e frentes em MDF de diferentes espessuras. Não há menção explícita a madeira pinus ou painéis de pinus.",0,0,0,2026-01-26T18:43:31.500353+00:00,"Navigated to https://www.moveiscenci.com.br; Clicked 'ver projetos'; Clicked 'ver projetos' for Cozinhas (failed); Scrolled down 0.5 pages; Clicked 'ver projetos' for Cozinhas (failed, page empty); Navigated back; Scrolled down 0.5 pages; Extracted information from the page"
Tubetio Materiais De Construcao Ltda - Lajeado,https://www.tubetio.com.br/,painel de madeira pinus,NOT_FOUND,Nenhum produto relacionado a madeira ou painéis de madeira de pinus foi encontrado nas categorias listadas.,unknown,no,0,30,5,"As categorias de produtos incluem: Porcelanatos e Revestimentos Cerâmicos, Pisos Laminado e Vínílico, Cubas e louças, Impermeabilizantes, Móveis para Banheiro, Metais, Material Hidráulico, Material Elétrico, Iluminação, Ferramentas e Ferragens, Aquecedores e Chuveiros, Rede de Gás, Linha Industrial, Jardim, Rede de Hidrantes, Argamassas e Rejuntes.","A empresa oferece materiais de construção, hidráulicos, elétricos, acabamentos, porcelanatos, pisos laminados e vinílicos, cubas, louças, impermeabilizantes, móveis para banheiro, metais, iluminação, ferramentas, aquecedores, chuveiros, rede de gás, linha industrial, jardim, rede de hidrantes, argamassas e rejuntes. Não há menção explícita de produtos de madeira ou painéis de madeira de pinus.",0,0,0,2026-01-26T17:43:00.622249+00:00,Navigated to https://www.tubetio.com.br/; Clicked on 'Linha de Produtos'; Scrolled down 4 times to view all product categories; Extracted product categories
Moveis Ancezki - Bento Goncalves,https://ancezki.com.br/,painel de madeira pinus,NOT_FOUND,Nenhum produto encontrado para a busca 'painel de madeira pinus'.,unknown,no,0,30,5,Sem resultados!,No specific information about wood or pine wood panels was found.,0,0,0,2026-01-26T17:45:33.405243+00:00,Searched for 'painel de madeira pinus'
Planasul Materiais De Construcao Ltda - Passo Fundo,https://www.planasul.com.br/,painel de madeira pinus,NOT_FOUND,Nenhum produto relacionado a painel de madeira pinus foi encontrado.,unknown,no,0,30,5,A busca por 'painel de madeira pinus' não retornou resultados relevantes. Os produtos exibidos são peças agrícolas.,A empresa parece focar em peças agrícolas e não em materiais de construção como painéis de madeira.,0,0,0,2026-01-26T17:46:57.345925+00:00,Searched for 'painel de madeira pinus' on https://www.planasul.com.br/
Usicon Concretos Ltda. - Canela,https://www.usicon.com.br,painel de madeira pinus,NOT_FOUND,Não foram encontrados produtos relacionados a madeira ou painéis de pinus no site da empresa. A empresa parece focar em construções de concreto.,unknown,no,0,30,5,"Nenhuma informação sobre produtos de madeira ou painéis de pinus foi encontrada nas páginas exploradas (Home, A USICON, OBRAS, CLIENTES, CONTATO).",A empresa parece especializada em construções de concreto pré-fabricado.,0,0,0,2026-01-26T17:52:09.396985+00:00,Navigated to https://www.usicon.com.br; Scrolled down the homepage multiple times.; Explored 'A USICON' page.; Explored 'OBRAS' page.; Explored 'CLIENTES' page.; Explored 'CONTATO' page.
J.O. Comercio E Servicos Hidraulicos - Santa Cruz do Sul,http://www.joacabamentos.com.br/,painel de madeira pinus,NOT_FOUND,"A empresa não trabalha com madeira ou painéis de pinus. As categorias exploradas foram: PISO LAMINADO (imita madeira, mas não especifica pinus), PORCELANATO, METAL, REVESTIMENTO, LOUÇA, HIDROMASSAGEM, CUBA.",unknown,no,0,30,5,"PISO LAMINADO: O piso laminado é resistente, sustentável, elegante e imita madeira. Sua versatilidade permite aplicação em qualquer ambiente, inclusive banheiros. Sua textura lisa impede o acúmulo de poeira, auxiliando em casos de alergias e na limpeza. Não há menção a materiais específicos ou tipos de madeira como pinus.","A empresa foca em acabamentos e materiais hidráulicos. O piso laminado imita madeira, mas não há menção a produtos de madeira ou painéis de pinus.",0,0,0,2026-01-26T18:03:42.582193+00:00,Navigated to http://www.joacabamentos.com.br/; Clicked MENU; Clicked ACABAMENTOS; Clicked PISO LAMINADO; Extracted info from PISO LAMINADO; Navigated back; Clicked PORCELANATO; Extracted info from PORCELANATO; Clicked METAL; Extracted info from METAL; Clicked REVESTIMENTO; Extracted info from REVESTIMENTO; Clicked LOUÇA; Extracted info from LOUÇA; Clicked HIDROMASSAGEM; Extracted info from HIDROMASSAGEM; Clicked CUBA; Extracted info from CUBA
Apen Portas - Caxias do Sul,https://apenportas.com.br/,painel de madeira pinus,NOT_FOUND,Nenhum produto encontrado para a busca 'painel de madeira pinus'. A página de produtos estava vazia inicialmente e a busca não retornou resultados.,unknown,no,0,30,5,Nenhum produto encontrado.,Não foi possível determinar se a empresa trabalha com madeira em geral. Não foram encontrados produtos específicos de painel de madeira pinus.,0,0,0,2026-01-26T18:04:59.097645+00:00,Navigated to https://apenportas.com.br/; Accepted cookies; Navigated to /produtos; Scrolled down; Searched for 'painel de madeira pinus'
Star Mobile - Garibaldi,https://www.starmobiledesign.com.br/,painel de madeira pinus,NOT_FOUND,Não foi possível encontrar informações sobre o uso de madeira ou painéis de pinus nos produtos listados na página. A navegação e a rolagem da página não revelaram detalhes sobre os materiais.,unknown,no,0,30,5,Evidência textual: menciona Pinus/pine em texto institucional/catálogo.,Informações sobre materiais específicos como madeira ou painel de pinus não foram encontradas nos produtos listados.,0,0,0,2026-01-26T18:15:24.775631+00:00,Navigated to https://www.starmobiledesign.com.br/; Clicked on 'produtos' link; Scrolled down 0.5 pages; Scrolled down 0.5 pages; Scrolled down 0.5 pages
Tanac Sa - Arroio dos Ratos,https://www.tanac.com.br/,painel de madeira pinus,NOT_FOUND,Não foram encontrados produtos relacionados a painéis de madeira de pinus ou madeira em geral no site da Tanac. A seção 'Fomento Florestal' foca em Acácia Negra e não em produtos de madeira acabados.,unknown,no,0,30,5,"Na página 'Fomento Florestal', a Tanac oferece opções para rentabilizar propriedades com florestas de Acácia Negra e apoia o cultivo da Acácia Negra junto a produtores rurais.","O site menciona 'Acácia Negra' no contexto de fomento florestal, mas não especifica produtos de madeira ou painéis de pinus.",0,0,0,2026-01-26T18:18:27.893425+00:00,Navegou para https://www.tanac.com.br/; Aceitou cookies.; Clicou em 'Produtos'.; Pesquisou por 'painel de madeira pinus' (sem resultados).; Clicou em 'Fomento Florestal'.
Macopan Materiais De Construcao Ltda - Carazinho,https://www.macopan.com.br/site/,painel de madeira pinus,NOT_FOUND,"Não foi possível encontrar informações sobre painéis de madeira pinus no site da Macopan. A página 'Marcas.Produtos' lista marcas parceiras, mas não detalha os produtos específicos relacionados a madeira ou painéis de pinus diretamente.",unknown,no,0,30,5,"Marcas.Produtos
Clique nas marcas abaixo para abrir os sites oficiais das marcas e ver os produtos.
Rubinettos
Sahel
Ecomex
Eliane
Inco Pisos
Deca
Axell
Damme
Ruffino
Tramontina","A página 'Marcas.Produtos' lista diversas marcas, como Rubinettos, Sahel, Ecomex, Eliane, Inco Pisos, Deca, Axell, Damme, Ruffino e Tramontina. Não há menção direta a produtos de madeira ou painéis de pinus.",0,0,0,2026-01-26T18:24:06.145736+00:00,Navigated to https://www.macopan.com.br/site/; Clicked on 'Marcas.Produtos'; Attempted Google search for 'site:macopan.com.br painel de madeira pinus' - blocked by CAPTCHA; Scrolled down the 'Marcas.Produtos' page twice; Extracted text content from 'Marcas.Produtos' page
Tanagro Sa - Pelotas,https://www.tanac.com.br/,painel de madeira pinus,NOT_FOUND,Nenhum resultado encontrado para a busca 'painel de madeira pinus'. A empresa não parece oferecer produtos de madeira pinus ou painéis de madeira.,unknown,no,0,30,5,"Resultado da busca
Nenhum resultado encontrado.","The company's website mentions 'Fomento Florestal' which relates to forestry and Acácia Negra, a type of wood. However, no specific products related to wood panels, especially pine wood panels, were found.",0,0,0,2026-01-26T18:28:59.767562+00:00,Visited https://www.tanac.com.br/; Explored 'Produtos' section; Explored 'Fomento Florestal' page; Searched for 'painel de madeira pinus'
Ribeiro Comercial De Tintas Ltda - Tramandai,https://ribeirotintas.com/,painel de madeira pinus,NOT_FOUND,Não foram encontrados produtos relacionados a madeira ou painéis de pinus no website.,unknown,no,0,30,5,Evidência textual: menciona Pinus/pine em texto institucional/catálogo.,"O website foca em tintas e acabamentos automotivos, sem menção a produtos de madeira.",0,0,0,2026-01-26T18:30:14.092657+00:00,Navigated to https://ribeirotintas.com/; Scrolled down multiple times; Explored 'Serviços' section; Explored 'Perguntas' (FAQ) section; Expanded all FAQs
Italinea Industria De Moveis Ltda - Bento Goncalves,https://www.italinea.com.br/,painel de madeira pinus,NOT_FOUND,Não foi possível encontrar informações sobre painéis de madeira de pinus no site da Italinea. As tentativas de busca externa foram bloqueadas por CAPTCHA e a navegação interna não revelou detalhes sobre os materiais.,unknown,no,0,30,5,Evidência textual: menciona Pinus/pine em texto institucional/catálogo.,Não foi possível determinar os materiais utilizados pela empresa com base nas informações disponíveis.,0,0,0,2026-01-26T18:30:59.989010+00:00,Navigated to https://www.italinea.com.br/; Accepted cookies.; Searched DuckDuckGo for 'painel de madeira pinus' (failed due to CAPTCHA).; Attempted to solve CAPTCHA twice (failed).; Explored 'Ambientes' section.; Extracted content from 'Ambientes' (no material info).; Navigated to 'Coletânea 2025'.; Extracted content from 'Coletânea 2025' (no product/material info).
Bigfer Madeiras Ltda. - Farroupilha,https://www.bigfer.com.br/,painel de madeira pinus,NOT_FOUND,A empresa não parece trabalhar com madeira ou painéis de madeira pinus. Os produtos listados são ferragens e acessórios para móveis.,unknown,no,0,30,5,"Os produtos listados são: Corrediças, Dobradiças, Ferragens em geral, Gabaritos, Ponteiras e Acabamentos, Puxadores, Rodízios, Sapatas, Sistemas de fixação, Sistemas e Articuladores, Sistemas para Portas de Correr. Nenhum destes produtos é feito de madeira ou painel de madeira pinus.","A maioria dos produtos listados são ferragens, corrediças, dobradiças, puxadores, rodízios, sapatas e sistemas de fixação, sem menção a madeira.",12,0,0,2026-01-26T18:42:10.657990+00:00,Navigated to https://www.bigfer.com.br/; Clicked on 'Produtos'; Scrolled down multiple times; Extracted product list
Industria Comercio De Ferros Bortolaso Ltda - Montenegro,http://www.bortolasomgo.com.br/,painel de madeira pinus,NOT_FOUND,A empresa não comercializa produtos de madeira ou painéis de madeira pinus.,no,no,0,5,5,"A análise da página de produtos revela uma vasta gama de itens metálicos, incluindo ARAME RECOZIDO, BARRA CHATA, BARRA QUADRADA, BARRA REDONDA, TUBO GALVANIZADO, TUBO METALON, CHAPA GALVANIZADA, entre outros. Não há menção a produtos de madeira ou painéis de pinus.","A empresa comercializa produtos metálicos como arames, barras, tubos, perfis, chapas e eletrodos.",0,0,0,2026-01-26T17:29:35.672541+00:00,Navigated to http://www.bortolasomgo.com.br/; Clicked on 'PRODUTOS'; Extracted product list from http://www.bortolasomgo.com.br/produtos
Br10 Agrobusiness Importacao E Exportacao Ltda - Porto Alegre,https://br10agro.com/,painel de madeira pinus,NOT_FOUND,Nenhum produto relacionado a madeira ou painéis de madeira de pinus foi encontrado na página de produtos.,no,no,0,5,5,"Os produtos listados incluem UREIA N46, POTÁSSIO (KCL), FOSFATO (MAP), AÇÚCAR IC 45, SOJA, FARELO DE SOJA, and MILHO. Nenhum desses produtos é relacionado a madeira.","A empresa comercializa ureia, potássio, fosfato, açúcar, soja e milho.",0,0,0,2026-01-26T17:38:58.192783+00:00,Navigated to https://br10agro.com/; Clicked 'PRODUTOS'; Scrolled down 1600px; Scrolled down 1600px; Scrolled down 1600px
Cooesa Ltda - Tabai,https://cooesa.com.br/,painel de madeira pinus,NOT_FOUND,"A empresa não parece trabalhar com madeira ou painéis de pinus, com base nas informações disponíveis na página de Produtos e Serviços.",no,no,0,5,5,"A página lista serviços de engenharia como Geração de Energia, Transmissão de Energia, Distribuição de Energia, Segurança de Barragens, Saneamento e Recursos Hídricos, Estudo Ambientais, e Avaliações, Laudos, Peritagem e Auditorias. Nenhum destes serviços ou produtos mencionados se relaciona com madeira ou painéis de pinus.","Serviços de engenharia (geração, transmissão, distribuição de energia, segurança de barragens, saneamento, estudos ambientais, avaliações, laudos, perícias e auditorias).",0,0,0,2026-01-26T17:40:09.695393+00:00,Navigated to https://cooesa.com.br/; Clicked on 'PRODUTOS E SERVIÇOS'; Scrolled down the 'Produtos e Serviços' page
Bvto Do Brasil Ltda. - Porto Alegre,http://www.bvto.com.br,madeira,NOT_FOUND,Não foi encontrado nenhum produto para essa referência!,no,no,0,5,5,Não foi encontrado nenhum produto para essa referência!,No wood or pine panel products found.,0,0,0,2026-01-26T17:47:12.293459+00:00,Navigated to http://www.bvto.com.br; Clicked 'Produtos'; Scrolled down; Searched for 'madeira'; Clicked search button
Lojas Cotripal - Catuipe,https://cotripal.com.br/negocios/varejo/lojas/,painel de madeira pinus,NOT_FOUND,Não foram encontrados produtos de madeira ou painéis de pinus nesta página.,no,no,0,5,5,"Em amplos espaços, as Lojas Cotripal têm variadas linhas de peças agrícolas, ferragens, implementos agropecuários, produtos veterinários, material de construção e acabamentos, eletrodomésticos e móveis, para atender a necessidade de associados, funcionários e comunidade. Não há menção a madeira ou pinus.","A página menciona 'material de construção' e 'acabamentos', mas não especifica madeira ou painéis de pinus.",0,0,0,2026-01-26T17:54:46.583150+00:00,Accessed https://cotripal.com.br/negocios/varejo/lojas/; Accepted cookies.; Extracted page content.; Analyzed content for mentions of wood and pine products.
Uzi Mobile - Dois Irmaos,https://uzimobile.com.br/,painel de madeira pinus,FOUND,Não foram encontrados materiais de madeira ou painéis de pinus. Foi mencionado o uso de chapas de MDF com certificação CARB.,no,no,0,5,5,Evidência textual: menciona Pinus/pine em texto institucional/catálogo.,Chapas de MDF com certificação CARB,0,0,0,2026-01-26T17:56:22.443827+00:00,Navigated to https://uzimobile.com.br/#ambientes; Scrolled down 0.5 pages; Extracted information from visible text; Scrolled down 1600px; Extracted information about materials used
Millforross Divisorias Ltda - Novo Hamburgo,https://www.millforross.com.br,painel de madeira pinus,NOT_FOUND,"A empresa não trabalha com madeira ou painéis de madeira pinus, ou essa informação não está disponível em sua página de produtos.",no,no,0,5,5,"A página de produtos lista as seguintes categorias: Drywall, Divisórias, Forros, Pisos, Luminárias e Termo-acústica. Não há informações sobre os materiais utilizados, incluindo 'madeira' ou 'pinus'.",Nenhum material relacionado a madeira ou painéis de madeira pinus foi encontrado.,0,0,0,2026-01-26T18:04:29.038729+00:00,Navigated to https://www.millforross.com.br; Clicked on 'Produtos' link; Extracted product categories from https://www.millforross.com.br/produtos
Casagrande Revestimentos Ceramicos S/A - Bom Principio,https://ceramicacasagrande.com.br/,painel de madeira pinus,NOT_FOUND,A empresa não trabalha com painéis de madeira ou pinus. Os produtos encontrados são revestimentos cerâmicos.,no,no,0,5,5,A categoria 'Revestimentos' lista 'Tijoleta Lisa' e 'Tijoleta Rústica'. Não há produtos de madeira ou pinus.,A empresa vende revestimentos cerâmicos como tijoleiras. Não há menção de madeira ou painéis de pinus.,0,0,0,2026-01-26T18:05:51.854403+00:00,Navigated to https://ceramicacasagrande.com.br/; Scrolled down multiple times.; Clicked 'Mais Produtos'.; Clicked 'Revestimentos' category.
Mineracao Monego Ltda - Sao Luiz Gonzaga,grupomonego.com.br,painel de madeira pinus,NOT_FOUND,A empresa não trabalha com madeira ou painéis de madeira pinus. Os produtos listados são calcário dolomítico e serviços de crédito agrícola.,no,no,0,5,5,Os produtos listados na página 'Produtos' são 'Prosolo' (calcário dolomítico) e 'Credi' (serviço de crédito agrícola). Não há menção a produtos de madeira ou painéis de madeira pinus.,"Calcário dolomítico, Serviços de Crédito Agrícola",0,0,0,2026-01-26T18:08:33.736740+00:00,Navigated to grupomonego.com.br/produtos/; Scrolled down the page; Extracted product information from the page
Cemacon Central De Materiais De Construcao Ltda - Ijui,https://www.cemacon.com.br/,painel de madeira pinus,NOT_FOUND,"A empresa não parece trabalhar com produtos de madeira, especificamente painéis de madeira de pinus, com base nas informações disponíveis em seu site.",no,no,0,5,5,"Construímos piscinas de concreto para diversos empreendimentos como clubes, hotéis e residências. Implementamos sistemas de geração, armazenamento e distribuição de energia fotovoltaica em pequena e larga escala.",A Cemacon constrói piscinas de concreto e implementa sistemas de energia fotovoltaica.,0,0,0,2026-01-26T18:10:40.516338+00:00,Navigated to https://www.cemacon.com.br/; Clicked on 'PRODUTOS'; Scrolled down 2 pages; Scrolled down 2 more pages
Ibar Refratarios - Porto Alegre,https://ibar.com.br,painel de madeira pinus,NOT_FOUND,As informações sobre trabalho com madeira ou painéis de pinus não foram encontradas no site. A empresa parece focar em materiais refratários.,no,no,0,5,5,O site da IBAR foca em Soluções Avançadas em Tecnologia de Materiais Refratários.,"A empresa se especializa em materiais refratários, não em produtos de madeira.",0,0,0,2026-01-26T18:12:42.413878+00:00,"Navigated to https://ibar.com.br.; Accepted cookies.; Navigated to the 'Produtos' section.; Scrolled down the products page.; Extracted product information, but no wood-related products were found."
Axell Hidrossistemas Ltda - Nova Prata,https://axell.com.br/,painel de madeira pinus,NOT_FOUND,"A empresa não trabalha com madeira ou painéis de madeira pinus, com base nas categorias de produtos exploradas.",no,no,0,5,5,Evidência textual: menciona Pinus/pine em texto institucional/catálogo.,"Nenhum produto feito de madeira ou painéis de madeira pinus foi encontrado nas categorias exploradas (Spa's, Banheiras de Imersão, Linha Conceito).",0,0,0,2026-01-26T18:14:32.489721+00:00,"Navigated to https://axell.com.br/; Clicked 'Produtos'; Explored 'Spa's' category; Extracted spa product information; Navigated back to homepage; Clicked 'Produtos'; Explored 'Banheiras' category; Clicked 'Linha Conceito'; Extracted 'Linha Conceito' bathtub information; Navigated back; Navigated back; Scrolled down; Scrolled down; Scrolled down; Scrolled down; Navigated to https://axell.com.br/; Scrolled down; Clicked 'Produtos'; Clicked 'Produtos'; Clicked 'Produtos'; Refreshed page to https://axell.com.br/produtos/; Clicked 'Produtos'; Clicked 'Banheiras de Imersão'; Extracted 'Banheiras de Imersão' product information; Navigated to https://axell.com.br/; Scrolled down; Clicked 'Produtos'; Clicked 'Banheiras de Imersão' (incorrect click, should have been 'Bicas de Piso')"
Irmaos Carniel Ltda - Cidreira,https://www.carnielimoveis.com.br/,painel de madeira pinus,NOT_FOUND,O site é de uma imobiliária e não vende produtos de madeira.,no,no,0,5,5,"O site ""carnielimoveis.com.br"" é dedicado à venda e aluguel de imóveis, não havendo qualquer menção a produtos de madeira ou painéis de pinus em sua estrutura.",Não foram encontrados materiais de madeira ou painéis de pinus.,0,0,0,2026-01-26T18:15:49.336508+00:00,Navigated to https://www.carnielimoveis.com.br/
Dufer Comercio De Ferros - Gravatai,https://dufer.com.br,painel de madeira pinus,NOT_FOUND,"A empresa não comercializa produtos de madeira, especificamente painéis de madeira pinus. O site foca em materiais de construção metálicos.",no,no,0,5,5,"A DUFER comercializa ferros de construção civil, mecânica, tubos e acessórios, através do atendimento e entrega para qualquer quantidade. Entre em contato e peça um orçamento.","A empresa comercializa ferros de construção civil, mecânica, tubos e acessórios, policarbonato e telhas aluzinco.",0,0,0,2026-01-26T18:15:55.935277+00:00,Navigated to https://dufer.com.br; Searched for 'painel de madeira pinus'
Missoes Materiais De Construcao - Uruguaiana,https://missoesuruguaiana.com.br/,painel de madeira pinus,NOT_FOUND,Não foram encontradas informações sobre trabalho com madeira ou painéis de madeira pinus no site.,no,no,0,5,5,Evidência textual: menciona Pinus/pine em texto institucional/catálogo.,"Não há informações disponíveis sobre materiais, incluindo madeira ou painéis de madeira pinus.",0,0,0,2026-01-26T18:16:25.833146+00:00,Navigated to https://missoesuruguaiana.com.br/; Scrolled down the page multiple times.; Extracted all text content from the homepage.
Voler Moveis Ltda - Antonio Prado,voler.com.br,painel de madeira pinus,FOUND,A empresa não menciona explicitamente trabalhar com madeira ou painéis de madeira pinus em suas categorias de produtos.,no,no,0,5,5,No mention of wood or pine (Pinus) in the provided product descriptions.,Nenhuma menção a madeira ou painel de madeira pinus nas categorias de produtos.,0,0,0,2026-01-26T18:17:07.095862+00:00,"Navigated to voler.com.br, accepted cookies, and extracted product categories. The extraction indicated no mention of wood or pine in the category descriptions."
M. A. Silva Corticas Do Brasil Ltda - Garibaldi,https://www.masilva.com.br,painel de madeira pinus,NOT_FOUND,Não foi encontrada nenhuma informação sobre produtos de madeira ou painéis de madeira de pinus no site da empresa.,no,no,0,5,5,"A página 'Produtos' lista apenas rolhas de cortiça (Microaglomeradas, SILKTOP®, Colmatadas EVACORK®) e cápsulas (Complex Vinho, de Espumante). Não há menção a produtos de madeira.",A empresa parece focar em rolhas de cortiça e cápsulas para vinhos e espumantes.,0,0,0,2026-01-26T18:17:55.897143+00:00,Navigated to https://www.masilva.com.br; Accepted cookies; Clicked on 'Produtos'; Scrolled down the page 3 times
Atman Br - Novo Hamburgo,https://www.atmanbrasil.com.br,painel de madeira pinus,NOT_FOUND,Não foram encontrados produtos relacionados a madeira ou painéis de pinus no website da empresa.,no,no,0,5,5,"Contato do site Dúvidas? Fique a vontade e Entre em contato Estamos à disposição para atendê-lo, fique à vontade para entrar em contato em horário comercial de segunda a sexta das 8:00h às 11:30h e das 13:00h às 17:30h. Ligue-nos ou Agende sua Visita +55 (43) 3275 – 1200","A empresa foca em fibras de poliéster para estofados, almofadas e travesseiros.",0,0,0,2026-01-26T18:18:25.966931+00:00,https://www.atmanbrasil.com.br; https://www.atmanbrasil.com.br/produtos/; https://www.atmanbrasil.com.br/contato/
Rcd Distribuidora De Materiais Para Construcao Ltda - Porto Alegre,https://rcdcomercial.com,painel de madeira pinus,NOT_FOUND,Não foram encontrados produtos ou informações sobre madeira ou painéis de pinus no site.,no,no,0,5,5,"The provided webpage does not contain specific information about products made of wood, pine, or wood panels. It lists various solutions and segments within the construction industry, but does not detail the materials used in those solutions or products.",O site não fornece detalhes sobre os materiais utilizados nos produtos ou soluções oferecidas.,0,0,0,2026-01-26T18:26:24.960173+00:00,Navigated to https://rcdcomercial.com; Scrolled down; Scrolled down; Scrolled down; Scrolled down; Clicked on 'Soluções'; Scrolled down; Scrolled down; Extracted information from the page
Nesello - Caxias do Sul,https://neselloodontologia.com.br/,painel de madeira pinus,NOT_FOUND,O site da empresa é de uma clínica odontológica e não contém informações sobre produtos de madeira ou painéis de pinus.,no,no,0,5,5,"O site neselloodontologia.com.br é dedicado a serviços odontológicos, sem menção a produtos de madeira.",A empresa é uma clínica odontológica e não trabalha com materiais de madeira.,0,0,0,2026-01-26T18:27:33.310780+00:00,Navigated to https://neselloodontologia.com.br/; Scrolled down the page to find relevant information.; Concluded that the website does not contain information about wood products.
Hipermix S.A - Montenegro,https://www.hipermixbrasil.com.br/,painel de madeira pinus,NOT_FOUND,A empresa Hipermix Brasil oferece produtos de concreto e não há indicação de venda de painéis de madeira ou pinus em seu site.,no,no,0,5,5,Nenhum produto relacionado a madeira ou painéis de pinus foi encontrado.,A empresa foca em produtos de concreto.,0,0,0,2026-01-26T18:30:34.839764+00:00,Navigated to https://www.hipermixbrasil.com.br/; Clicked on 'Nossos Produtos'; Scanned product list for wood-related items.
"Tasca Industria E Comercio De Espumas, Colchoes E Estofados Ltda - Getulio Vargas",https://www.tasca.ind.br/,painel de madeira pinus,NOT_FOUND,A empresa não parece trabalhar com madeira ou painéis de madeira pinus com base nas informações visíveis e extraídas.,no,no,0,5,5,Nenhum produto relacionado a madeira ou painéis de madeira pinus foi encontrado após navegação e extração de dados da página de produtos.,"A empresa foca em espumas, colchões e estofados. Não foram encontrados produtos relacionados a madeira ou painéis de pinus.",0,0,0,2026-01-26T18:32:11.337963+00:00,Navigated to https://www.tasca.ind.br/; Accepted cookies.; Clicked 'Ver todos'.; Scrolled down multiple times to load products.; Extracted product information from visible products.; Analysis of extracted data showed no wood or pine panel related products.
J.A. Silveira - Pelotas,https://www.jasilveira.com.br/,painel de madeira pinus,NOT_FOUND,"A empresa produz materiais derivados de pedras, não de madeira.",no,no,0,5,5,Produzimos diversos materiais derivados de pedras para construção civil.,Pedras para construção civil.,0,0,0,2026-01-26T18:32:43.412493+00:00,Navigated to https://www.jasilveira.com.br/
J. Marcon Industria E Comercio De Moveis Ltda - Sao Marcos,https://www.jmarcon.com.br/,painel de madeira pinus,NOT_FOUND,Nenhum resultado encontrado para painel de madeira pinus. A análise dos produtos listados nas categorias não indica trabalhos com madeira ou painéis de pinus.,no,no,0,5,5,"Nenhum produto listado nas categorias 'Aparadores e Buffets', 'Bancos', 'Banquetas', 'Cadeiras', 'Complementos', 'Estantes', 'Mesas', 'Mesas Bistrô', 'Office', e 'Poltronas e Puffs' foi identificado como sendo feito de madeira ou mencionando pinus. A busca direta por 'painel de madeira pinus' também não retornou resultados.",A análise dos produtos listados nas categorias não indica trabalhos com madeira ou painéis de pinus. As categorias mencionadas incluem Acabamentos e Tecidos.,0,0,0,2026-01-26T18:39:21.574366+00:00,Navigated to https://www.jmarcon.com.br/; Scrolled down the page; Clicked on 'Ver mais produtos'; Scrolled down the page; Scrolled down the page; Searched for 'painel de madeira pinus' and pressed Enter; Navigated to 'Produtos' section; Scrolled down the page multiple times; Extracted product information from the 'Produtos' page
Iforms Fabricacao De Artefatos De Eps Ltda - Guaiba,https://iforms.com.br/,painel de madeira pinus,NOT_FOUND,A empresa não trabalha com madeira ou painéis de pinus. O foco é em blocos de construção de EPS.,no,no,0,5,5,"The provided text does not contain any mention of ""wood"", ""pine"", or related materials. The content focuses on a construction system using EPS (Expanded Polystyrene) forms.",A empresa fabrica blocos modulares de EPS preenchidos com concreto para construção civil.,0,0,0,2026-01-26T18:40:21.263967+00:00,Navigated to https://iforms.com.br/; Clicked on 'Produto' link; Scrolled down page 3 times; Extracted page content
Jhovini Moveis Ltda - Bento Goncalves,https://jhovini.com.br/,painel de madeira pinus,NOT_FOUND,Não foi encontrada nenhuma informação sobre o uso de madeira ou painéis de pinus nos produtos ou nas páginas da empresa.,no,no,0,5,5,Evidência textual: menciona Pinus/pine em texto institucional/catálogo.,,0,0,0,2026-01-26T18:43:39.743547+00:00,Navigated to https://jhovini.com.br/; Searched for 'painel de madeira pinus'; Navigated to 'sobre nós' page and extracted content; Navigated to 'Produtos' page and analyzed product categories
Toque E Retoque Comercio De Materiais De Construcao Ltda - Novo Hamburgo,toqueeretoque.com,painel de madeira pinus,NOT_FOUND,Não foram encontrados produtos relacionados a madeira ou painéis de madeira pinus no site.,no,no,0,5,5,"As categorias de produtos listadas no site são: Acabamento Perfeito, Revestimentos, Louças e Metais, Acessórios, Rodapés e Finalizações, Pós obras e Manutenção, Eletrodomésticos. Nenhuma menção a madeira ou painéis de madeira pinus foi encontrada.","O site lista categorias como Acabamento Perfeito, Revestimentos, Louças e Metais, Acessórios, Rodapés e Finalizações, Pós obras e Manutenção, e Eletrodomésticos. Nenhuma menção a madeira ou painéis de madeira pinus foi encontrada.",0,0,0,2026-01-26T18:45:05.323971+00:00,Navigated to toqueeretoque.com; Accepted cookie consent; Clicked on 'Produtos' link; Scrolled down the page multiple times; Extracted page content from /produtos/
Roal Industria Metalurgica Ltda - Caxias do Sul,https://roaltech.com.br/,painel de madeira pinus,NOT_FOUND,Não foram encontradas informações sobre trabalho com madeira ou painéis de pinus no site da empresa.,no,no,0,5,5,A empresa é especializada em oferecer soluções em peças técnicas metálicas.,"A empresa foca em soluções metálicas, como corte a laser, soldagem, usinagem e injeção plástica. Não há menção de trabalho com madeira ou painéis de pinus.",0,0,0,2026-01-26T18:47:05.415393+00:00,Navigated to https://roaltech.com.br/; Scrolled down the page multiple times on the 'Soluções' page.; Examined all visible content for mentions of wood or pine panels.
C.C.L. - Lajeado,https://www.cclajeado.com.br/,painel de madeira pinus,NOT_FOUND,O site é de uma igreja e não há informações sobre produtos de madeira ou painéis de pinus.,no,no,0,5,5,O site pertence à Comunidade Cristã de Lajeado e não contém informações sobre a venda de produtos de madeira.,Não foram encontrados materiais relacionados a madeira ou painéis de pinus.,0,0,0,2026-01-26T18:47:09.876283+00:00,Navigated to https://www.cclajeado.com.br/; Accepted cookies; Scrolled down twice
Homestar Brasil,https://www.homestar.com.br/,painel de madeira pinus,FOUND,"Produtos encontrados que imitam madeira, mas são feitos de poliuretano. Nenhum produto de madeira real ou pinus foi encontrado.",no,no,0,5,5,"Vigas de poliuretano HOMESTAR, também são conhecidas por vigas que imitam madeira, por serem vigas de poliuretano, são mais leves e mais resistentes, são perfeitas e rápidas de aplicar. As vigas de espuma de poliuretano, são utilizadas nos mais diversos tipos de decoração, como pergolado de madeira e revestimentos de madeira. Confira também as tábuas de poliuretano, em três cores diferentes, pode facilmente fazer barrotes falsos para pérgolas e traves de madeira antiga. Nossas vigas de poliuretano e tábuas que imitam madeira, possuem entrega imediata e são encontradas no nosso site ou em uma loja parceira no Brasil, para mais informações consulte-nos.",Os produtos nesta categoria são feitos de poliuretano e imitam madeira. Não há menção de madeira real ou pinus.,9,9,0,2026-01-26T18:47:39.741201+00:00,Navigated to Homestar Brasil.; Clicked on 'Produtos'.; Scrolled down to view categories.; Selected 'Vigas | Tábuas | Suportes'.; Extracted product details from the category page.
Moveis Bosi Ltda - Bento Goncalves,https://www.bosi.com.br/,painel de madeira pinus,ERROR,Erro ao processar: ValidationError,unknown,unknown,0,0,0,Falha no processamento.,,0,0,0,2026-01-26T17:25:11.781618+00:00,
****** - Sao Joao do Polesine,https://saojoaodopolesine.rs.gov.br/,painel de madeira pinus,ERROR,Erro ao processar: OSError,unknown,unknown,0,0,0,Falha no processamento.,,0,0,0,2026-01-26T17:58:12.357214+00:00,
