nm_empresa,website_url,run_at,product_category,product_name,materials,is_wood_related,mentions_pinus,source_hint
Brazilian Pine,https://brazilianpine.com.br/,2026-01-26T17:42:48.287507+00:00,Painéis,Painéis,pinus,yes,yes,Painéis
Brazilian Pine,https://brazilianpine.com.br/,2026-01-26T17:42:48.287507+00:00,Batentes,Batentes,pinus,yes,yes,Batentes
Brazilian Pine,https://brazilianpine.com.br/,2026-01-26T17:42:48.287507+00:00,Vigas,Vigas,pinus,yes,yes,Vigas
Brazilian Pine,https://brazilianpine.com.br/,2026-01-26T17:42:48.287507+00:00,Molduras,Molduras,pinus,yes,yes,Molduras
Brazilian Pine,https://brazilianpine.com.br/,2026-01-26T17:42:48.287507+00:00,Molduras,Molduras e perfis com laminado plástico,"pinus, plástico laminado",yes,yes,Molduras e perfis com laminado plástico
Brazilian Pine,https://brazilianpine.com.br/,2026-01-26T17:42:48.287507+00:00,Strair parts,Strair parts - Tread & Riser,pinus,yes,yes,Strair parts - Tread & Riser
Faganello Industria De Compensados Ltda - Sao Jose dos Ausentes,https://faganellocompensados.com.br/,2026-01-26T17:39:17.896770+00:00,,Compensado Resinado Cola Branca (Pinus),"Resined, White Glue",yes,yes,Compensado Resinado Cola Branca (Pinus)
Faganello Industria De Compensados Ltda - Sao Jose dos Ausentes,https://faganellocompensados.com.br/,2026-01-26T17:39:17.896770+00:00,,Plywood WBP Pinus Elliots C+/C OE&S ou C+/C+ OE&S,WBP (Water Boil Proof),yes,yes,Plywood WBP Pinus Elliots C+/C OE&S ou C+/C+ OE&S
Faganello Industria De Compensados Ltda - Sao Jose dos Ausentes,https://faganellocompensados.com.br/,2026-01-26T17:39:17.896770+00:00,,Plywood WBP Pinus Elliots CDX Sheating,"WBP (Water Boil Proof), CDX",yes,yes,Plywood WBP Pinus Elliots CDX Sheating
Finger Ambientes Personalizados - Sarandi,https://finger.ind.br/,2026-01-26T17:56:00.556018+00:00,,painel de madeira pinus,Not specified,yes,yes,Você pesquisou por painel de madeira pinus - Finger Móveis Planejados
Haas Trader Importadora E Exportadora Ltda - Venancio Aires,https://haastrader.com,2026-01-26T18:17:48.250636+00:00,Pellets,HAAS PELLETS,"Pura maravalha e serragem de coníferas virgens plantadas, descascada e selecionada, sem impurezas e sem adição de aditivos.",yes,yes,https://haastrader.com/produtos/
Haas Trader Importadora E Exportadora Ltda - Venancio Aires,https://haastrader.com,2026-01-26T18:17:48.250636+00:00,Pellets,SUDAMERICA PELLETS,Madeira virgem premium produzida a partir de árvores de coníferas plantadas.,yes,yes,https://haastrader.com/produtos/
Haas Trader Importadora E Exportadora Ltda - Venancio Aires,https://haastrader.com,2026-01-26T18:17:48.250636+00:00,Pellets,RIO GRANDE PELLETS,Madeira de coníferas virgens plantadas.,yes,yes,https://haastrader.com/produtos/
Klabin S.A. - Sao Francisco de Paula,https://klabin.com.br/,2026-01-26T17:39:40.857119+00:00,Matéria-Prima,Celulose e Papel,Madeira (pínus e eucalipto),yes,yes,Matéria-Prima page
Madeireira Tarumã - Viamao,https://madeireirataruma.com.br/,2026-01-26T18:32:04.223384+00:00,Madeira,Madeira,"Pinus, Pinus seco, Eucalipto, Cedrinho",yes,yes,Main page extraction
Mow Brazil Co Ltda - Porto Alegre,https://mowbrazil.com/pt/,2026-01-26T18:02:28.715635+00:00,Madeira Serrada,PINUS ELIOTTI/TAEDA,Pinus Eliotti/Taeda,yes,yes,https://mowbrazil.com/pt/#lumber
Mow Brazil Ltda - Porto Alegre,https://mowbrazil.com/pt/,2026-01-26T18:06:55.593341+00:00,Sawn wood,PINUS ELIOTTI/TAEDA,Sawn wood from sustainable reforestation (Pine),yes,yes,https://mowbrazil.com/#lumber
Pep Moveis E Madeira Ltda - Vacaria,https://pepmoveis.com/,2026-01-26T17:25:55.638351+00:00,,Móveis,Madeira,yes,yes,"Especializados em móveis de pinus maciço, desenvolvemos peças que combinam design com as necessidades de nossos clientes, sempre valorizando parcerias e projetos personalizados."
Piomade Industria De Madeiras Ltda - Farroupilha,https://www.piomade.com.br/,2026-01-26T17:38:18.261050+00:00,Madeira Serrada,Piomade Madeira Serrada,Madeira de reflorestamento (Pinus),yes,yes,Homepage section: Piomade Madeira Serrada
Piomade Industria De Madeiras Ltda - Farroupilha,https://www.piomade.com.br/,2026-01-26T17:38:18.261050+00:00,Painéis de Madeira,Piomade Painéis de Madeira,Madeira de reflorestamento (Pinus),yes,yes,Homepage section: Piomade Painéis de Madeira
Piomade Industria De Madeiras Ltda - Farroupilha,https://www.piomade.com.br/,2026-01-26T17:38:18.261050+00:00,Pellet,Piomade Pellet,Madeira de reflorestamento (Pinus),yes,yes,Homepage section: Piomade Pellet
Pr-Madeireira Mato Grosso Ltda - Torres,http://www.matogrossomadeireira.com.br/,2026-01-26T17:50:03.415425+00:00,Madeiramento,Madeiramento,"Muiracatiara, Cambará, Pinus, Eucalipto, Cedrinho Amescla",yes,yes,Produtos
Pr-Madeireira Mato Grosso Ltda - Torres,http://www.matogrossomadeireira.com.br/,2026-01-26T17:50:03.415425+00:00,Madeiramento,Pinus,Pinus,yes,yes,Produtos
Roloff Comercio De Tintas Ltda - Gramado,https://roloffgramado.com/,2026-01-26T18:44:05.086683+00:00,Madeira,Pinus,Pinus,yes,yes,https://roloffgramado.com/madeira/
Roloff Materiais De Construcao Ltda - Gramado,https://roloffgramado.com/,2026-01-26T18:39:59.432786+00:00,Piso,Assoalhos,Madeira,yes,yes,Madeiras
Roloff Materiais De Construcao Ltda - Gramado,https://roloffgramado.com/,2026-01-26T18:39:59.432786+00:00,Revestimento,Forros,Madeira,yes,yes,Madeiras
Roloff Materiais De Construcao Ltda - Gramado,https://roloffgramado.com/,2026-01-26T18:39:59.432786+00:00,Revestimento,Paredes,Madeira,yes,yes,Madeiras
Roloff Materiais De Construcao Ltda - Gramado,https://roloffgramado.com/,2026-01-26T18:39:59.432786+00:00,Área Externa,Decks,Madeira,yes,yes,Madeiras
Roloff Materiais De Construcao Ltda - Gramado,https://roloffgramado.com/,2026-01-26T18:39:59.432786+00:00,Acabamento,Rodapés,Madeira,yes,yes,Madeiras
Roloff Materiais De Construcao Ltda - Gramado,https://roloffgramado.com/,2026-01-26T18:39:59.432786+00:00,Acabamento,Guarnições,Madeira,yes,yes,Madeiras
Roloff Materiais De Construcao Ltda - Gramado,https://roloffgramado.com/,2026-01-26T18:39:59.432786+00:00,Estrutura,Barrotilhos,Madeira,yes,yes,Madeiras
Roloff Materiais De Construcao Ltda - Gramado,https://roloffgramado.com/,2026-01-26T18:39:59.432786+00:00,Madeira,Pinus Autoclavado,Pinus Autoclavado,yes,yes,Madeiras
Santella Acessorios Para Moveis Ltda - Nova Padua,https://www.santellafix.com.br/,2026-01-26T17:47:45.835795+00:00,Cavilhas,Cavilhas de Pinus,Pinus,yes,yes,Section 'Cavilhas de Pinus'
Sul Modulos - Porto Alegre,https://sulmodulos.com.br/,2026-01-26T18:24:16.226684+00:00,Acabamentos Internos,Ripados em madeira pinus,Madeira Pinus,yes,yes,Acabamentos Internos section
Totalita Industria De Moveis - Restinga Seca,www.totalita.com.br,2026-01-26T18:48:05.012235+00:00,Beliches,Beliche Infantil,Pinus,yes,yes,Beliche Infantil
Totalita Industria De Moveis - Restinga Seca,www.totalita.com.br,2026-01-26T18:48:05.012235+00:00,,Tota O 001/03,Pinus ou MDF,yes,yes,Tota O 001/03
Totalita Industria De Moveis - Restinga Seca,www.totalita.com.br,2026-01-26T18:48:05.012235+00:00,,B 087,Pinus ou MDF,yes,yes,B 087
Totalita Industria De Moveis - Restinga Seca,www.totalita.com.br,2026-01-26T18:48:05.012235+00:00,,C 035,Pinus ou MDF,yes,yes,C 035
Totalita Industria De Moveis - Restinga Seca,www.totalita.com.br,2026-01-26T18:48:05.012235+00:00,,B 014,Pinus ou MDF,yes,yes,B 014
Totalita Industria De Moveis - Restinga Seca,www.totalita.com.br,2026-01-26T18:48:05.012235+00:00,,B 090,Pinus ou MDF,yes,yes,B 090
Artimec- Mecanismos Articulados Ltda - Garibaldi,https://www.artimec.com.br,2026-01-26T18:03:31.573655+00:00,,Base Giratória 5 Hastes Reta,Wood,yes,no,Base Giratória 5 Hastes Reta
Artimec- Mecanismos Articulados Ltda - Garibaldi,https://www.artimec.com.br,2026-01-26T18:03:31.573655+00:00,,Base Giratória 4 Hastes | Pirâmide,Wood,yes,no,Base Giratória 4 Hastes | Pirâmide
Artimec- Mecanismos Articulados Ltda - Garibaldi,https://www.artimec.com.br,2026-01-26T18:03:31.573655+00:00,,Base Giratória 4 Hastes | Pirâmide,Wood,yes,no,Base Giratória 4 Hastes | Pirâmide
Artimec- Mecanismos Articulados Ltda - Garibaldi,https://www.artimec.com.br,2026-01-26T18:03:31.573655+00:00,,Base Giratória 4 Hastes | Trapezoidal,Wood,yes,no,Base Giratória 4 Hastes | Trapezoidal
Artimec- Mecanismos Articulados Ltda - Garibaldi,https://www.artimec.com.br,2026-01-26T18:03:31.573655+00:00,,Sistema Giratório para Pé Palito | Terminal Redondo,Wood,yes,no,Sistema Giratório para Pé Palito | Terminal Redondo
Artimec- Mecanismos Articulados Ltda - Garibaldi,https://www.artimec.com.br,2026-01-26T18:03:31.573655+00:00,,Base 5 Hastes Retas,Wood,yes,no,Base 5 Hastes Retas
Artimec- Mecanismos Articulados Ltda - Garibaldi,https://www.artimec.com.br,2026-01-26T18:03:31.573655+00:00,,Base 5 Hastes Retas,Wood,yes,no,Base 5 Hastes Retas
Artimec- Mecanismos Articulados Ltda - Garibaldi,https://www.artimec.com.br,2026-01-26T18:03:31.573655+00:00,,Requadro,Wood,yes,no,Requadro
Artimec- Mecanismos Articulados Ltda - Garibaldi,https://www.artimec.com.br,2026-01-26T18:03:31.573655+00:00,,Pé Apoio Madeira,Wood,yes,no,Pé Apoio Madeira
Artimec- Mecanismos Articulados Ltda - Garibaldi,https://www.artimec.com.br,2026-01-26T18:03:31.573655+00:00,,Pé Madeira - Haste 40 mm,Wood,yes,no,Pé Madeira - Haste 40 mm
Artimec- Mecanismos Articulados Ltda - Garibaldi,https://www.artimec.com.br,2026-01-26T18:03:31.573655+00:00,,Base Giratória para Banqueta Trapezoidal,Wood,yes,no,Base Giratória para Banqueta Trapezoidal
Artimec- Mecanismos Articulados Ltda - Garibaldi,https://www.artimec.com.br,2026-01-26T18:03:31.573655+00:00,,Argola avulsa,Wood,yes,no,Argola avulsa
Artimec- Mecanismos Articulados Ltda - Garibaldi,https://www.artimec.com.br,2026-01-26T18:03:31.573655+00:00,,Base Giratória para Banqueta Pirâmide,Wood,yes,no,Base Giratória para Banqueta Pirâmide
Atelie Pisos E Revestimentos - Porto Alegre,https://atelierevestimentos.com.br/,2026-01-26T18:16:49.018495+00:00,Pisos,Piso Madeira Maciça,Madeira Maciça (Solid Wood),yes,no,Piso Madeira Maciça
Belmax Industria De Moveis Ltda - Bento Goncalves,http://www.belmaxmoveis.com.br,2026-01-26T18:25:04.776453+00:00,,Lumier,,yes,no,Lumier
Belmax Industria De Moveis Ltda - Bento Goncalves,http://www.belmaxmoveis.com.br,2026-01-26T18:25:04.776453+00:00,,Luminum,Álamo (Poplar),yes,no,Luminum
Belmax Industria De Moveis Ltda - Bento Goncalves,http://www.belmaxmoveis.com.br,2026-01-26T18:25:04.776453+00:00,Modulados,Modulada (Modulados),,yes,no,Modulada (Modulados)
Belmax Industria De Moveis Ltda - Bento Goncalves,http://www.belmaxmoveis.com.br,2026-01-26T18:25:04.776453+00:00,,Originale,Carvalho (Oak),yes,no,Originale
Belmax Industria De Moveis Ltda - Bento Goncalves,http://www.belmaxmoveis.com.br,2026-01-26T18:25:04.776453+00:00,,Qualitá,Carvalho (Oak),yes,no,Qualitá
Belmax Industria De Moveis Ltda - Bento Goncalves,http://www.belmaxmoveis.com.br,2026-01-26T18:25:04.776453+00:00,,Autes,,yes,no,Autes
Belmax Industria De Moveis Ltda - Bento Goncalves,http://www.belmaxmoveis.com.br,2026-01-26T18:25:04.776453+00:00,,Complementos,,yes,no,Complementos
Belmax Industria De Moveis Ltda - Bento Goncalves,http://www.belmaxmoveis.com.br,2026-01-26T18:25:04.776453+00:00,,Eleganza,,yes,no,Eleganza
Belmax Industria De Moveis Ltda - Bento Goncalves,http://www.belmaxmoveis.com.br,2026-01-26T18:25:04.776453+00:00,,Imperium,,yes,no,Imperium
Belmax Industria De Moveis Ltda - Bento Goncalves,http://www.belmaxmoveis.com.br,2026-01-26T18:25:04.776453+00:00,,Inovatto,Ébano (Ebony),yes,no,Inovatto
Bertolini S/A - Bento Goncalves,https://www.bertolini.com.br/,2026-01-26T18:32:47.260055+00:00,Móveis,Móveis Planejados de Alto Padrão,MDF,yes,no,Evviva
Cendron Industria De Moveis E Esquadrias Ltda - Cotipora,http://www.esquadriascendron.com.br,2026-01-26T18:22:40.402538+00:00,,Madecen Esquadrias,Wood,yes,no,Madecen Esquadrias
Cendron Industria De Moveis E Esquadrias Ltda - Cotipora,http://www.esquadriascendron.com.br,2026-01-26T18:22:40.402538+00:00,,Padrões de Madeira,Wood,yes,no,Padrões de Madeira
Centenaro Cavacos Ltda. - Triunfo,https://centenarocavacos.com.br/,2026-01-26T18:13:47.163175+00:00,Resíduos de madeira,CAVACO DE MADEIRA,Madeira,yes,no,Serviços/Produtos page
Centenaro Cavacos Ltda. - Triunfo,https://centenarocavacos.com.br/,2026-01-26T18:13:47.163175+00:00,Lenha ecológica,BRIQUETE DE MADEIRA,Madeira,yes,no,Serviços/Produtos page
Centerplaster Produtos Para Construcao Ltda - Porto Alegre,https://centerplaster.com.br/,2026-01-26T18:17:27.746180+00:00,,Painel Wall,madeira,yes,no,Search results for 'madeira' on centerplaster.com.br
Cimab,https://b2brazil.com.br/hotsite/cimab/,2026-01-26T17:26:26.193314+00:00,"Madeira tratada para energia, telecomunicações e construção",POSTOS DE EUCALYPTUS-CCA TRATADO,Eucalipto tratado (CCA),yes,no,Nossos produtos
Cofercan - Canoas,cofercan.com.br,2026-01-26T18:26:59.627130+00:00,,Pregos,Metal,yes,no,extracted_content_0.md
Cofercan Comercial De Ferros - Esteio,https://cofercan.com.br,2026-01-26T18:40:30.694674+00:00,,Pregos,Metal,yes,no,Pregos
Coopeca-Moveis - Caxias do Sul,http://www.coopecamoveis.com.br,2026-01-26T17:49:31.201421+00:00,Modular kitchens,Kitchen Larissa TX / Corazi / Nordic Trend,MDF (implied by 100% MDF sticker on similar product image),yes,no,Modular kitchens section
Coopeca-Moveis - Caxias do Sul,http://www.coopecamoveis.com.br,2026-01-26T17:49:31.201421+00:00,Modular kitchens,Kitchen Larissa TX / Green Jade,MDF (implied by 100% MDF sticker on similar product image),yes,no,Modular kitchens section
Coopeca-Moveis - Caxias do Sul,http://www.coopecamoveis.com.br,2026-01-26T17:49:31.201421+00:00,Modular kitchens,Kitchen Larissa TX / Linho / Piombo,MDF (implied by 100% MDF sticker on similar product image),yes,no,Modular kitchens section
Coopeca-Moveis - Caxias do Sul,http://www.coopecamoveis.com.br,2026-01-26T17:49:31.201421+00:00,Modular kitchens,Kitchen Larissa TX / Green Jade / Serene Blue,MDF (implied by 100% MDF sticker on similar product image),yes,no,Modular kitchens section
Coopeca-Moveis - Caxias do Sul,http://www.coopecamoveis.com.br,2026-01-26T17:49:31.201421+00:00,Modular kitchens,Kitchen Larissa TX / Graphite,MDF (implied by 100% MDF sticker on similar product image),yes,no,Modular kitchens section
Coopeca-Moveis - Caxias do Sul,http://www.coopecamoveis.com.br,2026-01-26T17:49:31.201421+00:00,Rack,Rack Corazi / Green Jade,MDF (implied by 100% MDF sticker on similar product image),yes,no,Rack section
Coopeca-Moveis - Caxias do Sul,http://www.coopecamoveis.com.br,2026-01-26T17:49:31.201421+00:00,Modular bedroom,Modular line TX / Avelan,MDF (implied by 100% MDF sticker on similar product image),yes,no,Modular bedroom section
Coopeca-Moveis - Caxias do Sul,http://www.coopecamoveis.com.br,2026-01-26T17:49:31.201421+00:00,Modular bedroom,Modular line TX / Green Jade / Serene blue,MDF (implied by 100% MDF sticker on similar product image),yes,no,Modular bedroom section
Coopeca-Moveis - Caxias do Sul,http://www.coopecamoveis.com.br,2026-01-26T17:49:31.201421+00:00,Modular bedroom,Modular line TX / Linho / Graphite,MDF (implied by 100% MDF sticker on similar product image),yes,no,Modular bedroom section
Coopeca-Moveis - Caxias do Sul,http://www.coopecamoveis.com.br,2026-01-26T17:49:31.201421+00:00,Modular bedroom,Modular line Cristalo / Nordic Trend,MDF (implied by 100% MDF sticker on similar product image),yes,no,Modular bedroom section
Coopeca-Moveis - Caxias do Sul,http://www.coopecamoveis.com.br,2026-01-26T17:49:31.201421+00:00,Modular bedroom,Modular line TX / Piombo,MDF (implied by 100% MDF sticker on similar product image),yes,no,Modular bedroom section
Coopeca-Moveis - Caxias do Sul,http://www.coopecamoveis.com.br,2026-01-26T17:49:31.201421+00:00,Modular bedroom,Modular line Cristalo / Corazi,MDF (implied by 100% MDF sticker on similar product image),yes,no,Modular bedroom section
Coopeca-Moveis - Caxias do Sul,http://www.coopecamoveis.com.br,2026-01-26T17:49:31.201421+00:00,Modular bedroom,Modular line Cristalo / Cristalo,MDF (implied by 100% MDF sticker on similar product image),yes,no,Modular bedroom section
Coopeca-Moveis - Caxias do Sul,http://www.coopecamoveis.com.br,2026-01-26T17:49:31.201421+00:00,Sliding doors,Wardrobe Sliding doors TX / Carvalho Latino 2 doors,Carvalho Latino,yes,no,Sliding doors section
Coopeca-Moveis - Caxias do Sul,http://www.coopecamoveis.com.br,2026-01-26T17:49:31.201421+00:00,Sliding doors,Wardrobe Sliding doors TX / Carvalho Latino 3 doors,Carvalho Latino,yes,no,Sliding doors section
Coopeca-Moveis - Caxias do Sul,http://www.coopecamoveis.com.br,2026-01-26T17:49:31.201421+00:00,Sliding doors,Sliding doors line Avelan,Avelan,yes,no,Sliding doors section
Coopeca-Moveis - Caxias do Sul,http://www.coopecamoveis.com.br,2026-01-26T17:49:31.201421+00:00,Sliding doors,"Line Cooper Sliding doors, bedside tables Freijó",Freijó,yes,no,Sliding doors section
Coopeca-Moveis - Caxias do Sul,http://www.coopecamoveis.com.br,2026-01-26T17:49:31.201421+00:00,Sliding doors,Line Sliding doors Teka / Blue,Teka,yes,no,Sliding doors section
Coopeca-Moveis - Caxias do Sul,http://www.coopecamoveis.com.br,2026-01-26T17:49:31.201421+00:00,Sliding doors,Line Sliding doors Cristalo / Nordic Trend,Nordic Trend,yes,no,Sliding doors section
Coopeca-Moveis - Caxias do Sul,http://www.coopecamoveis.com.br,2026-01-26T17:49:31.201421+00:00,Line Cooper,Wardrobes 1702-1702A | Bedside table,Unknown,yes,no,Line Cooper section
Coopeca-Moveis - Caxias do Sul,http://www.coopecamoveis.com.br,2026-01-26T17:49:31.201421+00:00,Bench line,Bench TX / Green Jade,Green Jade,yes,no,Bench line section
Coopeca-Moveis - Caxias do Sul,http://www.coopecamoveis.com.br,2026-01-26T17:49:31.201421+00:00,Bedside tables,Bedside table 1710 Avelan / White / Cristalo,"Avelan, White, Cristalo",yes,no,Bedside tables section
Coopeca-Moveis - Caxias do Sul,http://www.coopecamoveis.com.br,2026-01-26T17:49:31.201421+00:00,Bedside tables,Bedside table 1809 Avelan / White / Cristalo,"Avelan, White, Cristalo",yes,no,Bedside tables section
Coopeca-Moveis - Caxias do Sul,http://www.coopecamoveis.com.br,2026-01-26T17:49:31.201421+00:00,Bedside tables,Bedside tables 1220 e 1230 Teka / Green Jade,"Teka, Green Jade",yes,no,Bedside tables section
Coopeca-Moveis - Caxias do Sul,http://www.coopecamoveis.com.br,2026-01-26T17:49:31.201421+00:00,Bedside tables,Bedside table 1212 Teka / Green Jade,"Teka, Green Jade",yes,no,Bedside tables section
Coopeca-Moveis - Caxias do Sul,http://www.coopecamoveis.com.br,2026-01-26T17:49:31.201421+00:00,Bedside tables,Bedside table 1243 Teka / Green Jade,"Teka, Green Jade",yes,no,Bedside tables section
Coopeca-Moveis - Caxias do Sul,http://www.coopecamoveis.com.br,2026-01-26T17:49:31.201421+00:00,Bedside tables,Bedside table 1232 Teka / Green Jade,"Teka, Green Jade",yes,no,Bedside tables section
Coopeca-Moveis - Caxias do Sul,http://www.coopecamoveis.com.br,2026-01-26T17:49:31.201421+00:00,Bedside tables,Bedside table 1242 Teka / Green Jade,"Teka, Green Jade",yes,no,Bedside tables section
Coopeca-Moveis - Caxias do Sul,http://www.coopecamoveis.com.br,2026-01-26T17:49:31.201421+00:00,Bedside tables,Bedside table 1213 Teka / Green Jade,"Teka, Green Jade",yes,no,Bedside tables section
Coopeca-Moveis - Caxias do Sul,http://www.coopecamoveis.com.br,2026-01-26T17:49:31.201421+00:00,Bedside tables,Bedside tables Teka / Green Jade,"Teka, Green Jade",yes,no,Bedside tables section
Dal Mobile Ltda - Bento Goncalves,https://www.dalmobile.com.br/,2026-01-26T17:59:59.996272+00:00,,Concept,"MDF (implied by decorative panels like Ornamento and Muxarabi, inspired by natural elements)",yes,no,https://www.dalmobile.com.br/pt/linhas#concept
Dal Mobile Ltda - Bento Goncalves,https://www.dalmobile.com.br/,2026-01-26T17:59:59.996272+00:00,,Open Long,"Not specified, described as floor-to-ceiling cabinet system with industrial aesthetic and refined finishes.",yes,no,https://www.dalmobile.com.br/pt/linhas#openlong
Dal Mobile Ltda - Bento Goncalves,https://www.dalmobile.com.br/,2026-01-26T17:59:59.996272+00:00,,Open Fit,"Not specified, uses a rack system for customization.",yes,no,https://www.dalmobile.com.br/pt/linhas#openlong
Dal Mobile Ltda - Bento Goncalves,https://www.dalmobile.com.br/,2026-01-26T17:59:59.996272+00:00,,Pocket Door,Sliding doors.,yes,no,https://www.dalmobile.com.br/pt/linhas#openlong
Dal Mobile Ltda - Bento Goncalves,https://www.dalmobile.com.br/,2026-01-26T17:59:59.996272+00:00,,Door,Sliding and swing doors.,yes,no,https://www.dalmobile.com.br/pt/linhas#openlong
Dal Mobile Ltda - Bento Goncalves,https://www.dalmobile.com.br/,2026-01-26T17:59:59.996272+00:00,,Faces,"MDF, personalized doors and fronts with designs.",yes,no,https://www.dalmobile.com.br/pt/linhas#openlong
Dal Mobile Ltda - Bento Goncalves,https://www.dalmobile.com.br/,2026-01-26T17:59:59.996272+00:00,,Vértigo,"Slatted panels, BP patterns.",yes,no,https://www.dalmobile.com.br/pt/linhas#openlong
Delei Madeiras - Porto Alegre,https://www.deleimadeiras.com.br/,2026-01-26T17:47:21.305939+00:00,Chapas,Chapas de MDF e derivados,"MDF, derivados",yes,no,Produtos
Delei Madeiras - Porto Alegre,https://www.deleimadeiras.com.br/,2026-01-26T17:47:21.305939+00:00,Compensados,Compensados naval,Compensado naval,yes,no,Materiais para Marcenaria e Montagem de Móveis
Delei Madeiras - Porto Alegre,https://www.deleimadeiras.com.br/,2026-01-26T17:47:21.305939+00:00,Painéis,Multilaminado,Multilaminado,yes,no,Materiais para Marcenaria e Montagem de Móveis
Delei Madeiras - Porto Alegre,https://www.deleimadeiras.com.br/,2026-01-26T17:47:21.305939+00:00,Madeira,Sarrafeado,Sarrafeado,yes,no,Materiais para Marcenaria e Montagem de Móveis
Delei Madeiras - Porto Alegre,https://www.deleimadeiras.com.br/,2026-01-26T17:47:21.305939+00:00,Acabamentos,Fitas de borda,"PVC, ABS",yes,no,Acabamentos e revestimentos
Delei Madeiras - Porto Alegre,https://www.deleimadeiras.com.br/,2026-01-26T17:47:21.305939+00:00,Revestimentos,Lâminas naturais,Lâminas naturais,yes,no,Acabamentos e revestimentos
Ectx Bento Goncalves - Bento Goncalves,https://www.eucatex.com.br,2026-01-26T17:27:31.886765+00:00,Painéis,Painéis e Chapas de Madeira,Madeira,yes,no,Search results
Ectx Bento Goncalves - Bento Goncalves,https://www.eucatex.com.br,2026-01-26T17:27:31.886765+00:00,Painéis,Ripados,Madeira,yes,no,Search results
Ectx Bento Goncalves - Bento Goncalves,https://www.eucatex.com.br,2026-01-26T17:27:31.886765+00:00,Chapas,Chapa Eucaplac,Fibra de Madeira,yes,no,Search results
Ectx Bento Goncalves - Bento Goncalves,https://www.eucatex.com.br,2026-01-26T17:27:31.886765+00:00,Chapas,Chapa Eucadur,Fibra de Madeira,yes,no,Search results
Ectx Bento Goncalves - Bento Goncalves,https://www.eucatex.com.br,2026-01-26T17:27:31.886765+00:00,Chapas,Eucadur Perfurado,Madeira Perfurada,yes,no,Search results
Ectx Bento Goncalves - Bento Goncalves,https://www.eucatex.com.br,2026-01-26T17:27:31.886765+00:00,Painel de Madeira MDP,MDP BP Grafis,MDP,yes,no,Search results
Ectx Bento Goncalves - Bento Goncalves,https://www.eucatex.com.br,2026-01-26T17:27:31.886765+00:00,Painel de Madeira MDP,MDP BP TX Premium,MDP,yes,no,Search results
Ectx Bento Goncalves - Bento Goncalves,https://www.eucatex.com.br,2026-01-26T17:27:31.886765+00:00,Painel de Madeira MDP,MDP BP Matt Soft,MDP,yes,no,Search results
Ectx Bento Goncalves - Bento Goncalves,https://www.eucatex.com.br,2026-01-26T17:27:31.886765+00:00,Painel de Madeira MDP,MDP BP Natural Wood,MDP,yes,no,Search results
Ectx Bento Goncalves - Bento Goncalves,https://www.eucatex.com.br,2026-01-26T17:27:31.886765+00:00,Painel de Madeira MDP,MDP BP Poro Supermatt,MDP,yes,no,Search results
Ectx Bento Goncalves - Bento Goncalves,https://www.eucatex.com.br,2026-01-26T17:27:31.886765+00:00,Painel de Madeira MDF,MDF BP Grafis,MDF,yes,no,Search results
Ectx Bento Goncalves - Bento Goncalves,https://www.eucatex.com.br,2026-01-26T17:27:31.886765+00:00,Painel de Madeira MDF,MDF BP Raízes,MDF,yes,no,Search results
Ectx Bento Goncalves - Bento Goncalves,https://www.eucatex.com.br,2026-01-26T17:27:31.886765+00:00,Painel de Madeira MDF,MDF BP Matt Soft,MDF,yes,no,Search results
Ectx Bento Goncalves - Bento Goncalves,https://www.eucatex.com.br,2026-01-26T17:27:31.886765+00:00,Painel de Madeira MDF,MDF BP Poro Supermatt,MDF,yes,no,Search results
Ectx Bento Goncalves - Bento Goncalves,https://www.eucatex.com.br,2026-01-26T17:27:31.886765+00:00,Painel de Madeira MDP,MDP Lacca AD,MDP,yes,no,Search results
Ectx Bento Goncalves - Bento Goncalves,https://www.eucatex.com.br,2026-01-26T17:27:31.886765+00:00,Painel de Madeira MDF,MDF Lacca AD,MDF,yes,no,Search results
Ectx Bento Goncalves - Bento Goncalves,https://www.eucatex.com.br,2026-01-26T17:27:31.886765+00:00,Painel de Madeira MDP,MDP Perffect One,MDP,yes,no,Search results
Ectx Bento Goncalves - Bento Goncalves,https://www.eucatex.com.br,2026-01-26T17:27:31.886765+00:00,Painel de Madeira MDP,MDP Perffect Wood,MDP,yes,no,Search results
Ectx Bento Goncalves - Bento Goncalves,https://www.eucatex.com.br,2026-01-26T17:27:31.886765+00:00,Painel de Madeira MDP,MDP Perffect Touch,MDP,yes,no,Search results
Ectx Bento Goncalves - Bento Goncalves,https://www.eucatex.com.br,2026-01-26T17:27:31.886765+00:00,Painel de Madeira MDP,Madeira Oak - MDP Perffect Wood,"MDP, Madeira Oak",yes,no,Search results
Ectx Bento Goncalves - Bento Goncalves,https://www.eucatex.com.br,2026-01-26T17:27:31.886765+00:00,Painel de Madeira MDF,Painel MDF BP Eucatex,MDF,yes,no,Search results
Ectx Bento Goncalves - Bento Goncalves,https://www.eucatex.com.br,2026-01-26T17:27:31.886765+00:00,Verniz,Eucatex Verniz Tingidor Premium,Madeira,yes,no,Search results
Ectx Bento Goncalves - Bento Goncalves,https://www.eucatex.com.br,2026-01-26T17:27:31.886765+00:00,Stain,Eucatex Stain Protetor Premium,Madeira,yes,no,Search results
Ectx Bento Goncalves - Bento Goncalves,https://www.eucatex.com.br,2026-01-26T17:27:31.886765+00:00,Verniz,Eucatex Verniz Marítimo Premium,Madeira,yes,no,Search results
Ectx Bento Goncalves - Bento Goncalves,https://www.eucatex.com.br,2026-01-26T17:27:31.886765+00:00,Seladora,Eucatex Seladora Extra Premium,Madeira,yes,no,Search results
Ectx Bento Goncalves - Bento Goncalves,https://www.eucatex.com.br,2026-01-26T17:27:31.886765+00:00,Thinner,Eucatex Thinner 9800,"Seladoras para madeira, vernizes",yes,no,Search results
Ectx Bento Goncalves - Bento Goncalves,https://www.eucatex.com.br,2026-01-26T17:27:31.886765+00:00,Esmalte,Peg & Pinte Esmalte,"Madeira, Metais, Alumínio, Galvanizado, PVC, Alvenaria",yes,no,Search results
Ectx Bento Goncalves - Bento Goncalves,https://www.eucatex.com.br,2026-01-26T17:27:31.886765+00:00,Primer,Eucatex Primer Especial Grafite,"Madeira, Superfícies metálicas",yes,no,Search results
Ectx Bento Goncalves - Bento Goncalves,https://www.eucatex.com.br,2026-01-26T17:27:31.886765+00:00,Fundo Nivelador,Eucatex Fundo Nivelador para Madeira,Madeira,yes,no,Search results
Ectx Bento Goncalves - Bento Goncalves,https://www.eucatex.com.br,2026-01-26T17:27:31.886765+00:00,Verniz,Eucatex Verniz Epóxi,Madeira,yes,no,Search results
Ectx Bento Goncalves - Bento Goncalves,https://www.eucatex.com.br,2026-01-26T17:27:31.886765+00:00,Massa,Eucatex Massa Epóxi Catalisável,Madeira,yes,no,Search results
Ectx Bento Goncalves - Bento Goncalves,https://www.eucatex.com.br,2026-01-26T17:27:31.886765+00:00,Esmalte,Eucalux Seca Rápido Esmalte Premium,Madeira,yes,no,Search results
Ectx Bento Goncalves - Bento Goncalves,https://www.eucatex.com.br,2026-01-26T17:27:31.886765+00:00,Esmalte,Eucatex ACQUA Esmalte Base Água,Madeira,yes,no,Search results
Ectx Bento Goncalves - Bento Goncalves,https://www.eucatex.com.br,2026-01-26T17:27:31.886765+00:00,Massa,Eucatex Massa Acrílica,Madeira,yes,no,Search results
Ectx Bento Goncalves - Bento Goncalves,https://www.eucatex.com.br,2026-01-26T17:27:31.886765+00:00,Massa,Eucatex Massa Para Madeira,Madeira,yes,no,Search results
Ectx Bento Goncalves - Bento Goncalves,https://www.eucatex.com.br,2026-01-26T17:27:31.886765+00:00,Verniz,Eucatex Verniz PU,Madeira,yes,no,Search results
Ectx Bento Goncalves - Bento Goncalves,https://www.eucatex.com.br,2026-01-26T17:27:31.886765+00:00,Stain,Eucatex Power Stain Impregnante Premium,Madeira,yes,no,Search results
Ectx Bento Goncalves - Bento Goncalves,https://www.eucatex.com.br,2026-01-26T17:27:31.886765+00:00,Verniz para deck,Tintas Eucatex lança Eucatol,Madeira,yes,no,Search results
Ectx Bento Goncalves - Bento Goncalves,https://www.eucatex.com.br,2026-01-26T17:27:31.886765+00:00,Esmalte Epóxi,Tintas Eucatex lança Peg&Pinte Pro-tech Epóxi,Madeira,yes,no,Search results
Ectx Bento Goncalves - Bento Goncalves,https://www.eucatex.com.br,2026-01-26T17:27:31.886765+00:00,Artigo,Jornal do Pintor - Proteção para madeiras e metais - Esmaltes - Tintas Eucatex,Madeiras,yes,no,Search results
Estobel - Industria De Estofados Ltda. - Farroupilha,https://www.estobel.com.br/,2026-01-26T18:28:46.826001+00:00,Pés e bases,Pés e bases em madeira (Tauari),Madeira (Tauari),yes,no,Acabamentos
Estobel - Industria De Estofados Ltda. - Farroupilha,https://www.estobel.com.br/,2026-01-26T18:28:46.826001+00:00,Laminas Naturais,Laminas Naturais em Carvalho Americano,Carvalho Americano,yes,no,Acabamentos
Eucalumber Comercio De Madeiras Ltda - Rio Grande,https://www.eucalumber.com/,2026-01-26T18:45:39.975656+00:00,Mats,Crane Mats,"Eucalipto, Aço",yes,no,https://www.eucalumber.com/
Faganello Industria De Compensados Ltda - Sao Jose dos Ausentes,https://faganellocompensados.com.br/,2026-01-26T17:39:17.896770+00:00,,Compensado Naval Plastificado 120gr,,yes,no,Compensado Naval Plastificado 120gr
Ferru'S Moveis Para Escritorio Ltda - Em Recuperacao Judicial - Venancio Aires,https://www.ferrus.com.br/,2026-01-26T17:43:59.249209+00:00,Portfolio,Wood,Wood,yes,no,Portfolio page
Finger Ambientes Personalizados - Sarandi,https://finger.ind.br/,2026-01-26T17:56:00.556018+00:00,,madeira de reflorestamento,Not specified,yes,no,"Afinal, o que é madeira de reflorestamento? Entenda aqui"
Finotoc Moveis Ltda - Bento Goncalves,https://finotoc.com.br/,2026-01-26T17:47:14.724636+00:00,Acabamento/Revestimento,Lâminas de Madeira,Madeira,yes,no,Visible text on homepage
Gebb Work Industria De Moveis Ltda - Bento Goncalves,https://www.gebbwork.com.br/,2026-01-26T18:01:40.659161+00:00,Product Category,Office,,yes,no,Office
Gebb Work Industria De Moveis Ltda - Bento Goncalves,https://www.gebbwork.com.br/,2026-01-26T18:01:40.659161+00:00,Product Category,Vitago,,yes,no,Vitago
Gebb Work Industria De Moveis Ltda - Bento Goncalves,https://www.gebbwork.com.br/,2026-01-26T18:01:40.659161+00:00,Product Category,Start,,yes,no,Start
Gebb Work Industria De Moveis Ltda - Bento Goncalves,https://www.gebbwork.com.br/,2026-01-26T18:01:40.659161+00:00,Product Category,Yaris,,yes,no,Yaris
Gebb Work Industria De Moveis Ltda - Bento Goncalves,https://www.gebbwork.com.br/,2026-01-26T18:01:40.659161+00:00,Product Category,New City,,yes,no,New City
Gebb Work Industria De Moveis Ltda - Bento Goncalves,https://www.gebbwork.com.br/,2026-01-26T18:01:40.659161+00:00,Product Category,Shelf Complementos,,yes,no,Shelf Complementos
Gebb Work Industria De Moveis Ltda - Bento Goncalves,https://www.gebbwork.com.br/,2026-01-26T18:01:40.659161+00:00,Product Category,Recepção Complementos,,yes,no,Recepção Complementos
Gebb Work Industria De Moveis Ltda - Bento Goncalves,https://www.gebbwork.com.br/,2026-01-26T18:01:40.659161+00:00,Product Category,Call Center Complementos,,yes,no,Call Center Complementos
Gebb Work Industria De Moveis Ltda - Bento Goncalves,https://www.gebbwork.com.br/,2026-01-26T18:01:40.659161+00:00,Product Category,Módulos Complementos,,yes,no,Módulos Complementos
Gebb Work Industria De Moveis Ltda - Bento Goncalves,https://www.gebbwork.com.br/,2026-01-26T18:01:40.659161+00:00,Product Category,Acessórios,,yes,no,Acessórios
Gebb Work Industria De Moveis Ltda - Bento Goncalves,https://www.gebbwork.com.br/,2026-01-26T18:01:40.659161+00:00,Product Category,Acessórios Elétricos,,yes,no,Acessórios Elétricos
Gebb Work Industria De Moveis Ltda - Bento Goncalves,https://www.gebbwork.com.br/,2026-01-26T18:01:40.659161+00:00,Product Category,Recepção,,yes,no,Recepção
Gebb Work Industria De Moveis Ltda - Bento Goncalves,https://www.gebbwork.com.br/,2026-01-26T18:01:40.659161+00:00,Product Category,Boss,Carvalho Berlim,yes,no,Boss
Gebb Work Industria De Moveis Ltda - Bento Goncalves,https://www.gebbwork.com.br/,2026-01-26T18:01:40.659161+00:00,Product Category,Versa,,yes,no,Versa
Gebb Work Industria De Moveis Ltda - Bento Goncalves,https://www.gebbwork.com.br/,2026-01-26T18:01:40.659161+00:00,Product Category,Dom,,yes,no,Dom
Gebb Work Industria De Moveis Ltda - Bento Goncalves,https://www.gebbwork.com.br/,2026-01-26T18:01:40.659161+00:00,Product Category,Lexus Prime,,yes,no,Lexus Prime
Gebb Work Industria De Moveis Ltda - Bento Goncalves,https://www.gebbwork.com.br/,2026-01-26T18:01:40.659161+00:00,Product Category,Lexus,,yes,no,Lexus
Gebb Work Industria De Moveis Ltda - Bento Goncalves,https://www.gebbwork.com.br/,2026-01-26T18:01:40.659161+00:00,Product Category,Infinity,,yes,no,Infinity
Gebb Work Industria De Moveis Ltda - Bento Goncalves,https://www.gebbwork.com.br/,2026-01-26T18:01:40.659161+00:00,Product Category,Lockers,,yes,no,Lockers
Gebb Work Industria De Moveis Ltda - Bento Goncalves,https://www.gebbwork.com.br/,2026-01-26T18:01:40.659161+00:00,Product Category,Call Center Colméia Complementos,,yes,no,Call Center Colméia Complementos
Gebb Work Industria De Moveis Ltda - Bento Goncalves,https://www.gebbwork.com.br/,2026-01-26T18:01:40.659161+00:00,Product Category,Complementos,,yes,no,Complementos
Gebb Work Industria De Moveis Ltda - Bento Goncalves,https://www.gebbwork.com.br/,2026-01-26T18:01:40.659161+00:00,Product Category,Magic,,yes,no,Magic
Gebb Work Industria De Moveis Ltda - Bento Goncalves,https://www.gebbwork.com.br/,2026-01-26T18:01:40.659161+00:00,Product Category,Frequency,,yes,no,Frequency
Gebb Work Industria De Moveis Ltda - Bento Goncalves,https://www.gebbwork.com.br/,2026-01-26T18:01:40.659161+00:00,Product Category,Lexus Form,,yes,no,Lexus Form
Gebb Work Industria De Moveis Ltda - Bento Goncalves,https://www.gebbwork.com.br/,2026-01-26T18:01:40.659161+00:00,Product Category,Space,,yes,no,Space
Gebb Work Industria De Moveis Ltda - Bento Goncalves,https://www.gebbwork.com.br/,2026-01-26T18:01:40.659161+00:00,Product Category,One,,yes,no,One
Gebb Work Industria De Moveis Ltda - Bento Goncalves,https://www.gebbwork.com.br/,2026-01-26T18:01:40.659161+00:00,Product Category,Arquivamento,,yes,no,Arquivamento
Gebb Work Industria De Moveis Ltda - Bento Goncalves,https://www.gebbwork.com.br/,2026-01-26T18:01:40.659161+00:00,Product Category,Balcão,,yes,no,Balcão
Gebb Work Industria De Moveis Ltda - Bento Goncalves,https://www.gebbwork.com.br/,2026-01-26T18:01:40.659161+00:00,Product Category,Mesas,,yes,no,Mesas
Gebb Work Industria De Moveis Ltda - Bento Goncalves,https://www.gebbwork.com.br/,2026-01-26T18:01:40.659161+00:00,Product Category,Plataformas,,yes,no,Plataformas
Gebb Work Industria De Moveis Ltda - Bento Goncalves,https://www.gebbwork.com.br/,2026-01-26T18:01:40.659161+00:00,Product Category,Cabines Acústicas,,yes,no,Cabines Acústicas
Gebb Work Industria De Moveis Ltda - Bento Goncalves,https://www.gebbwork.com.br/,2026-01-26T18:01:40.659161+00:00,Product Category,Armários,,yes,no,Armários
Gebb Work Industria De Moveis Ltda - Bento Goncalves,https://www.gebbwork.com.br/,2026-01-26T18:01:40.659161+00:00,Product Category,Estantes,,yes,no,Estantes
Gebb Work Industria De Moveis Ltda - Bento Goncalves,https://www.gebbwork.com.br/,2026-01-26T18:01:40.659161+00:00,Product Category,Gaveteiros,,yes,no,Gaveteiros
Gebb Work Industria De Moveis Ltda - Bento Goncalves,https://www.gebbwork.com.br/,2026-01-26T18:01:40.659161+00:00,Product Category,Call Center,,yes,no,Call Center
Gebb Work Industria De Moveis Ltda - Bento Goncalves,https://www.gebbwork.com.br/,2026-01-26T18:01:40.659161+00:00,Product Category,Complementos Gerais,,yes,no,Complementos Gerais
Gebb Work Industria De Moveis Ltda - Bento Goncalves,https://www.gebbwork.com.br/,2026-01-26T18:01:40.659161+00:00,Product Category,Office Complementos,,yes,no,Office Complementos
Gebb Work Industria De Moveis Ltda - Bento Goncalves,https://www.gebbwork.com.br/,2026-01-26T18:01:40.659161+00:00,Product Category,Infinity,,yes,no,Infinity
Gebb Work Industria De Moveis Ltda - Bento Goncalves,https://www.gebbwork.com.br/,2026-01-26T18:01:40.659161+00:00,Product Category,Lockers,,yes,no,Lockers
Gebb Work Industria De Moveis Ltda - Bento Goncalves,https://www.gebbwork.com.br/,2026-01-26T18:01:40.659161+00:00,Product Category,Módulos,,yes,no,Módulos
Gebb Work Industria De Moveis Ltda - Bento Goncalves,https://www.gebbwork.com.br/,2026-01-26T18:01:40.659161+00:00,Product Category,Shelf,,yes,no,Shelf
Gebb Work Industria De Moveis Ltda - Bento Goncalves,https://www.gebbwork.com.br/,2026-01-26T18:01:40.659161+00:00,Product Category,Colaborativo,,yes,no,Colaborativo
Gebb Work Industria De Moveis Ltda - Bento Goncalves,https://www.gebbwork.com.br/,2026-01-26T18:01:40.659161+00:00,Product Category,Mesas de Trabalho Complementos,,yes,no,Mesas de Trabalho Complementos
Gebb Work Industria De Moveis Ltda - Bento Goncalves,https://www.gebbwork.com.br/,2026-01-26T18:01:40.659161+00:00,Product Category,Mesas de Reunião,,yes,no,Mesas de Reunião
Gebb Work Industria De Moveis Ltda - Bento Goncalves,https://www.gebbwork.com.br/,2026-01-26T18:01:40.659161+00:00,Product Category,Mesas de Trabalho,,yes,no,Mesas de Trabalho
Gebb Work Industria De Moveis Ltda - Bento Goncalves,https://www.gebbwork.com.br/,2026-01-26T18:01:40.659161+00:00,Product Category,Mesas Dinâmicas,,yes,no,Mesas Dinâmicas
Gebb Work Industria De Moveis Ltda - Bento Goncalves,https://www.gebbwork.com.br/,2026-01-26T18:01:40.659161+00:00,Product Category,Mesas Diretor,,yes,no,Mesas Diretor
Gebb Work Industria De Moveis Ltda - Bento Goncalves,https://www.gebbwork.com.br/,2026-01-26T18:01:40.659161+00:00,Product Category,Mesas Elétricas e Rebatíveis,,yes,no,Mesas Elétricas e Rebatíveis
Gebb Work Industria De Moveis Ltda - Bento Goncalves,https://www.gebbwork.com.br/,2026-01-26T18:01:40.659161+00:00,Product Category,Mesas Executivas,,yes,no,Mesas Executivas
Gebb Work Industria De Moveis Ltda - Bento Goncalves,https://www.gebbwork.com.br/,2026-01-26T18:01:40.659161+00:00,Product Category,Mesas de Gerência,,yes,no,Mesas de Gerência
Gebb Work Industria De Moveis Ltda - Bento Goncalves,https://www.gebbwork.com.br/,2026-01-26T18:01:40.659161+00:00,Product Category,Plataformas Complementos,,yes,no,Plataformas Complementos
Gebb Work Industria De Moveis Ltda - Bento Goncalves,https://www.gebbwork.com.br/,2026-01-26T18:01:40.659161+00:00,Product Category,Plataformas Light,,yes,no,Plataformas Light
Gebb Work Industria De Moveis Ltda - Bento Goncalves,https://www.gebbwork.com.br/,2026-01-26T18:01:40.659161+00:00,Product Category,Plataformas,,yes,no,Plataformas
Gebb Work Industria De Moveis Ltda - Bento Goncalves,https://www.gebbwork.com.br/,2026-01-26T18:01:40.659161+00:00,Product Category,Cabines Frequency,,yes,no,Cabines Frequency
Gebb Work Industria De Moveis Ltda - Bento Goncalves,https://www.gebbwork.com.br/,2026-01-26T18:01:40.659161+00:00,Product Category,COMPLEMENTOS DE AMBIENTE,,yes,no,COMPLEMENTOS DE AMBIENTE
Gebb Work Industria De Moveis Ltda - Bento Goncalves,https://www.gebbwork.com.br/,2026-01-26T18:01:40.659161+00:00,Product Category,DIRETIVO,,yes,no,DIRETIVO
Gebb Work Industria De Moveis Ltda - Bento Goncalves,https://www.gebbwork.com.br/,2026-01-26T18:01:40.659161+00:00,Product Category,EXECUTIVO,,yes,no,EXECUTIVO
Gebb Work Industria De Moveis Ltda - Bento Goncalves,https://www.gebbwork.com.br/,2026-01-26T18:01:40.659161+00:00,Product Category,GERÊNCIA,,yes,no,GERÊNCIA
Gebb Work Industria De Moveis Ltda - Bento Goncalves,https://www.gebbwork.com.br/,2026-01-26T18:01:40.659161+00:00,Product Category,HOME OFFICE,,yes,no,HOME OFFICE
Gebb Work Industria De Moveis Ltda - Bento Goncalves,https://www.gebbwork.com.br/,2026-01-26T18:01:40.659161+00:00,Product Category,STAFF,,yes,no,STAFF
Global Prime Brasil Comercial Exportadora Ltda - Caxias do Sul,https://globalprime.com.br/,2026-01-26T18:06:15.675475+00:00,Madeiras Aplainadas,APG S4S,,yes,no,https://globalprime.com.br/madeiras-aplainadas/
Global Prime Brasil Comercial Exportadora Ltda - Caxias do Sul,https://globalprime.com.br/,2026-01-26T18:06:15.675475+00:00,Madeiras Aplainadas,Aplainadas Rústicas (TÁBUAS RÚSTICAS),,yes,no,https://globalprime.com.br/madeiras-aplainadas/
Hoffmann Materiais De Construção Ltda - Caxias do Sul,https://www.hoffmannrscaxias.com.br/,2026-01-26T18:44:01.729705+00:00,Acabamentos e Revestimentos,Esquadrias de madeira e alumínio,madeira e alumínio,yes,no,Acabamentos e Revestimentos
Homestar Brasil,https://www.homestar.com.br/,2026-01-26T18:47:39.741201+00:00,Vigas | Tábuas | Suportes,VIGA IMITAÇÃO DE MADEIRA REAL 19X17 BRANCA,Poliuretano,yes,no,VIGA IMITAÇÃO DE MADEIRA REAL 19X17 BRANCA
Homestar Brasil,https://www.homestar.com.br/,2026-01-26T18:47:39.741201+00:00,Vigas | Tábuas | Suportes,VIGA IMITAÇÃO DE MADEIRA REAL 19X17 MODERNA,Poliuretano,yes,no,VIGA IMITAÇÃO DE MADEIRA REAL 19X17 MODERNA
Homestar Brasil,https://www.homestar.com.br/,2026-01-26T18:47:39.741201+00:00,Vigas | Tábuas | Suportes,VIGA IMITAÇÃO DE MADEIRA REAL 19X17 RÚSTICA,Poliuretano,yes,no,VIGA IMITAÇÃO DE MADEIRA REAL 19X17 RÚSTICA
Homestar Brasil,https://www.homestar.com.br/,2026-01-26T18:47:39.741201+00:00,Vigas | Tábuas | Suportes,VIGA IMITAÇÃO DE MADEIRA REAL 9X6 RÚSTICA,Poliuretano,yes,no,VIGA IMITAÇÃO DE MADEIRA REAL 9X6 RÚSTICA
Homestar Brasil,https://www.homestar.com.br/,2026-01-26T18:47:39.741201+00:00,Vigas | Tábuas | Suportes,VIGA IMITAÇÃO DE MADEIRA REAL 9X6 MODERNA,Poliuretano,yes,no,VIGA IMITAÇÃO DE MADEIRA REAL 9X6 MODERNA
Homestar Brasil,https://www.homestar.com.br/,2026-01-26T18:47:39.741201+00:00,Vigas | Tábuas | Suportes,VIGA IMITAÇÃO DE MADEIRA REAL 9X6 BRANCA,Poliuretano,yes,no,VIGA IMITAÇÃO DE MADEIRA REAL 9X6 BRANCA
Homestar Brasil,https://www.homestar.com.br/,2026-01-26T18:47:39.741201+00:00,Vigas | Tábuas | Suportes,VIGA IMITAÇÃO DE MADEIRA REAL 20X13 RÚSTICA,Poliuretano,yes,no,VIGA IMITAÇÃO DE MADEIRA REAL 20X13 RÚSTICA
Homestar Brasil,https://www.homestar.com.br/,2026-01-26T18:47:39.741201+00:00,Vigas | Tábuas | Suportes,VIGA IMITAÇÃO DE MADEIRA REAL 20X13 MODERNA,Poliuretano,yes,no,VIGA IMITAÇÃO DE MADEIRA REAL 20X13 MODERNA
Homestar Brasil,https://www.homestar.com.br/,2026-01-26T18:47:39.741201+00:00,Vigas | Tábuas | Suportes,VIGA IMITAÇÃO DE MADEIRA REAL 20X13 BRANCA,Poliuretano,yes,no,VIGA IMITAÇÃO DE MADEIRA REAL 20X13 BRANCA
Incobio Industria E Comercio De Biomassa Ltda - Encruzilhada do Sul,https://incobio.com.br/,2026-01-26T17:25:43.765657+00:00,Biocombustível,Pellet Incobio,Resíduos de madeira,yes,no,https://incobio.com.br/
Interdesign Moveis Ltda - Caxias do Sul,https://saccaro.com.br/,2026-01-26T18:26:26.300564+00:00,Mesas de Jantar,MESA JANTAR LÍQUEN,Carvalho (Oak),yes,no,https://saccaro.com.br/indoor/mesas_de_jantar
Jms Embalagens Industriais - Capivari do Sul,jmsembalagens.com.br,2026-01-26T17:34:28.743223+00:00,Pallet,Pallet 02 entradas descartável (P2ED),,yes,no,Pallet 02 entradas descartável (P2ED)
Jms Embalagens Industriais - Capivari do Sul,jmsembalagens.com.br,2026-01-26T17:34:28.743223+00:00,Pallet,Pallet 4 entradas (P4E),,yes,no,Pallet 4 entradas (P4E)
Jms Embalagens Industriais - Capivari do Sul,jmsembalagens.com.br,2026-01-26T17:34:28.743223+00:00,Pallet,Pallet Dupla Face 4 entradas (P4EDF),,yes,no,Pallet Dupla Face 4 entradas (P4EDF)
Jms Embalagens Industriais - Capivari do Sul,jmsembalagens.com.br,2026-01-26T17:34:28.743223+00:00,Pallet,Pallet 4 entradas descartável (P4ED),,yes,no,Pallet 4 entradas descartável (P4ED)
Jms Embalagens Industriais - Capivari do Sul,jmsembalagens.com.br,2026-01-26T17:34:28.743223+00:00,Pallet,Pallet 2 entradas (P2E),,yes,no,Pallet 2 entradas (P2E)
Jms Embalagens Industriais - Capivari do Sul,jmsembalagens.com.br,2026-01-26T17:34:28.743223+00:00,Engradado,Engradado aberto 4 entradas (EA4E),,yes,no,Engradado aberto 4 entradas (EA4E)
Jms Embalagens Industriais - Capivari do Sul,jmsembalagens.com.br,2026-01-26T17:34:28.743223+00:00,Caixa,Caixa com tampa 2 entradas (CT2E),,yes,no,Caixa com tampa 2 entradas (CT2E)
Jms Embalagens Industriais - Capivari do Sul,jmsembalagens.com.br,2026-01-26T17:34:28.743223+00:00,Tratamento,Tratamento HT,,yes,no,Tratamento HT
Jms Embalagens Industriais - Capivari do Sul,jmsembalagens.com.br,2026-01-26T17:34:28.743223+00:00,Biomassa,Serragem e Biomassa (cavaco),Serragem e Biomassa (cavaco),yes,no,Serragem e Biomassa (cavaco)
Logon Madeira Do Brasil Ltda - Sao Marcos,https://www.logonmadeira.com/,2026-01-26T18:11:07.724647+00:00,Wall,Wood Painted and Primed Wall,wood,yes,no,Wood Painted and Primed Wall
Logon Madeira Do Brasil Ltda - Sao Marcos,https://www.logonmadeira.com/,2026-01-26T18:11:07.724647+00:00,Boards,Wood Painted and Primed Boards,wood,yes,no,Wood Painted and Primed Boards
Logon Madeira Do Brasil Ltda - Sao Marcos,https://www.logonmadeira.com/,2026-01-26T18:11:07.724647+00:00,Moulding,Moulding Painted and Primed,wood,yes,no,Moulding Painted and Primed
Logon Madeira Do Brasil Ltda - Sao Marcos,https://www.logonmadeira.com/,2026-01-26T18:11:07.724647+00:00,Panels,Wood Primed Panels,wood,yes,no,Wood Primed Panels
Logon Madeira Do Brasil Ltda - Sao Marcos,https://www.logonmadeira.com/,2026-01-26T18:11:07.724647+00:00,Jambs,Flat Jambs,unknown,yes,no,Flat Jambs
Logon Madeira Do Brasil Ltda - Sao Marcos,https://www.logonmadeira.com/,2026-01-26T18:11:07.724647+00:00,Blanks,Clear Finger Jointed Blanks,wood,yes,no,Clear Finger Jointed Blanks
Logon Madeira Do Brasil Ltda - Sao Marcos,https://www.logonmadeira.com/,2026-01-26T18:11:07.724647+00:00,Panel,Round Wood Panel,wood,yes,no,Round Wood Panel
Logon Madeira Do Brasil Ltda - Sao Marcos,https://www.logonmadeira.com/,2026-01-26T18:11:07.724647+00:00,Panel,Stain Grade Panel,wood,yes,no,Stain Grade Panel
Luft E Backes Ltda - Bom Principio,luftmadeiras.com.br,2026-01-26T18:14:41.320602+00:00,,Decks,,yes,no,Decks
Luft E Backes Ltda - Bom Principio,luftmadeiras.com.br,2026-01-26T18:14:41.320602+00:00,,Assoalhos,,yes,no,Assoalhos
Luft E Backes Ltda - Bom Principio,luftmadeiras.com.br,2026-01-26T18:14:41.320602+00:00,,Ripados,,yes,no,Ripados
Luft E Backes Ltda - Bom Principio,luftmadeiras.com.br,2026-01-26T18:14:41.320602+00:00,,Paredes,,yes,no,Paredes
Luft E Backes Ltda - Bom Principio,luftmadeiras.com.br,2026-01-26T18:14:41.320602+00:00,,Telhados E Forros,,yes,no,Telhados E Forros
Luft E Backes Ltda - Bom Principio,luftmadeiras.com.br,2026-01-26T18:14:41.320602+00:00,,Escadas,,yes,no,Escadas
Luft E Backes Ltda - Bom Principio,luftmadeiras.com.br,2026-01-26T18:14:41.320602+00:00,,Pergolados,,yes,no,Pergolados
Madeireira Haas Ltda - Venancio Aires,https://haasmadeiras.com.br,2026-01-26T18:27:43.714528+00:00,Palete PBR,PBR I,Eucalipto,yes,no,Produtos
Madeireira Haas Ltda - Venancio Aires,https://haasmadeiras.com.br,2026-01-26T18:27:43.714528+00:00,Palete PBR,PBR II,Eucalipto,yes,no,Produtos
Madeireira Haas Ltda - Venancio Aires,https://haasmadeiras.com.br,2026-01-26T18:27:43.714528+00:00,Palete PBR,PP HAAS I,Eucalipto,yes,no,Produtos
Madeireira Haas Ltda - Venancio Aires,https://haasmadeiras.com.br,2026-01-26T18:27:43.714528+00:00,Palete PBR,PP HAAS V,Eucalipto,yes,no,Produtos
Madeireira Haas Ltda - Venancio Aires,https://haasmadeiras.com.br,2026-01-26T18:27:43.714528+00:00,Palete PBR,PP HAAS II,Eucalipto,yes,no,Produtos
Madeireira Haas Ltda - Venancio Aires,https://haasmadeiras.com.br,2026-01-26T18:27:43.714528+00:00,Palete PBR,PP HAAS III,Eucalipto,yes,no,Produtos
Madeireira Haas Ltda - Venancio Aires,https://haasmadeiras.com.br,2026-01-26T18:27:43.714528+00:00,Palete PBR,PP HAAS IV,Eucalipto,yes,no,Produtos
Madeireira Haas Ltda - Venancio Aires,https://haasmadeiras.com.br,2026-01-26T18:27:43.714528+00:00,Palete PBR,PP HAAS VI,Eucalipto,yes,no,Produtos
Madeireira Haas Ltda - Venancio Aires,https://haasmadeiras.com.br,2026-01-26T18:27:43.714528+00:00,Pellets,Pellets de Madeira,Madeira,yes,no,Produtos
Madeireira Haas Ltda - Venancio Aires,https://haasmadeiras.com.br,2026-01-26T18:27:43.714528+00:00,Embalagens,Embalagens,Madeira,yes,no,Produtos
Madeireira Haas Ltda - Venancio Aires,https://haasmadeiras.com.br,2026-01-26T18:27:43.714528+00:00,Biomassa,Biomassa,,yes,no,Produtos
Madeireira Haas Ltda - Venancio Aires,https://haasmadeiras.com.br,2026-01-26T18:27:43.714528+00:00,Recolhimento de resíduos,Recolhimento de resíduos,,yes,no,Produtos
Madeireira Tarumã - Viamao,https://madeireirataruma.com.br/,2026-01-26T18:32:04.223384+00:00,Aberturas,Aberturas,"Aço, Alumínio, Angelim, Eucalipto",yes,no,Main page extraction
Madeireira Tarumã - Viamao,https://madeireirataruma.com.br/,2026-01-26T18:32:04.223384+00:00,Pisos,Pisos de concreto,Concreto (estilo madeira),yes,no,Main page extraction
Madezatti Sa - Caxias do Sul,http://www.madezatti.com.br,2026-01-26T18:41:02.019886+00:00,,Componentes em Madeira,Madeira,yes,no,Componentes em Madeira
Matrezan - Serafina Correa,https://matrezan.com.br/,2026-01-26T17:46:11.470849+00:00,Móveis Corporativos,Móveis Corporativos,,yes,no,Navigated to https://matrezan.com.br/catalogos/
Matrezan - Serafina Correa,https://matrezan.com.br/,2026-01-26T17:46:11.470849+00:00,Salas de Jantar,Mesas de Jantar,,yes,no,Navigated to https://matrezan.com.br/catalogos/
Matrezan - Serafina Correa,https://matrezan.com.br/,2026-01-26T17:46:11.470849+00:00,Salas de Jantar,Sala de Jantar,,yes,no,Navigated to https://matrezan.com.br/catalogos/
Matrezan - Serafina Correa,https://matrezan.com.br/,2026-01-26T17:46:11.470849+00:00,Salas de Jantar,Cadeiras de Jantar,,yes,no,Navigated to https://matrezan.com.br/catalogos/
Matrezan - Serafina Correa,https://matrezan.com.br/,2026-01-26T17:46:11.470849+00:00,Salas de Jantar,Bistrô e Banquetas,,yes,no,Navigated to https://matrezan.com.br/catalogos/
Matrezan - Serafina Correa,https://matrezan.com.br/,2026-01-26T17:46:11.470849+00:00,Salas de Jantar,Poltronas,,yes,no,Navigated to https://matrezan.com.br/catalogos/
Matrezan - Serafina Correa,https://matrezan.com.br/,2026-01-26T17:46:11.470849+00:00,Salas de Jantar,Complementos,,yes,no,Navigated to https://matrezan.com.br/catalogos/
Miranti Moveis Para Escritorio - Caxias do Sul,https://www.miranti.com.br,2026-01-26T18:13:19.436296+00:00,Linhas de Produto,Linha SCM Life,,yes,no,Linha SCM Life
Miranti Moveis Para Escritorio - Caxias do Sul,https://www.miranti.com.br,2026-01-26T18:13:19.436296+00:00,Linhas de Produto,Linha Sim,,yes,no,Linha Sim
Miranti Moveis Para Escritorio - Caxias do Sul,https://www.miranti.com.br,2026-01-26T18:13:19.436296+00:00,Linhas de Produto,Office Express,,yes,no,Office Express
Miranti Moveis Para Escritorio - Caxias do Sul,https://www.miranti.com.br,2026-01-26T18:13:19.436296+00:00,Linhas de Produto,Linha RMV,,yes,no,Linha RMV
Miranti Moveis Para Escritorio - Caxias do Sul,https://www.miranti.com.br,2026-01-26T18:13:19.436296+00:00,Linhas de Produto,Linha DM50,,yes,no,Linha DM50
Miranti Moveis Para Escritorio - Caxias do Sul,https://www.miranti.com.br,2026-01-26T18:13:19.436296+00:00,Cadeiras,Cadeiras Advance,,yes,no,Cadeiras Advance
Miranti Moveis Para Escritorio - Caxias do Sul,https://www.miranti.com.br,2026-01-26T18:13:19.436296+00:00,Cadeiras,Cadeiras Personality,,yes,no,Cadeiras Personality
Miranti Moveis Para Escritorio - Caxias do Sul,https://www.miranti.com.br,2026-01-26T18:13:19.436296+00:00,Cadeiras,Cadeiras Clean,,yes,no,Cadeiras Clean
Miranti Moveis Para Escritorio - Caxias do Sul,https://www.miranti.com.br,2026-01-26T18:13:19.436296+00:00,Cadeiras,Cadeiras Linha Mir,,yes,no,Cadeiras Linha Mir
Miranti Moveis Para Escritorio - Caxias do Sul,https://www.miranti.com.br,2026-01-26T18:13:19.436296+00:00,Cadeiras,Cadeiras Linha Clip,,yes,no,Cadeiras Linha Clip
Miranti Moveis Para Escritorio - Caxias do Sul,https://www.miranti.com.br,2026-01-26T18:13:19.436296+00:00,Cadeiras,Cadeiras Linha Clip Plus,,yes,no,Cadeiras Linha Clip Plus
Miranti Moveis Para Escritorio - Caxias do Sul,https://www.miranti.com.br,2026-01-26T18:13:19.436296+00:00,Tipos de Produto,Recepção,,yes,no,Recepção
Miranti Moveis Para Escritorio - Caxias do Sul,https://www.miranti.com.br,2026-01-26T18:13:19.436296+00:00,Tipos de Produto,Mesas de Reunião,,yes,no,Mesas de Reunião
Miranti Moveis Para Escritorio - Caxias do Sul,https://www.miranti.com.br,2026-01-26T18:13:19.436296+00:00,Tipos de Produto,Call Center,,yes,no,Call Center
Miranti Moveis Para Escritorio - Caxias do Sul,https://www.miranti.com.br,2026-01-26T18:13:19.436296+00:00,Tipos de Produto,Divisória,,yes,no,Divisória
Miranti Moveis Para Escritorio - Caxias do Sul,https://www.miranti.com.br,2026-01-26T18:13:19.436296+00:00,Tipos de Produto,Cadeiras,,yes,no,Cadeiras
Miranti Moveis Para Escritorio - Caxias do Sul,https://www.miranti.com.br,2026-01-26T18:13:19.436296+00:00,Tipos de Produto,Acessórios Gerais,,yes,no,Acessórios Gerais
Miranti Moveis Para Escritorio - Caxias do Sul,https://www.miranti.com.br,2026-01-26T18:13:19.436296+00:00,Tipos de Produto,Mesas e Estações de Trabalho,,yes,no,Mesas e Estações de Trabalho
Moveis Casa De Pedra Ltda - Farroupilha,https://casadepedraestofados.com.br/,2026-01-26T18:39:29.570253+00:00,SOFÁS,Beluno,,yes,no,SOFÁS
Moveis Casa De Pedra Ltda - Farroupilha,https://casadepedraestofados.com.br/,2026-01-26T18:39:29.570253+00:00,SOFÁS,Cayman,,yes,no,SOFÁS
Moveis Casa De Pedra Ltda - Farroupilha,https://casadepedraestofados.com.br/,2026-01-26T18:39:29.570253+00:00,SOFÁS,Everest,,yes,no,SOFÁS
Moveis Casa De Pedra Ltda - Farroupilha,https://casadepedraestofados.com.br/,2026-01-26T18:39:29.570253+00:00,SOFÁS,Linus,,yes,no,SOFÁS
Moveis Casa De Pedra Ltda - Farroupilha,https://casadepedraestofados.com.br/,2026-01-26T18:39:29.570253+00:00,SOFÁS,Oasis,,yes,no,SOFÁS
Moveis Casa De Pedra Ltda - Farroupilha,https://casadepedraestofados.com.br/,2026-01-26T18:39:29.570253+00:00,SOFÁS,Pergo,,yes,no,SOFÁS
Moveis Casa De Pedra Ltda - Farroupilha,https://casadepedraestofados.com.br/,2026-01-26T18:39:29.570253+00:00,POLTRONAS,Amora,,yes,no,POLTRONAS
Moveis Casa De Pedra Ltda - Farroupilha,https://casadepedraestofados.com.br/,2026-01-26T18:39:29.570253+00:00,POLTRONAS,Calli,,yes,no,POLTRONAS
Moveis Casa De Pedra Ltda - Farroupilha,https://casadepedraestofados.com.br/,2026-01-26T18:39:29.570253+00:00,POLTRONAS,Dalia,,yes,no,POLTRONAS
Moveis Casa De Pedra Ltda - Farroupilha,https://casadepedraestofados.com.br/,2026-01-26T18:39:29.570253+00:00,POLTRONAS,Frau,,yes,no,POLTRONAS
Moveis Casa De Pedra Ltda - Farroupilha,https://casadepedraestofados.com.br/,2026-01-26T18:39:29.570253+00:00,POLTRONAS,Grafite,,yes,no,POLTRONAS
Moveis Casa De Pedra Ltda - Farroupilha,https://casadepedraestofados.com.br/,2026-01-26T18:39:29.570253+00:00,POLTRONAS,Kira,,yes,no,POLTRONAS
Moveis Casa De Pedra Ltda - Farroupilha,https://casadepedraestofados.com.br/,2026-01-26T18:39:29.570253+00:00,POLTRONAS,Lia,,yes,no,POLTRONAS
Moveis Casa De Pedra Ltda - Farroupilha,https://casadepedraestofados.com.br/,2026-01-26T18:39:29.570253+00:00,POLTRONAS,Lótus,,yes,no,POLTRONAS
Moveis Casa De Pedra Ltda - Farroupilha,https://casadepedraestofados.com.br/,2026-01-26T18:39:29.570253+00:00,POLTRONAS,Maia,,yes,no,POLTRONAS
Moveis Casa De Pedra Ltda - Farroupilha,https://casadepedraestofados.com.br/,2026-01-26T18:39:29.570253+00:00,POLTRONAS,Magnolia,,yes,no,POLTRONAS
Moveis Casa De Pedra Ltda - Farroupilha,https://casadepedraestofados.com.br/,2026-01-26T18:39:29.570253+00:00,POLTRONAS,Mocca,,yes,no,POLTRONAS
Moveis Casa De Pedra Ltda - Farroupilha,https://casadepedraestofados.com.br/,2026-01-26T18:39:29.570253+00:00,POLTRONAS,Noa,,yes,no,POLTRONAS
Moveis Casa De Pedra Ltda - Farroupilha,https://casadepedraestofados.com.br/,2026-01-26T18:39:29.570253+00:00,POLTRONAS,Travel,,yes,no,POLTRONAS
Moveis Casa De Pedra Ltda - Farroupilha,https://casadepedraestofados.com.br/,2026-01-26T18:39:29.570253+00:00,POLTRONAS,Tom,,yes,no,POLTRONAS
Moveis Casa De Pedra Ltda - Farroupilha,https://casadepedraestofados.com.br/,2026-01-26T18:39:29.570253+00:00,POLTRONAS,Valenza,,yes,no,POLTRONAS
Moveis Casa De Pedra Ltda - Farroupilha,https://casadepedraestofados.com.br/,2026-01-26T18:39:29.570253+00:00,POLTRONAS,Zafira,,yes,no,POLTRONAS
Moveis Casa De Pedra Ltda - Farroupilha,https://casadepedraestofados.com.br/,2026-01-26T18:39:29.570253+00:00,POLTRONAS,Zoe,,yes,no,POLTRONAS
Moveis Casa De Pedra Ltda - Farroupilha,https://casadepedraestofados.com.br/,2026-01-26T18:39:29.570253+00:00,ELÉTRICOS E RETRÁTEIS,Cozzi,,yes,no,ELÉTRICOS E RETRÁTEIS
Moveis Casa De Pedra Ltda - Farroupilha,https://casadepedraestofados.com.br/,2026-01-26T18:39:29.570253+00:00,ELÉTRICOS E RETRÁTEIS,Frida,,yes,no,ELÉTRICOS E RETRÁTEIS
Moveis Casa De Pedra Ltda - Farroupilha,https://casadepedraestofados.com.br/,2026-01-26T18:39:29.570253+00:00,SOFÁS CAMA,Flat Sofá Cama Solei,,yes,no,SOFÁS CAMA
Moveis Casa De Pedra Ltda - Farroupilha,https://casadepedraestofados.com.br/,2026-01-26T18:39:29.570253+00:00,SOFÁS CAMA,Poltrona Attento,,yes,no,SOFÁS CAMA
Moveis Casa De Pedra Ltda - Farroupilha,https://casadepedraestofados.com.br/,2026-01-26T18:39:29.570253+00:00,RECAMIER,Kenura,,yes,no,RECAMIER
Moveis Casa De Pedra Ltda - Farroupilha,https://casadepedraestofados.com.br/,2026-01-26T18:39:29.570253+00:00,RECAMIER,Tom,,yes,no,RECAMIER
Moveis Casa De Pedra Ltda - Farroupilha,https://casadepedraestofados.com.br/,2026-01-26T18:39:29.570253+00:00,RECAMIER,Aceno,,yes,no,RECAMIER
Moveis Casa De Pedra Ltda - Farroupilha,https://casadepedraestofados.com.br/,2026-01-26T18:39:29.570253+00:00,RECAMIER,Alamo,,yes,no,RECAMIER
Moveis Casa De Pedra Ltda - Farroupilha,https://casadepedraestofados.com.br/,2026-01-26T18:39:29.570253+00:00,RECAMIER,Bean,,yes,no,RECAMIER
Moveis Casa De Pedra Ltda - Farroupilha,https://casadepedraestofados.com.br/,2026-01-26T18:39:29.570253+00:00,RECAMIER,Berlim,,yes,no,RECAMIER
Moveis Casa De Pedra Ltda - Farroupilha,https://casadepedraestofados.com.br/,2026-01-26T18:39:29.570253+00:00,RECAMIER,Bio,,yes,no,RECAMIER
Moveis Casa De Pedra Ltda - Farroupilha,https://casadepedraestofados.com.br/,2026-01-26T18:39:29.570253+00:00,RECAMIER,Bologna,,yes,no,RECAMIER
Moveis Casa De Pedra Ltda - Farroupilha,https://casadepedraestofados.com.br/,2026-01-26T18:39:29.570253+00:00,RECAMIER,Crypto,,yes,no,RECAMIER
Moveis Casa De Pedra Ltda - Farroupilha,https://casadepedraestofados.com.br/,2026-01-26T18:39:29.570253+00:00,RECAMIER,Everest,,yes,no,RECAMIER
Moveis Casa De Pedra Ltda - Farroupilha,https://casadepedraestofados.com.br/,2026-01-26T18:39:29.570253+00:00,RECAMIER,Grafite,,yes,no,RECAMIER
Moveis Casa De Pedra Ltda - Farroupilha,https://casadepedraestofados.com.br/,2026-01-26T18:39:29.570253+00:00,RECAMIER,Linie,,yes,no,RECAMIER
Moveis Casa De Pedra Ltda - Farroupilha,https://casadepedraestofados.com.br/,2026-01-26T18:39:29.570253+00:00,RECAMIER,Maiori,,yes,no,RECAMIER
Moveis Casa De Pedra Ltda - Farroupilha,https://casadepedraestofados.com.br/,2026-01-26T18:39:29.570253+00:00,RECAMIER,Milão,,yes,no,RECAMIER
Moveis Casa De Pedra Ltda - Farroupilha,https://casadepedraestofados.com.br/,2026-01-26T18:39:29.570253+00:00,RECAMIER,Monaco,,yes,no,RECAMIER
Moveis Casa De Pedra Ltda - Farroupilha,https://casadepedraestofados.com.br/,2026-01-26T18:39:29.570253+00:00,RECAMIER,Mondrian,,yes,no,RECAMIER
Moveis Casa De Pedra Ltda - Farroupilha,https://casadepedraestofados.com.br/,2026-01-26T18:39:29.570253+00:00,RECAMIER,Nexo,,yes,no,RECAMIER
Moveis Casa De Pedra Ltda - Farroupilha,https://casadepedraestofados.com.br/,2026-01-26T18:39:29.570253+00:00,RECAMIER,Samoa,,yes,no,RECAMIER
Moveis Casa De Pedra Ltda - Farroupilha,https://casadepedraestofados.com.br/,2026-01-26T18:39:29.570253+00:00,RECAMIER,Slim,,yes,no,RECAMIER
Moveis Casa De Pedra Ltda - Farroupilha,https://casadepedraestofados.com.br/,2026-01-26T18:39:29.570253+00:00,RECAMIER,Soléi,,yes,no,RECAMIER
Moveis Casa De Pedra Ltda - Farroupilha,https://casadepedraestofados.com.br/,2026-01-26T18:39:29.570253+00:00,RECAMIER,Spice,,yes,no,RECAMIER
Moveis Casa De Pedra Ltda - Farroupilha,https://casadepedraestofados.com.br/,2026-01-26T18:39:29.570253+00:00,RECAMIER,Toio,,yes,no,RECAMIER
Moveis Casa De Pedra Ltda - Farroupilha,https://casadepedraestofados.com.br/,2026-01-26T18:39:29.570253+00:00,RECAMIER,Tom,,yes,no,RECAMIER
Moveis Casa De Pedra Ltda - Farroupilha,https://casadepedraestofados.com.br/,2026-01-26T18:39:29.570253+00:00,RECAMIER,Zurich,,yes,no,RECAMIER
Moveis Sular - Caxias do Sul,https://sular.com.br,2026-01-26T17:30:33.815874+00:00,Divisão de Ambientes,Sistema de divisórias piso-teto,Painéis de madeira ou vidro,yes,no,Divisão de Ambientes
Mow Brazil Co Ltda - Porto Alegre,https://mowbrazil.com/pt/,2026-01-26T18:02:28.715635+00:00,Madeira Serrada,EUCALYPTUS SALIGNA/ GRANDIS,Eucalyptus Saligna/ Grandis,yes,no,https://mowbrazil.com/pt/#lumber
Multi Aquecimento - Bento Goncalves,https://multiaquecimento.com.br/,2026-01-26T18:23:50.032670+00:00,,Lareira de Alto Desempenho a Lenha,,yes,no,Page 1
Multi Aquecimento - Bento Goncalves,https://multiaquecimento.com.br/,2026-01-26T18:23:50.032670+00:00,,Lareira de embutir a lenha,,yes,no,Page 1
Pallets Castillo Brasil - Porto Alegre,https://palletscastillo.com,2026-01-26T18:47:57.300701+00:00,Pallets,Europallets Homologados,agglomerated wood or solid wood,yes,no,Europallets Homologados
Pallets Castillo Brasil - Porto Alegre,https://palletscastillo.com,2026-01-26T18:47:57.300701+00:00,Pallets,Pallets modelo CP,,yes,no,Pallets modelo CP
Pallets Castillo Brasil - Porto Alegre,https://palletscastillo.com,2026-01-26T18:47:57.300701+00:00,Pallets,Pallets de 2 y 4 entradas,,yes,no,Pallets de 2 y 4 entradas
Pallets Castillo Brasil - Porto Alegre,https://palletscastillo.com,2026-01-26T18:47:57.300701+00:00,Pallets,Europallets usados de segunda calidad,,yes,no,Europallets usados de segunda calidad
Pallets Castillo Brasil - Porto Alegre,https://palletscastillo.com,2026-01-26T18:47:57.300701+00:00,Pallets,Pallets con tratamiento térmico,,yes,no,Pallets con tratamiento térmico
Pallets Castillo Brasil - Porto Alegre,https://palletscastillo.com,2026-01-26T18:47:57.300701+00:00,Wood,Madera Aserrada,wood,yes,no,Madera Aserrada
Pep Moveis E Madeira Ltda - Vacaria,https://pepmoveis.com/,2026-01-26T17:25:55.638351+00:00,,Corona,,yes,no,### Corona
Pep Moveis E Madeira Ltda - Vacaria,https://pepmoveis.com/,2026-01-26T17:25:55.638351+00:00,,Traditional,,yes,no,### Traditional
Pep Moveis E Madeira Ltda - Vacaria,https://pepmoveis.com/,2026-01-26T17:25:55.638351+00:00,,Clover Cottage,,yes,no,### Clover Cottage
Pep Moveis E Madeira Ltda - Vacaria,https://pepmoveis.com/,2026-01-26T17:25:55.638351+00:00,,Olivia,,yes,no,### Olivia
Pep Moveis E Madeira Ltda - Vacaria,https://pepmoveis.com/,2026-01-26T17:25:55.638351+00:00,,Along,,yes,no,### Along
Pep Moveis E Madeira Ltda - Vacaria,https://pepmoveis.com/,2026-01-26T17:25:55.638351+00:00,,El Patio,,yes,no,### El Patio
Pep Moveis E Madeira Ltda - Vacaria,https://pepmoveis.com/,2026-01-26T17:25:55.638351+00:00,,Charcoal / Ash,,yes,no,### Charcoal / Ash
Pep Moveis E Madeira Ltda - Vacaria,https://pepmoveis.com/,2026-01-26T17:25:55.638351+00:00,,Painéis,Madeira,yes,no,"Exportando móveis, madeira e painéis com responsabilidade ambiental"
Pep Moveis E Madeira Ltda - Vacaria,https://pepmoveis.com/,2026-01-26T17:25:55.638351+00:00,,Produtos de madeira,Madeira,yes,no,"a madeira colhida é cuidadosamente classificada para ser utilizada como matéria-prima na fabricação dos móveis e produtos de madeira, todos produzidos pela própria PeP Móveis."
Pergaza - Passo Fundo,https://pergaza.com.br,2026-01-26T17:31:56.708461+00:00,Arauco,MDF MADEIRAL,MDF,yes,no,MDF MADEIRAL
Pergaza - Passo Fundo,https://pergaza.com.br,2026-01-26T17:31:56.708461+00:00,Arauco,MDF AZUL VEL,MDF,yes,no,MDF AZUL VEL
Pergaza - Passo Fundo,https://pergaza.com.br,2026-01-26T17:31:56.708461+00:00,Arauco,DURAPLAC BRANCO,,yes,no,DURAPLAC BRANCO
Pergaza - Passo Fundo,https://pergaza.com.br,2026-01-26T17:31:56.708461+00:00,Arauco,MDF NOGUEIRA,MDF,yes,no,MDF NOGUEIRA
Pergaza - Passo Fundo,https://pergaza.com.br,2026-01-26T17:31:56.708461+00:00,Arauco,MDF ABSOLUTO,MDF,yes,no,MDF ABSOLUTO
Pergaza - Passo Fundo,https://pergaza.com.br,2026-01-26T17:31:56.708461+00:00,Arauco,MDF AMENDOLA RUSTICA,MDF,yes,no,MDF AMENDOLA RUSTICA
Pr-Madeireira Mato Grosso Ltda - Torres,http://www.matogrossomadeireira.com.br/,2026-01-26T17:50:03.415425+00:00,Madeiramento,Muiracatiara,Muiracatiara,yes,no,Produtos
Pr-Madeireira Mato Grosso Ltda - Torres,http://www.matogrossomadeireira.com.br/,2026-01-26T17:50:03.415425+00:00,Madeiramento,Cambará,Cambará,yes,no,Produtos
Pr-Madeireira Mato Grosso Ltda - Torres,http://www.matogrossomadeireira.com.br/,2026-01-26T17:50:03.415425+00:00,Madeiramento,Eucalipto,Eucalipto,yes,no,Produtos
Pr-Madeireira Mato Grosso Ltda - Torres,http://www.matogrossomadeireira.com.br/,2026-01-26T17:50:03.415425+00:00,Madeiramento,Cedrinho Amescla,Cedrinho Amescla,yes,no,Produtos
Pr-Madeireira Mato Grosso Ltda - Torres,http://www.matogrossomadeireira.com.br/,2026-01-26T17:50:03.415425+00:00,Portas,Portas,"Lisas, Maciças",yes,no,Produtos
Pr-Madeireira Mato Grosso Ltda - Torres,http://www.matogrossomadeireira.com.br/,2026-01-26T17:50:03.415425+00:00,Portas,Lisas,Lisas,yes,no,Produtos
Pr-Madeireira Mato Grosso Ltda - Torres,http://www.matogrossomadeireira.com.br/,2026-01-26T17:50:03.415425+00:00,Portas,Maciças,Maciças,yes,no,Produtos
Pr-Madeireira Mato Grosso Ltda - Torres,http://www.matogrossomadeireira.com.br/,2026-01-26T17:50:03.415425+00:00,Forros e Lambris,Forros e Lambris,,yes,no,Produtos
Pr-Madeireira Mato Grosso Ltda - Torres,http://www.matogrossomadeireira.com.br/,2026-01-26T17:50:03.415425+00:00,Pisos de Madeira,Pisos de Madeira,wood,yes,no,Produtos
Pr-Madeireira Mato Grosso Ltda - Torres,http://www.matogrossomadeireira.com.br/,2026-01-26T17:50:03.415425+00:00,Batentes,Batentes,,yes,no,Produtos
Pr-Madeireira Mato Grosso Ltda - Torres,http://www.matogrossomadeireira.com.br/,2026-01-26T17:50:03.415425+00:00,Guarnições,Guarnições,,yes,no,Produtos
Rohden Madeiras Ltda. - Encruzilhada do Sul,https://rohden.com/,2026-01-26T18:35:02.606467+00:00,Portas de Madeira,Kit Porta Pronta,"Núcleo sólido, Borracha de vedação, Batentes robustos",yes,no,https://rohden.com/kit-porta-pronta/
Roloff Comercio De Tintas Ltda - Gramado,https://roloffgramado.com/,2026-01-26T18:44:05.086683+00:00,Madeira,Grápia ou Garapeira,Grápia ou Garapeira,yes,no,https://roloffgramado.com/madeira/
Roloff Comercio De Tintas Ltda - Gramado,https://roloffgramado.com/,2026-01-26T18:44:05.086683+00:00,Madeira,Pinheiro,Pinheiro,yes,no,https://roloffgramado.com/madeira/
Roloff Comercio De Tintas Ltda - Gramado,https://roloffgramado.com/,2026-01-26T18:44:05.086683+00:00,Madeira,Eucalipto,Eucalipto,yes,no,https://roloffgramado.com/madeira/
S C A - Bento Goncalves,https://www.sca.com.br/,2026-01-26T17:54:29.112081+00:00,,Laminados,"Laminados, madeirados",yes,no,Laminados
S C A - Bento Goncalves,https://www.sca.com.br/,2026-01-26T17:54:29.112081+00:00,,TS,"TS, acabamentos de madeira",yes,no,TS
S C A - Bento Goncalves,https://www.sca.com.br/,2026-01-26T17:54:29.112081+00:00,,Lâmina de madeira,Lâmina de madeira,yes,no,Lâmina de madeira
Santella Acessorios Para Moveis Ltda - Nova Padua,https://www.santellafix.com.br/,2026-01-26T17:47:45.835795+00:00,Cavilhas,Cavilhas de Eucalipto,Eucalipto,yes,no,Section 'Cavilhas de Eucalipto'
Trianon Industria E Comercio Ltda - Garibaldi,https://www.trianongroup.com.br,2026-01-26T17:33:56.339646+00:00,Barricas e Alternativos de Carvalho,Barricas e Alternativos de Carvalho,Carvalho,yes,no,Barricas e Alternativos de Carvalho
VL Garcia Industria De Artefatos De Madeira Ltda - Sao Francisco de Paula,https://vlgarcia.com.br/,2026-01-26T18:13:52.320729+00:00,Construção/Cercas,Cerca Americana,Madeira (implícito),yes,no,VL Garcia Matriz
VL Garcia Industria De Artefatos De Madeira Ltda - Sao Francisco de Paula,https://vlgarcia.com.br/,2026-01-26T18:13:52.320729+00:00,Embalagem/Logística,Pallets,Madeira (implícito),yes,no,VL Garcia Filial
Villa Imperial,https://www.villaimperial.com.br/,2026-01-26T18:10:09.589325+00:00,Material de Estrutura,Estrutura de madeira de eucalipto,Madeira de eucalipto,yes,no,Madeira de reflorestamento
Atelie Pisos E Revestimentos - Porto Alegre,https://atelierevestimentos.com.br/,2026-01-26T18:16:49.018495+00:00,Piso Vinílico,Evolve – Piso Vinílico SPC Singular.Floor,Not specified,no,no,Evolve – Piso Vinílico SPC Singular.Floor
Atelie Pisos E Revestimentos - Porto Alegre,https://atelierevestimentos.com.br/,2026-01-26T18:16:49.018495+00:00,Mantas Comerciais,Tarkett – Mantas Comerciais – Colado – Linha Decode – Coleção Agrego,Not specified,no,no,Tarkett – Mantas Comerciais – Colado – Linha Decode – Coleção Agrego
Atelie Pisos E Revestimentos - Porto Alegre,https://atelierevestimentos.com.br/,2026-01-26T18:16:49.018495+00:00,Rodapé,Eucafloor – Rodapé – Linha Acqua New 150mm,Not specified,no,no,Eucafloor – Rodapé – Linha Acqua New 150mm
Atelie Pisos E Revestimentos - Porto Alegre,https://atelierevestimentos.com.br/,2026-01-26T18:16:49.018495+00:00,Rodapé,Eucafloor – Rodapé – Linha Acqua New 100mm,Not specified,no,no,Eucafloor – Rodapé – Linha Acqua New 100mm
Atelie Pisos E Revestimentos - Porto Alegre,https://atelierevestimentos.com.br/,2026-01-26T18:16:49.018495+00:00,Rodapé,Eucafloor – Rodapé – Linha Acqua New 70mm,Not specified,no,no,Eucafloor – Rodapé – Linha Acqua New 70mm
Atelie Pisos E Revestimentos - Porto Alegre,https://atelierevestimentos.com.br/,2026-01-26T18:16:49.018495+00:00,Forro,Sonex – Forro – Forro Nexacustic Web,Not specified,no,no,Sonex – Forro – Forro Nexacustic Web
Atelie Pisos E Revestimentos - Porto Alegre,https://atelierevestimentos.com.br/,2026-01-26T18:16:49.018495+00:00,Forro,Sonex – Forro – Forro Nexacustic Storm,Not specified,no,no,Sonex – Forro – Forro Nexacustic Storm
Atelie Pisos E Revestimentos - Porto Alegre,https://atelierevestimentos.com.br/,2026-01-26T18:16:49.018495+00:00,Forro,Sonex – Forro – Forro Nexacustic Rain,Not specified,no,no,Sonex – Forro – Forro Nexacustic Rain
Atelie Pisos E Revestimentos - Porto Alegre,https://atelierevestimentos.com.br/,2026-01-26T18:16:49.018495+00:00,Revestimento de Parede,Sonex – Revestimento de Parede – Painel Nexacustic 64-32,Not specified,no,no,Sonex – Revestimento de Parede – Painel Nexacustic 64-32
Atelie Pisos E Revestimentos - Porto Alegre,https://atelierevestimentos.com.br/,2026-01-26T18:16:49.018495+00:00,Revestimento de Parede,Sonex – Revestimento de Parede – Painel Nexacustic 64-16,Not specified,no,no,Sonex – Revestimento de Parede – Painel Nexacustic 64-16
Atelie Pisos E Revestimentos - Porto Alegre,https://atelierevestimentos.com.br/,2026-01-26T18:16:49.018495+00:00,Carpetes,Carpete Residencial,Not specified,no,no,Carpete Residencial
Atelie Pisos E Revestimentos - Porto Alegre,https://atelierevestimentos.com.br/,2026-01-26T18:16:49.018495+00:00,Revestimentos,Vinílico de parede,Not specified,no,no,Vinílico de parede
Atelie Pisos E Revestimentos - Porto Alegre,https://atelierevestimentos.com.br/,2026-01-26T18:16:49.018495+00:00,Pisos,Piso LVT Residencial,Not specified,no,no,Piso LVT Residencial
Atelie Pisos E Revestimentos - Porto Alegre,https://atelierevestimentos.com.br/,2026-01-26T18:16:49.018495+00:00,Pisos,Piso LVT,Not specified,no,no,Piso LVT
Atelie Pisos E Revestimentos - Porto Alegre,https://atelierevestimentos.com.br/,2026-01-26T18:16:49.018495+00:00,Carpetes,Carpete Comercial,Not specified,no,no,Carpete Comercial
Atelie Pisos E Revestimentos - Porto Alegre,https://atelierevestimentos.com.br/,2026-01-26T18:16:49.018495+00:00,Not specified,Soluções em Coberturas,Not specified,no,no,Soluções em Coberturas
Atelie Pisos E Revestimentos - Porto Alegre,https://atelierevestimentos.com.br/,2026-01-26T18:16:49.018495+00:00,Cortinas/Persianas/Toldos,Toldos,Not specified,no,no,Toldos
Atelie Pisos E Revestimentos - Porto Alegre,https://atelierevestimentos.com.br/,2026-01-26T18:16:49.018495+00:00,Colas e Adesivos,Colas e Adesivos,Not specified,no,no,Colas e Adesivos
Atelie Pisos E Revestimentos - Porto Alegre,https://atelierevestimentos.com.br/,2026-01-26T18:16:49.018495+00:00,Carpetes,Carpetes,Not specified,no,no,Carpetes
Atelie Pisos E Revestimentos - Porto Alegre,https://atelierevestimentos.com.br/,2026-01-26T18:16:49.018495+00:00,Cortinas/Persianas/Toldos,Cortinas & Persianas,Not specified,no,no,Cortinas & Persianas
Atelie Pisos E Revestimentos - Porto Alegre,https://atelierevestimentos.com.br/,2026-01-26T18:16:49.018495+00:00,Drywall,Drywall,Not specified,no,no,Drywall
Atelie Pisos E Revestimentos - Porto Alegre,https://atelierevestimentos.com.br/,2026-01-26T18:16:49.018495+00:00,Ferramentas,Ferramentas,Not specified,no,no,Ferramentas
Atelie Pisos E Revestimentos - Porto Alegre,https://atelierevestimentos.com.br/,2026-01-26T18:16:49.018495+00:00,Forros,Forros,Not specified,no,no,Forros
Atelie Pisos E Revestimentos - Porto Alegre,https://atelierevestimentos.com.br/,2026-01-26T18:16:49.018495+00:00,Not specified,Louças e Metais,Not specified,no,no,Louças e Metais
Atelie Pisos E Revestimentos - Porto Alegre,https://atelierevestimentos.com.br/,2026-01-26T18:16:49.018495+00:00,Cortinas/Persianas/Toldos,Persianas e Cortinas,Not specified,no,no,Persianas e Cortinas
Atelie Pisos E Revestimentos - Porto Alegre,https://atelierevestimentos.com.br/,2026-01-26T18:16:49.018495+00:00,Revestimentos,Papel de Parede,Not specified,no,no,Papel de Parede
Atelie Pisos E Revestimentos - Porto Alegre,https://atelierevestimentos.com.br/,2026-01-26T18:16:49.018495+00:00,Pisos,Pisos,Not specified,no,no,Pisos
Atelie Pisos E Revestimentos - Porto Alegre,https://atelierevestimentos.com.br/,2026-01-26T18:16:49.018495+00:00,Placas Cimentícias,Placa Cimentícia,Not specified,no,no,Placa Cimentícia
Atelie Pisos E Revestimentos - Porto Alegre,https://atelierevestimentos.com.br/,2026-01-26T18:16:49.018495+00:00,Placas Acústicas,Placas Acústicas,Not specified,no,no,Placas Acústicas
Atelie Pisos E Revestimentos - Porto Alegre,https://atelierevestimentos.com.br/,2026-01-26T18:16:49.018495+00:00,Revestimentos,Revestimentos,Not specified,no,no,Revestimentos
Atelie Pisos E Revestimentos - Porto Alegre,https://atelierevestimentos.com.br/,2026-01-26T18:16:49.018495+00:00,Sem categoria,Sem categoria,Not specified,no,no,Sem categoria
Bigfer Madeiras Ltda. - Farroupilha,https://www.bigfer.com.br/,2026-01-26T18:42:10.657990+00:00,Corrediças,Corrediças,Not specified,no,no,https://www.bigfer.com.br/produtos-bigfer/
Bigfer Madeiras Ltda. - Farroupilha,https://www.bigfer.com.br/,2026-01-26T18:42:10.657990+00:00,Dobradiças,Dobradiças,Not specified,no,no,https://www.bigfer.com.br/produtos-bigfer/
Bigfer Madeiras Ltda. - Farroupilha,https://www.bigfer.com.br/,2026-01-26T18:42:10.657990+00:00,Ferragens em geral,Ferragens em geral,Not specified,no,no,https://www.bigfer.com.br/produtos-bigfer/
Bigfer Madeiras Ltda. - Farroupilha,https://www.bigfer.com.br/,2026-01-26T18:42:10.657990+00:00,Gabaritos,Gabaritos,Not specified,no,no,https://www.bigfer.com.br/produtos-bigfer/
Bigfer Madeiras Ltda. - Farroupilha,https://www.bigfer.com.br/,2026-01-26T18:42:10.657990+00:00,Peças Técnicas,Peças Técnicas,Not specified,no,no,https://www.bigfer.com.br/produtos-bigfer/
Bigfer Madeiras Ltda. - Farroupilha,https://www.bigfer.com.br/,2026-01-26T18:42:10.657990+00:00,Ponteiras e Acabamentos,Ponteiras e Acabamentos,Not specified,no,no,https://www.bigfer.com.br/produtos-bigfer/
Bigfer Madeiras Ltda. - Farroupilha,https://www.bigfer.com.br/,2026-01-26T18:42:10.657990+00:00,Puxadores,Puxadores,Not specified,no,no,https://www.bigfer.com.br/produtos-bigfer/
Bigfer Madeiras Ltda. - Farroupilha,https://www.bigfer.com.br/,2026-01-26T18:42:10.657990+00:00,Rodízios,Rodízios,Not specified,no,no,https://www.bigfer.com.br/produtos-bigfer/
Bigfer Madeiras Ltda. - Farroupilha,https://www.bigfer.com.br/,2026-01-26T18:42:10.657990+00:00,Sapatas,Sapatas,Not specified,no,no,https://www.bigfer.com.br/produtos-bigfer/
Bigfer Madeiras Ltda. - Farroupilha,https://www.bigfer.com.br/,2026-01-26T18:42:10.657990+00:00,Sistemas de fixação,Sistemas de fixação,Not specified,no,no,https://www.bigfer.com.br/produtos-bigfer/
Bigfer Madeiras Ltda. - Farroupilha,https://www.bigfer.com.br/,2026-01-26T18:42:10.657990+00:00,Sistemas e Articuladores,Sistemas e Articuladores,Not specified,no,no,https://www.bigfer.com.br/produtos-bigfer/
Bigfer Madeiras Ltda. - Farroupilha,https://www.bigfer.com.br/,2026-01-26T18:42:10.657990+00:00,Sistemas para Portas de Correr,Sistemas para Portas de Correr,Not specified,no,no,https://www.bigfer.com.br/produtos-bigfer/
Cofercan - Canoas,cofercan.com.br,2026-01-26T18:26:59.627130+00:00,,Ferro Cantoneira,Not specified,no,no,extracted_content_0.md
Cofercan - Canoas,cofercan.com.br,2026-01-26T18:26:59.627130+00:00,,Telha Trapezoidal 40 (TP40),Not specified,no,no,extracted_content_0.md
Cofercan - Canoas,cofercan.com.br,2026-01-26T18:26:59.627130+00:00,,Tubos Redondos,Not specified,no,no,extracted_content_0.md
Cofercan - Canoas,cofercan.com.br,2026-01-26T18:26:59.627130+00:00,,Vergalhão,Steel,no,no,extracted_content_0.md
Cofercan - Canoas,cofercan.com.br,2026-01-26T18:26:59.627130+00:00,,Telha Ondulada 17 (TO17),Not specified,no,no,extracted_content_0.md
Cofercan - Canoas,cofercan.com.br,2026-01-26T18:26:59.627130+00:00,,Tubos Quadrados,Not specified,no,no,extracted_content_0.md
Cofercan - Canoas,cofercan.com.br,2026-01-26T18:26:59.627130+00:00,,Viga I/U,Not specified,no,no,extracted_content_0.md
Cofercan - Canoas,cofercan.com.br,2026-01-26T18:26:59.627130+00:00,,Colunas,Not specified,no,no,extracted_content_0.md
Cofercan - Canoas,cofercan.com.br,2026-01-26T18:26:59.627130+00:00,,Ferro Chato SAE 1020/1045,Not specified,no,no,extracted_content_0.md
Cofercan - Canoas,cofercan.com.br,2026-01-26T18:26:59.627130+00:00,,Telha Termoacústica,Not specified,no,no,extracted_content_0.md
Cofercan - Canoas,cofercan.com.br,2026-01-26T18:26:59.627130+00:00,,Tubos Retangulares,Not specified,no,no,extracted_content_0.md
Cofercan - Canoas,cofercan.com.br,2026-01-26T18:26:59.627130+00:00,,Ferro quadrado maciço,Not specified,no,no,extracted_content_0.md
Cofercan - Canoas,cofercan.com.br,2026-01-26T18:26:59.627130+00:00,,Tela Soldada,Not specified,no,no,extracted_content_0.md
Cofercan - Canoas,cofercan.com.br,2026-01-26T18:26:59.627130+00:00,,Telha Trapezoidal 100 (TP100),Not specified,no,no,extracted_content_0.md
Cofercan - Canoas,cofercan.com.br,2026-01-26T18:26:59.627130+00:00,,Tubo condução NBR 5580/ 5590/ SCH40/ 80,Not specified,no,no,extracted_content_0.md
Cofercan - Canoas,cofercan.com.br,2026-01-26T18:26:59.627130+00:00,,"Ferro Redondo Maciço Laminado/Trefilado, 1020/1045",Not specified,no,no,extracted_content_0.md
Cofercan - Canoas,cofercan.com.br,2026-01-26T18:26:59.627130+00:00,,Telha Trapezoidal 35 (TP35),Not specified,no,no,extracted_content_0.md
Cofercan - Canoas,cofercan.com.br,2026-01-26T18:26:59.627130+00:00,,Treliças,"Aluminum, steel, and iron",no,no,extracted_content_0.md
Cofercan - Canoas,cofercan.com.br,2026-01-26T18:26:59.627130+00:00,,Arame,Not specified,no,no,extracted_content_0.md
Cofercan - Canoas,cofercan.com.br,2026-01-26T18:26:59.627130+00:00,,Perfil estrutural,Not specified,no,no,extracted_content_0.md
Cofercan - Canoas,cofercan.com.br,2026-01-26T18:26:59.627130+00:00,,Telha Pré-Pintada,"Steel coils treated with chemicals, coated with paint and protective film.",no,no,extracted_content_0.md
Cofercan - Canoas,cofercan.com.br,2026-01-26T18:26:59.627130+00:00,,Viga W,Not specified,no,no,extracted_content_0.md
Cofercan - Canoas,cofercan.com.br,2026-01-26T18:26:59.627130+00:00,,Cumeeira,Not specified,no,no,extracted_content_0.md
Cofercan - Canoas,cofercan.com.br,2026-01-26T18:26:59.627130+00:00,,Aços especiais SAE 4140/8620,Not specified,no,no,extracted_content_0.md
Cofercan - Canoas,cofercan.com.br,2026-01-26T18:26:59.627130+00:00,,Barra de Transferência,Not specified,no,no,extracted_content_0.md
Cofercan - Canoas,cofercan.com.br,2026-01-26T18:26:59.627130+00:00,,Chapas FF/ FQ/ Xadrez/ Galvanizada/ Galvalume/ Frisadas,Steel sheet,no,no,extracted_content_0.md
Cofercan - Canoas,cofercan.com.br,2026-01-26T18:26:59.627130+00:00,,Ferro Tee,Not specified,no,no,extracted_content_0.md
Cofercan - Canoas,cofercan.com.br,2026-01-26T18:26:59.627130+00:00,,Slitter / Rolo Calheiro,Not specified,no,no,extracted_content_0.md
Cofercan - Canoas,cofercan.com.br,2026-01-26T18:26:59.627130+00:00,,Tubo Caldeira,Not specified,no,no,extracted_content_0.md
Cofercan - Canoas,cofercan.com.br,2026-01-26T18:26:59.627130+00:00,,Tubo elíptico/ oblongo/ medidas especiais,Not specified,no,no,extracted_content_0.md
Cofercan Comercial De Ferros - Esteio,https://cofercan.com.br,2026-01-26T18:40:30.694674+00:00,,Ferro Cantoneira,Not mentioned,no,no,Ferro Cantoneira
Cofercan Comercial De Ferros - Esteio,https://cofercan.com.br,2026-01-26T18:40:30.694674+00:00,,Telha Trapezoidal 40 (TP40),Not mentioned,no,no,Telha Trapezoidal 40 (TP40)
Cofercan Comercial De Ferros - Esteio,https://cofercan.com.br,2026-01-26T18:40:30.694674+00:00,,Tubos Redondos,Not mentioned,no,no,Tubos Redondos
Cofercan Comercial De Ferros - Esteio,https://cofercan.com.br,2026-01-26T18:40:30.694674+00:00,,Vergalhão,Aço,no,no,Vergalhão
Cofercan Comercial De Ferros - Esteio,https://cofercan.com.br,2026-01-26T18:40:30.694674+00:00,,Telha Ondulada 17 (TO17),Not mentioned,no,no,Telha Ondulada 17 (TO17)
Cofercan Comercial De Ferros - Esteio,https://cofercan.com.br,2026-01-26T18:40:30.694674+00:00,,Tubos Quadrados,Not mentioned,no,no,Tubos Quadrados
Cofercan Comercial De Ferros - Esteio,https://cofercan.com.br,2026-01-26T18:40:30.694674+00:00,,Viga I/U,Not mentioned,no,no,Viga I/U
Cofercan Comercial De Ferros - Esteio,https://cofercan.com.br,2026-01-26T18:40:30.694674+00:00,,Colunas,Concreto armado,no,no,Colunas
Cofercan Comercial De Ferros - Esteio,https://cofercan.com.br,2026-01-26T18:40:30.694674+00:00,,Ferro Chato SAE 1020/1045,Ferro,no,no,Ferro Chato SAE 1020/1045
Cofercan Comercial De Ferros - Esteio,https://cofercan.com.br,2026-01-26T18:40:30.694674+00:00,,Telha Termoacústica,Not mentioned,no,no,Telha Termoacústica
Cofercan Comercial De Ferros - Esteio,https://cofercan.com.br,2026-01-26T18:40:30.694674+00:00,,Tubos Retangulares,Not mentioned,no,no,Tubos Retangulares
Cofercan Comercial De Ferros - Esteio,https://cofercan.com.br,2026-01-26T18:40:30.694674+00:00,,Ferro quadrado maciço,Ferro,no,no,Ferro quadrado maciço
Cofercan Comercial De Ferros - Esteio,https://cofercan.com.br,2026-01-26T18:40:30.694674+00:00,,Tela Soldada,Not mentioned,no,no,Tela Soldada
Cofercan Comercial De Ferros - Esteio,https://cofercan.com.br,2026-01-26T18:40:30.694674+00:00,,Telha Trapezoidal 100 (TP100),Not mentioned,no,no,Telha Trapezoidal 100 (TP100)
Cofercan Comercial De Ferros - Esteio,https://cofercan.com.br,2026-01-26T18:40:30.694674+00:00,,Tubo condução NBR 5580/ 5590/ SCH40/ 80,Not mentioned,no,no,Tubo condução NBR 5580/ 5590/ SCH40/ 80
Cofercan Comercial De Ferros - Esteio,https://cofercan.com.br,2026-01-26T18:40:30.694674+00:00,,"Ferro Redondo Maciço Laminado/Trefilado, 1020/1045",Ferro,no,no,"Ferro Redondo Maciço Laminado/Trefilado, 1020/1045"
Cofercan Comercial De Ferros - Esteio,https://cofercan.com.br,2026-01-26T18:40:30.694674+00:00,,Telha Trapezoidal 35 (TP35),Not mentioned,no,no,Telha Trapezoidal 35 (TP35)
Cofercan Comercial De Ferros - Esteio,https://cofercan.com.br,2026-01-26T18:40:30.694674+00:00,,Treliças,"Alumínio, Aço, Ferro",no,no,Treliças
Cofercan Comercial De Ferros - Esteio,https://cofercan.com.br,2026-01-26T18:40:30.694674+00:00,,Arame,Not mentioned,no,no,Arame
Cofercan Comercial De Ferros - Esteio,https://cofercan.com.br,2026-01-26T18:40:30.694674+00:00,,Perfil estrutural,Not mentioned,no,no,Perfil estrutural
Cofercan Comercial De Ferros - Esteio,https://cofercan.com.br,2026-01-26T18:40:30.694674+00:00,,Telha Pré-Pintada,Aço,no,no,Telha Pré-Pintada
Cofercan Comercial De Ferros - Esteio,https://cofercan.com.br,2026-01-26T18:40:30.694674+00:00,,Viga W,Concreto armado,no,no,Viga W
Cofercan Comercial De Ferros - Esteio,https://cofercan.com.br,2026-01-26T18:40:30.694674+00:00,,Cumeeira,Not mentioned,no,no,Cumeeira
Cofercan Comercial De Ferros - Esteio,https://cofercan.com.br,2026-01-26T18:40:30.694674+00:00,,Aços especiais SAE 4140/8620,Aço (ligado ao cromo e molibdênio),no,no,Aços especiais SAE 4140/8620
Cofercan Comercial De Ferros - Esteio,https://cofercan.com.br,2026-01-26T18:40:30.694674+00:00,,Barra de Transferência,Concreto,no,no,Barra de Transferência
Cofercan Comercial De Ferros - Esteio,https://cofercan.com.br,2026-01-26T18:40:30.694674+00:00,,Chapas FF/ FQ/ Xadrez/ Galvanizada/ Galvalume/ Frisadas,Aço,no,no,Chapas FF/ FQ/ Xadrez/ Galvanizada/ Galvalume/ Frisadas
Cofercan Comercial De Ferros - Esteio,https://cofercan.com.br,2026-01-26T18:40:30.694674+00:00,,Ferro Tee,Ferro,no,no,Ferro Tee
Cofercan Comercial De Ferros - Esteio,https://cofercan.com.br,2026-01-26T18:40:30.694674+00:00,,Slitter / Rolo Calheiro,Chapas,no,no,Slitter / Rolo Calheiro
Cofercan Comercial De Ferros - Esteio,https://cofercan.com.br,2026-01-26T18:40:30.694674+00:00,,Tubo Caldeira,Not mentioned,no,no,Tubo Caldeira
Cofercan Comercial De Ferros - Esteio,https://cofercan.com.br,2026-01-26T18:40:30.694674+00:00,,Tubo elíptico/ oblongo/ medidas especiais,Not mentioned,no,no,Tubo elíptico/ oblongo/ medidas especiais
Comabe - Passo Fundo,https://comabe.ind.br/,2026-01-26T18:30:32.484615+00:00,,Acabamento 3D Fiotto,,no,no,Acabamento 3D Fiotto
Comabe - Passo Fundo,https://comabe.ind.br/,2026-01-26T18:30:32.484615+00:00,,Acabamento para Tubo Cabideiro Oblongo,,no,no,Acabamento para Tubo Cabideiro Oblongo
Comabe - Passo Fundo,https://comabe.ind.br/,2026-01-26T18:30:32.484615+00:00,,Acabamento para Tubo Cabideiro Redondo,,no,no,Acabamento para Tubo Cabideiro Redondo
Comabe - Passo Fundo,https://comabe.ind.br/,2026-01-26T18:30:32.484615+00:00,,Acrilico Siliconizado Branco à Base de Água,"Acrilico, Silicone",no,no,Acrilico Siliconizado Branco à Bas…
Comabe - Passo Fundo,https://comabe.ind.br/,2026-01-26T18:30:32.484615+00:00,,Adaptador Angular para parafusadeira COMP/FLEX/90,,no,no,Adaptador Angular para parafusadei…
Comabe - Passo Fundo,https://comabe.ind.br/,2026-01-26T18:30:32.484615+00:00,Adegas,Adega Cube 3 Garrafas,,no,no,Adega Cube 3 Garrafas
Comabe - Passo Fundo,https://comabe.ind.br/,2026-01-26T18:30:32.484615+00:00,Adegas,Adega Deslizante para 9 garrafas,,no,no,Adega Deslizante para 9 garrafas
Comabe - Passo Fundo,https://comabe.ind.br/,2026-01-26T18:30:32.484615+00:00,Adegas,Adega para 4 Garrafas,,no,no,Adega para 4 Garrafas
Comabe - Passo Fundo,https://comabe.ind.br/,2026-01-26T18:30:32.484615+00:00,,Adesivo de contato KISAFIX 75g,,no,no,Adesivo de contato KISAFIX 75g
Comabe - Passo Fundo,https://comabe.ind.br/,2026-01-26T18:30:32.484615+00:00,,Amortecedor de Porta,"Borracha, Silicone",no,no,Amortecedor de Porta
Comabe - Passo Fundo,https://comabe.ind.br/,2026-01-26T18:30:32.484615+00:00,,Aparador de Grama 20V MAX* LI-ION BRUSHLESS,,no,no,Aparador de Grama 20V MAX* LI-ION …
Comabe - Passo Fundo,https://comabe.ind.br/,2026-01-26T18:30:32.484615+00:00,,Aplicador de Silicone,,no,no,Aplicador de Silicone
Comabe - Passo Fundo,https://comabe.ind.br/,2026-01-26T18:30:32.484615+00:00,,Arco de Serra K140,,no,no,Arco de Serra K140
Comabe - Passo Fundo,https://comabe.ind.br/,2026-01-26T18:30:32.484615+00:00,,Bandeja com Vidro Fumê,Vidro,no,no,Bandeja com Vidro Fumê
Comabe - Passo Fundo,https://comabe.ind.br/,2026-01-26T18:30:32.484615+00:00,Barra de Apoio,Barra de Apoio BA 8002,,no,no,Barra de Apoio BA 8002
Comabe - Passo Fundo,https://comabe.ind.br/,2026-01-26T18:30:32.484615+00:00,,Batente de Borracha para Portas,Borracha,no,no,Batente de Borracha para Portas
Comabe - Passo Fundo,https://comabe.ind.br/,2026-01-26T18:30:32.484615+00:00,,Batente de Silicone Redondo,Silicone,no,no,Batente de Silicone Redondo
Comabe - Passo Fundo,https://comabe.ind.br/,2026-01-26T18:30:32.484615+00:00,,Bateria LI-ION 6.0Ah 20V/60V MAX* FLEXVOLT™,,no,no,Bateria LI-ION 6.0Ah 20V/60V MAX* …
Comabe - Passo Fundo,https://comabe.ind.br/,2026-01-26T18:30:32.484615+00:00,,Botão de Acabamento Chanfrado com Rosca Interna,,no,no,Botão de Acabamento Chanfrado com …
Comabe - Passo Fundo,https://comabe.ind.br/,2026-01-26T18:30:32.484615+00:00,,Botão de Acabamento Chato com Rosca Interna,,no,no,Botão de Acabamento Chato com Rosc…
Comabe - Passo Fundo,https://comabe.ind.br/,2026-01-26T18:30:32.484615+00:00,,Botão de Acabamento Convexo com Rosca Interna,,no,no,Botão de Acabamento Convexo com Ro…
Comabe - Passo Fundo,https://comabe.ind.br/,2026-01-26T18:30:32.484615+00:00,,Botão de Acabamento Quadrado com Rosca Interna,,no,no,Botão de Acabamento Quadrado com R…
Comabe - Passo Fundo,https://comabe.ind.br/,2026-01-26T18:30:32.484615+00:00,,Botão Francês Frisado de Zamac para Vidro,"Zamac, Vidro",no,no,Botão Francês Frisado de Zamac par…
Comabe - Passo Fundo,https://comabe.ind.br/,2026-01-26T18:30:32.484615+00:00,,Botão Francês Liso de Zamac para Vidro,"Zamac, Vidro",no,no,Botão Francês Liso de Zamac para V…
Dal Mobile Ltda - Bento Goncalves,https://www.dalmobile.com.br/,2026-01-26T17:59:59.996272+00:00,,Only Glass,"Glass, subtle doors.",no,no,https://www.dalmobile.com.br/pt/linhas#openlong
Dal Mobile Ltda - Bento Goncalves,https://www.dalmobile.com.br/,2026-01-26T17:59:59.996272+00:00,,DVitro,"Glass, contemporary shapes and colors.",no,no,https://www.dalmobile.com.br/pt/linhas#openlong
Estobel - Industria De Estofados Ltda. - Farroupilha,https://www.estobel.com.br/,2026-01-26T18:28:46.826001+00:00,Terminal,Terminal em MDF,MDF,no,no,Acabamentos
Finger Ambientes Personalizados - Sarandi,https://finger.ind.br/,2026-01-26T17:56:00.556018+00:00,,armários para banheiro,Not specified,no,no,Quais são os melhores armários para banheiro? Veja como acertar
Matrezan - Serafina Correa,https://matrezan.com.br/,2026-01-26T17:46:11.470849+00:00,Cães e Gatos,Cães e Gatos,,no,no,Navigated to https://matrezan.com.br/catalogos/
Miranti Moveis Para Escritorio - Caxias do Sul,https://www.miranti.com.br,2026-01-26T18:13:19.436296+00:00,Linhas de Produto,Steel Line,,no,no,Steel Line
Miranti Moveis Para Escritorio - Caxias do Sul,https://www.miranti.com.br,2026-01-26T18:13:19.436296+00:00,Tipos de Produto,Arquivos Deslizantes,,no,no,Arquivos Deslizantes
Miranti Moveis Para Escritorio - Caxias do Sul,https://www.miranti.com.br,2026-01-26T18:13:19.436296+00:00,Tipos de Produto,Produtos em Aço,,no,no,Produtos em Aço
Miranti Moveis Para Escritorio - Caxias do Sul,https://www.miranti.com.br,2026-01-26T18:13:19.436296+00:00,Tipos de Produto,Arquivamento,,no,no,Arquivamento
Moveis Caloma Ltda - Novo Hamburgo,http://moveiscaloma.com.br/,2026-01-26T18:33:37.141022+00:00,COZINHAS,Linha Girassol,,no,no,Linha Girassol
Moveis Caloma Ltda - Novo Hamburgo,http://moveiscaloma.com.br/,2026-01-26T18:33:37.141022+00:00,COZINHAS,Linha Magnólia,,no,no,Linha Magnólia
Moveis Caloma Ltda - Novo Hamburgo,http://moveiscaloma.com.br/,2026-01-26T18:33:37.141022+00:00,COZINHAS,Linha Melissa,,no,no,Linha Melissa
Moveis Caloma Ltda - Novo Hamburgo,http://moveiscaloma.com.br/,2026-01-26T18:33:37.141022+00:00,DORMITÓRIOS,Linha Esmeralda,,no,no,Linha Esmeralda
Moveis Sular - Caxias do Sul,https://sular.com.br,2026-01-26T17:30:33.815874+00:00,Presidência,IO,,no,no,Mobiliário
Moveis Sular - Caxias do Sul,https://sular.com.br,2026-01-26T17:30:33.815874+00:00,Diretoria,Matisse,,no,no,Mobiliário
Moveis Sular - Caxias do Sul,https://sular.com.br,2026-01-26T17:30:33.815874+00:00,Diretoria,XP40,,no,no,Mobiliário
Moveis Sular - Caxias do Sul,https://sular.com.br,2026-01-26T17:30:33.815874+00:00,"Operacional, Gerência (Executive)",Q7,,no,no,Mobiliário
Moveis Sular - Caxias do Sul,https://sular.com.br,2026-01-26T17:30:33.815874+00:00,Operacional,Q5,,no,no,Mobiliário
Moveis Sular - Caxias do Sul,https://sular.com.br,2026-01-26T17:30:33.815874+00:00,Operacional,Miro,,no,no,Mobiliário
Moveis Sular - Caxias do Sul,https://sular.com.br,2026-01-26T17:30:33.815874+00:00,Operacional,Unika,,no,no,Mobiliário
Moveis Sular - Caxias do Sul,https://sular.com.br,2026-01-26T17:30:33.815874+00:00,Recepção,Balcões de recepção,,no,no,Mobiliário
Moveis Sular - Caxias do Sul,https://sular.com.br,2026-01-26T17:30:33.815874+00:00,Reunião,Mesas de reunião,,no,no,Mobiliário
Moveis Sular - Caxias do Sul,https://sular.com.br,2026-01-26T17:30:33.815874+00:00,Operacional,Dubai,,no,no,Mobiliário
Moveis Sular - Caxias do Sul,https://sular.com.br,2026-01-26T17:30:33.815874+00:00,Operacional,Call Center,,no,no,Mobiliário
Moveis Sular - Caxias do Sul,https://sular.com.br,2026-01-26T17:30:33.815874+00:00,Diretoria,Personal,,no,no,Mobiliário
Moveis Sular - Caxias do Sul,https://sular.com.br,2026-01-26T17:30:33.815874+00:00,,Kiklos,,no,no,Mobiliário
Moveis Sular - Caxias do Sul,https://sular.com.br,2026-01-26T17:30:33.815874+00:00,,Lúdicos,,no,no,Mobiliário
Pr-Madeireira Mato Grosso Ltda - Torres,http://www.matogrossomadeireira.com.br/,2026-01-26T17:50:03.415425+00:00,Portões,Portões,,no,no,Produtos
Pr-Madeireira Mato Grosso Ltda - Torres,http://www.matogrossomadeireira.com.br/,2026-01-26T17:50:03.415425+00:00,Telhas,Telhas,,no,no,Produtos
Pr-Madeireira Mato Grosso Ltda - Torres,http://www.matogrossomadeireira.com.br/,2026-01-26T17:50:03.415425+00:00,Ferramentas,Ferramentas,,no,no,Produtos
Pr-Madeireira Mato Grosso Ltda - Torres,http://www.matogrossomadeireira.com.br/,2026-01-26T17:50:03.415425+00:00,Acessórios,Acessórios,,no,no,Produtos
Pr-Madeireira Mato Grosso Ltda - Torres,http://www.matogrossomadeireira.com.br/,2026-01-26T17:50:03.415425+00:00,Janelas,Janelas,,no,no,Produtos
Pr-Madeireira Mato Grosso Ltda - Torres,http://www.matogrossomadeireira.com.br/,2026-01-26T17:50:03.415425+00:00,Ferragens,Ferragens,,no,no,Produtos
Pr-Madeireira Mato Grosso Ltda - Torres,http://www.matogrossomadeireira.com.br/,2026-01-26T17:50:03.415425+00:00,Chapas,Chapas,,no,no,Produtos
Quidita Moveis Ltda - Bento Goncalves,quiditamoveis.com.br,2026-01-26T18:13:12.094196+00:00,Racks,Rack 2090 Grafite com Fumê,,no,no,Rack 2090 Grafite com Fumê
Quidita Moveis Ltda - Bento Goncalves,quiditamoveis.com.br,2026-01-26T18:13:12.094196+00:00,Racks,Rack 2090 Montana com Fumê,,no,no,Rack 2090 Montana com Fumê
Quidita Moveis Ltda - Bento Goncalves,quiditamoveis.com.br,2026-01-26T18:13:12.094196+00:00,Racks,Rack 2095 Fumê com Grafite,,no,no,Rack 2095 Fumê com Grafite
Quidita Moveis Ltda - Bento Goncalves,quiditamoveis.com.br,2026-01-26T18:13:12.094196+00:00,Racks,Rack 2095 Fumê com Montana,,no,no,Rack 2095 Fumê com Montana
Quidita Moveis Ltda - Bento Goncalves,quiditamoveis.com.br,2026-01-26T18:13:12.094196+00:00,Racks,Rack 2091 Grafite com Fumê,,no,no,Rack 2091 Grafite com Fumê
Quidita Moveis Ltda - Bento Goncalves,quiditamoveis.com.br,2026-01-26T18:13:12.094196+00:00,Racks,Rack 2091 Montana com Fumê,,no,no,Rack 2091 Montana com Fumê
Quidita Moveis Ltda - Bento Goncalves,quiditamoveis.com.br,2026-01-26T18:13:12.094196+00:00,Racks,Rack 2096 Fumê com Grafite,,no,no,Rack 2096 Fumê com Grafite
Quidita Moveis Ltda - Bento Goncalves,quiditamoveis.com.br,2026-01-26T18:13:12.094196+00:00,Racks,Rack 2096 Fumê com Montana,,no,no,Rack 2096 Fumê com Montana
Rondosul Industria De Esquadrias E Transportes Ltda - Cotipora,https://www.rondosul.com.br/,2026-01-26T17:21:58.568832+00:00,Janelas,Janela EWK G990,,no,no,Product list
Rondosul Industria De Esquadrias E Transportes Ltda - Cotipora,https://www.rondosul.com.br/,2026-01-26T17:21:58.568832+00:00,Janelas,Janela EWK 230,,no,no,Product list
Rondosul Industria De Esquadrias E Transportes Ltda - Cotipora,https://www.rondosul.com.br/,2026-01-26T17:21:58.568832+00:00,Janelas,Janela EWK 220,,no,no,Product list
Rondosul Industria De Esquadrias E Transportes Ltda - Cotipora,https://www.rondosul.com.br/,2026-01-26T17:21:58.568832+00:00,Janelas,Janela EWK 210,,no,no,Product list
Rondosul Industria De Esquadrias E Transportes Ltda - Cotipora,https://www.rondosul.com.br/,2026-01-26T17:21:58.568832+00:00,Janelas,Janela EWK 200,,no,no,Product list
Rondosul Industria De Esquadrias E Transportes Ltda - Cotipora,https://www.rondosul.com.br/,2026-01-26T17:21:58.568832+00:00,Janelas,Janela EWK 260,,no,no,Product list
Rondosul Industria De Esquadrias E Transportes Ltda - Cotipora,https://www.rondosul.com.br/,2026-01-26T17:21:58.568832+00:00,Janelas,Janela EWK 372,,no,no,Product list
Rondosul Industria De Esquadrias E Transportes Ltda - Cotipora,https://www.rondosul.com.br/,2026-01-26T17:21:58.568832+00:00,Janelas,Janela EWK 362,,no,no,Product list
Rondosul Industria De Esquadrias E Transportes Ltda - Cotipora,https://www.rondosul.com.br/,2026-01-26T17:21:58.568832+00:00,Janelas,Janela EWK 376,,no,no,Product list
Rondosul Industria De Esquadrias E Transportes Ltda - Cotipora,https://www.rondosul.com.br/,2026-01-26T17:21:58.568832+00:00,Janelas,Janela EWK 130,,no,no,Product list
Rondosul Industria De Esquadrias E Transportes Ltda - Cotipora,https://www.rondosul.com.br/,2026-01-26T17:21:58.568832+00:00,Janelas,Janela ANG 270,,no,no,Product list
Rondosul Industria De Esquadrias E Transportes Ltda - Cotipora,https://www.rondosul.com.br/,2026-01-26T17:21:58.568832+00:00,Janelas,Janela ANG 260,,no,no,Product list
Rondosul Industria De Esquadrias E Transportes Ltda - Cotipora,https://www.rondosul.com.br/,2026-01-26T17:21:58.568832+00:00,Janelas,Janela ANG 710,,no,no,Product list
Rondosul Industria De Esquadrias E Transportes Ltda - Cotipora,https://www.rondosul.com.br/,2026-01-26T17:21:58.568832+00:00,Janelas,Janela ANG 700,,no,no,Product list
Rondosul Industria De Esquadrias E Transportes Ltda - Cotipora,https://www.rondosul.com.br/,2026-01-26T17:21:58.568832+00:00,Janelas,Janela ANG 372,,no,no,Product list
Rondosul Industria De Esquadrias E Transportes Ltda - Cotipora,https://www.rondosul.com.br/,2026-01-26T17:21:58.568832+00:00,Janelas,Janela ANG 362,,no,no,Product list
Rondosul Industria De Esquadrias E Transportes Ltda - Cotipora,https://www.rondosul.com.br/,2026-01-26T17:21:58.568832+00:00,Janelas,Janela EWK 140,,no,no,Product list
Rondosul Industria De Esquadrias E Transportes Ltda - Cotipora,https://www.rondosul.com.br/,2026-01-26T17:21:58.568832+00:00,Janelas,Janela EWK 360,,no,no,Product list
Rondosul Industria De Esquadrias E Transportes Ltda - Cotipora,https://www.rondosul.com.br/,2026-01-26T17:21:58.568832+00:00,Janelas,Janela EWK 150,,no,no,Product list
Rondosul Industria De Esquadrias E Transportes Ltda - Cotipora,https://www.rondosul.com.br/,2026-01-26T17:21:58.568832+00:00,Janelas,Janela ANG 360,,no,no,Product list
Rondosul Industria De Esquadrias E Transportes Ltda - Cotipora,https://www.rondosul.com.br/,2026-01-26T17:21:58.568832+00:00,Janelas,Janela EWK 370,,no,no,Product list
Rondosul Industria De Esquadrias E Transportes Ltda - Cotipora,https://www.rondosul.com.br/,2026-01-26T17:21:58.568832+00:00,Janelas,Janela EWK 270,,no,no,Product list
Rondosul Industria De Esquadrias E Transportes Ltda - Cotipora,https://www.rondosul.com.br/,2026-01-26T17:21:58.568832+00:00,Janelas,Janela EWK 366,,no,no,Product list
Rondosul Industria De Esquadrias E Transportes Ltda - Cotipora,https://www.rondosul.com.br/,2026-01-26T17:21:58.568832+00:00,Janelas e Portas,Janelas e Portas Janelas,,no,no,Product list
Rondosul Industria De Esquadrias E Transportes Ltda - Cotipora,https://www.rondosul.com.br/,2026-01-26T17:21:58.568832+00:00,Portas,Portas,,no,no,Product list
Rondosul Industria De Esquadrias E Transportes Ltda - Cotipora,https://www.rondosul.com.br/,2026-01-26T17:21:58.568832+00:00,Outros,Outros,,no,no,Product list
Sul Modulos - Porto Alegre,https://sulmodulos.com.br/,2026-01-26T18:24:16.226684+00:00,Divisórias,Divisórias,"Eucatex, PVC com Alumínio, Gesso Acartonado",no,no,Divisórias section
Sul Modulos - Porto Alegre,https://sulmodulos.com.br/,2026-01-26T18:24:16.226684+00:00,Forros Modulares,Forros Modulares,"Isopor EPS, Mineral, PVC Modular, Lã de Vidro e PET, Gesso",no,no,Forros Modulares section
Sul Modulos - Porto Alegre,https://sulmodulos.com.br/,2026-01-26T18:24:16.226684+00:00,Isolamentos,Isolamentos Termo-Acústicos,"Lãs de Vidro, PET e Rocha, espumas",no,no,Isolamentos Termo-Acústicos section
Sul Modulos - Porto Alegre,https://sulmodulos.com.br/,2026-01-26T18:24:16.226684+00:00,Pisos Vinílicos,Pisos Vinílicos,"LVT, SPC, Mantas e Placas",no,no,Pisos Vinílicos section
Sul Modulos - Porto Alegre,https://sulmodulos.com.br/,2026-01-26T18:24:16.226684+00:00,Carpetes Comerciais,Carpetes Comerciais,Carpetes,no,no,Carpetes Comerciais section
Sul Modulos - Porto Alegre,https://sulmodulos.com.br/,2026-01-26T18:24:16.226684+00:00,Tapumes,Tapumes,"Fibrocimento, OSB",no,no,Tapumes section
Sul Modulos - Porto Alegre,https://sulmodulos.com.br/,2026-01-26T18:24:16.226684+00:00,Mezaninos,Mezaninos,"Painel Wall, Placa Piso em Fibrocimento e OSB APA Plus Estrutural",no,no,Mezaninos section
Sul Modulos - Porto Alegre,https://sulmodulos.com.br/,2026-01-26T18:24:16.226684+00:00,Ferramentas,Ferramentas,Máquinas Dewalt e Stanley,no,no,Ferramentas section
Sul Modulos - Porto Alegre,https://sulmodulos.com.br/,2026-01-26T18:24:16.226684+00:00,Revestimentos Externos,Revestimentos Externos,"Fibrocimento, Cimentícias, Drywall, OSB, EIFS Térmico",no,no,Revestimentos Externos section
Sul Modulos - Porto Alegre,https://sulmodulos.com.br/,2026-01-26T18:24:16.226684+00:00,Portas Internas,Portas Internas,"Drywall, Alvenaria, Eucatex, PVC, Sanfonadas",no,no,Portas Internas section
Sul Modulos - Porto Alegre,https://sulmodulos.com.br/,2026-01-26T18:24:16.226684+00:00,Rodapés,Rodapés,Poliestireno,no,no,Rodapés section
Sul Modulos - Porto Alegre,https://sulmodulos.com.br/,2026-01-26T18:24:16.226684+00:00,Drywall,Drywall,Drywall,no,no,Drywall section
Sul Modulos - Porto Alegre,https://sulmodulos.com.br/,2026-01-26T18:24:16.226684+00:00,Telhas Shingle,Telhas Shingle,Telhas Shingle,no,no,Telhas Shingle section
Sul Modulos - Porto Alegre,https://sulmodulos.com.br/,2026-01-26T18:24:16.226684+00:00,Steel Frame,Steel Frame,Aço galvanizado,no,no,Steel Frame section
Tecnomobili,https://tecnomobili.ind.br/pt/,2026-01-26T17:54:09.382198+00:00,Linha Office,ME4189,,no,no,tecnomobili.ind.br/pt/produto/
Tecnomobili,https://tecnomobili.ind.br/pt/,2026-01-26T17:54:09.382198+00:00,Linha Office,ME4187,,no,no,tecnomobili.ind.br/pt/produto/
Tecnomobili,https://tecnomobili.ind.br/pt/,2026-01-26T17:54:09.382198+00:00,Linha Office,ME4185,,no,no,tecnomobili.ind.br/pt/produto/
Tecnomobili,https://tecnomobili.ind.br/pt/,2026-01-26T17:54:09.382198+00:00,Linha Office,ME4183,,no,no,tecnomobili.ind.br/pt/produto/
Tecnomobili,https://tecnomobili.ind.br/pt/,2026-01-26T17:54:09.382198+00:00,Linha Office,ME4182,,no,no,tecnomobili.ind.br/pt/produto/
Tecnomobili,https://tecnomobili.ind.br/pt/,2026-01-26T17:54:09.382198+00:00,Linha Office,ME4181,,no,no,tecnomobili.ind.br/pt/produto/
Tecnomobili,https://tecnomobili.ind.br/pt/,2026-01-26T17:54:09.382198+00:00,Linha Office,ME4174,,no,no,tecnomobili.ind.br/pt/produto/
Tecnomobili,https://tecnomobili.ind.br/pt/,2026-01-26T17:54:09.382198+00:00,Linha Office,ME4173,,no,no,tecnomobili.ind.br/pt/produto/
Tecnomobili,https://tecnomobili.ind.br/pt/,2026-01-26T17:54:09.382198+00:00,Linha Office,E1720,,no,no,tecnomobili.ind.br/pt/produto/
Tecnomobili,https://tecnomobili.ind.br/pt/,2026-01-26T17:54:09.382198+00:00,Linha Office,E1715,,no,no,tecnomobili.ind.br/pt/produto/
Tecnomobili,https://tecnomobili.ind.br/pt/,2026-01-26T17:54:09.382198+00:00,Linha Office,ME4163,,no,no,tecnomobili.ind.br/pt/produto/
Tecnomobili,https://tecnomobili.ind.br/pt/,2026-01-26T17:54:09.382198+00:00,Linha Office,ME4171,,no,no,tecnomobili.ind.br/pt/produto/
Tecnomobili,https://tecnomobili.ind.br/pt/,2026-01-26T17:54:09.382198+00:00,Linha Office,ME4170,,no,no,tecnomobili.ind.br/pt/produto/
Tecnomobili,https://tecnomobili.ind.br/pt/,2026-01-26T17:54:09.382198+00:00,Linha Office,ME4169,,no,no,tecnomobili.ind.br/pt/produto/
Tecnomobili,https://tecnomobili.ind.br/pt/,2026-01-26T17:54:09.382198+00:00,Linha Office,ME4168,,no,no,tecnomobili.ind.br/pt/produto/
Tecnomobili,https://tecnomobili.ind.br/pt/,2026-01-26T17:54:09.382198+00:00,Linha Office,ME4165,,no,no,tecnomobili.ind.br/pt/produto/
Tecnomobili,https://tecnomobili.ind.br/pt/,2026-01-26T17:54:09.382198+00:00,Linha Office,ME4160,,no,no,tecnomobili.ind.br/pt/produto/
Tecnomobili,https://tecnomobili.ind.br/pt/,2026-01-26T17:54:09.382198+00:00,Linha Office,ME4158,,no,no,tecnomobili.ind.br/pt/produto/
Tecnomobili,https://tecnomobili.ind.br/pt/,2026-01-26T17:54:09.382198+00:00,Linha Office,ME4157,,no,no,tecnomobili.ind.br/pt/produto/
Tecnomobili,https://tecnomobili.ind.br/pt/,2026-01-26T17:54:09.382198+00:00,Linha Office,ME4156,,no,no,tecnomobili.ind.br/pt/produto/
Tecnomobili,https://tecnomobili.ind.br/pt/,2026-01-26T17:54:09.382198+00:00,Linha Office,ME4154,,no,no,tecnomobili.ind.br/pt/produto/
Tecnomobili,https://tecnomobili.ind.br/pt/,2026-01-26T17:54:09.382198+00:00,Linha Office,ME4155,,no,no,tecnomobili.ind.br/pt/produto/
Trianon Industria E Comercio Ltda - Garibaldi,https://www.trianongroup.com.br,2026-01-26T17:33:56.339646+00:00,Rolhas para Vinhos e espumantes,Rolha de Cortiça Natural,Cortiça,no,no,Rolhas para Vinhos e espumantes
Trianon Industria E Comercio Ltda - Garibaldi,https://www.trianongroup.com.br,2026-01-26T17:33:56.339646+00:00,Rolhas para Vinhos e espumantes,Rolha de Cortiça Natural Colmatada,Cortiça,no,no,Rolhas para Vinhos e espumantes
Trianon Industria E Comercio Ltda - Garibaldi,https://www.trianongroup.com.br,2026-01-26T17:33:56.339646+00:00,Rolhas para Vinhos e espumantes,Rolha Técnica de Cortiça 1+1,Cortiça,no,no,Rolhas para Vinhos e espumantes
Trianon Industria E Comercio Ltda - Garibaldi,https://www.trianongroup.com.br,2026-01-26T17:33:56.339646+00:00,Rolhas para Vinhos e espumantes,Rolha de Cortiça Micro Aglomerada,Cortiça,no,no,Rolhas para Vinhos e espumantes
Trianon Industria E Comercio Ltda - Garibaldi,https://www.trianongroup.com.br,2026-01-26T17:33:56.339646+00:00,Rolhas para Vinhos e espumantes,Rolha de Cortiça Aglomerada,Cortiça,no,no,Rolhas para Vinhos e espumantes
Trianon Industria E Comercio Ltda - Garibaldi,https://www.trianongroup.com.br,2026-01-26T17:33:56.339646+00:00,Rolhas para Vinhos e espumantes,Rolha de Cortiça Aglomerada com 2 Discos Naturais,Cortiça,no,no,Rolhas para Vinhos e espumantes
Trianon Industria E Comercio Ltda - Garibaldi,https://www.trianongroup.com.br,2026-01-26T17:33:56.339646+00:00,Rolhas para Vinhos e espumantes,Rolha de Cortiça Micro Aglomerada sem Discos,Cortiça,no,no,Rolhas para Vinhos e espumantes
Trianon Industria E Comercio Ltda - Garibaldi,https://www.trianongroup.com.br,2026-01-26T17:33:56.339646+00:00,Rolhas para Vinhos e espumantes,Rolha de Cortiça Aglomerada sem Discos,Cortiça,no,no,Rolhas para Vinhos e espumantes
Trianon Industria E Comercio Ltda - Garibaldi,https://www.trianongroup.com.br,2026-01-26T17:33:56.339646+00:00,Cápsulas e Screwcaps para vinhos,Cápsulas para Vinho em PVC,PVC,no,no,Cápsulas e Screwcaps para vinhos
Trianon Industria E Comercio Ltda - Garibaldi,https://www.trianongroup.com.br,2026-01-26T17:33:56.339646+00:00,Cápsulas e Screwcaps para vinhos,Cápsulas para Vinho em Complex (Alupoli),Complex (Alupoli),no,no,Cápsulas e Screwcaps para vinhos
Trianon Industria E Comercio Ltda - Garibaldi,https://www.trianongroup.com.br,2026-01-26T17:33:56.339646+00:00,Cápsulas e Screwcaps para vinhos,Cápsulas para Vinho em Estanho,Estanho,no,no,Cápsulas e Screwcaps para vinhos
Trianon Industria E Comercio Ltda - Garibaldi,https://www.trianongroup.com.br,2026-01-26T17:33:56.339646+00:00,Cápsulas e Screwcaps para vinhos,Tampas De Alumínio Com Rosca (Screwcap),Alumínio,no,no,Cápsulas e Screwcaps para vinhos
Trianon Industria E Comercio Ltda - Garibaldi,https://www.trianongroup.com.br,2026-01-26T17:33:56.339646+00:00,"Gabietas, cápsulas e Tampas de espumante",Gabietas,,no,no,"Gabietas, cápsulas e Tampas de espumante"
Trianon Industria E Comercio Ltda - Garibaldi,https://www.trianongroup.com.br,2026-01-26T17:33:56.339646+00:00,Esferas de Concreto,Esferas de Concreto,Concreto leve,no,no,Esferas de Concreto
Villa Imperial,https://www.villaimperial.com.br/,2026-01-26T18:10:09.589325+00:00,Fechamento Externo,Chapa de MDF 3 mm,MDF,no,no,Madeira de reflorestamento
